{
  "type": "FeatureCollection",
  "name": "buildings",
  "crs": {
    "type": "name",
    "properties": {
      "name": "urn:ogc:def:crs:OGC:1.3:CRS84"
    }
  },
  "metadata": {
    "fixture": false,
    "official_data": true,
    "source": "NYC Open Data — BUILDING",
    "publisher": "NYC Office of Technology and Innovation (OTI)",
    "dataset_id": "5zhs-2jue",
    "dataset_url": "https://data.cityofnewyork.us/d/5zhs-2jue",
    "api_query_url": "https://data.cityofnewyork.us/resource/5zhs-2jue.geojson?%24select=the_geom%2Cbin%2Cdoitt_id%2Cconstruction_year%2Cfeature_code%2Cgeom_source%2Cground_elevation%2Cheight_roof%2Clast_edited_date%2Cobjectid&%24where=within_box%28the_geom%2C40.711%2C-74.013%2C40.706%2C-74.007%29&%24order=objectid+ASC&%24limit=500",
    "source_updated_at": "2026-08-23T13:15:06Z",
    "snapshot_date": "2026-08-27",
    "spatial_filter": {
      "north": 40.711,
      "west": -74.013,
      "south": 40.706,
      "east": -74.007
    },
    "coordinate_reference_system": "OGC:CRS84",
    "terms": "NYC Open Data Terms of Use",
    "terms_url": "https://opendata.cityofnewyork.us/overview/#termsofuse",
    "processing": "Fixed within_box query; selected official fields; numeric strings normalized; geometry unchanged."
  },
  "features": [
    {
      "type": "Feature",
      "id": "nyc-building-9804",
      "properties": {
        "object_id": 9804,
        "bin": "1001069",
        "doitt_id": 658930,
        "construction_year": 1973,
        "feature_code": 2100,
        "geometry_source": "Photogrammetric",
        "ground_elevation_ft": 28,
        "height_roof_ft": 447.62,
        "last_edited_date": "2017-08-22T18:35:31.000Z"
      },
      "geometry": {
        "type": "MultiPolygon",
        "coordinates": [
          [
            [
              [
                -74.010128548967,
                40.710639711226
              ],
              [
                -74.010296953461,
                40.71042473079
              ],
              [
                -74.010521171251,
                40.710138499277
              ],
              [
                -74.010708403037,
                40.710223426317
              ],
              [
                -74.01087955407,
                40.710301058633
              ],
              [
                -74.010629453193,
                40.710620335683
              ],
              [
                -74.010652552578,
                40.710630812794
              ],
              [
                -74.010509686185,
                40.710812591376
              ],
              [
                -74.010375155037,
                40.710751569648
              ],
              [
                -74.010128548967,
                40.710639711226
              ]
            ]
          ]
        ]
      }
    },
    {
      "type": "Feature",
      "id": "nyc-building-10009",
      "properties": {
        "object_id": 10009,
        "bin": "1001103",
        "doitt_id": 339803,
        "construction_year": 1900,
        "feature_code": 2100,
        "geometry_source": "Photogrammetric",
        "ground_elevation_ft": 31,
        "height_roof_ft": 169.96,
        "last_edited_date": "2017-08-22T18:02:33.000Z"
      },
      "geometry": {
        "type": "MultiPolygon",
        "coordinates": [
          [
            [
              [
                -74.008979733234,
                40.709852285355
              ],
              [
                -74.009074971079,
                40.709745407025
              ],
              [
                -74.009091177491,
                40.709727220824
              ],
              [
                -74.009113215571,
                40.709734512321
              ],
              [
                -74.009130678408,
                40.709757163294
              ],
              [
                -74.009126785642,
                40.709761455439
              ],
              [
                -74.009105757597,
                40.709784639863
              ],
              [
                -74.009206492752,
                40.709854636682
              ],
              [
                -74.009125035874,
                40.709954987123
              ],
              [
                -74.008979733234,
                40.709852285355
              ]
            ]
          ]
        ]
      }
    },
    {
      "type": "Feature",
      "id": "nyc-building-48133",
      "properties": {
        "object_id": 48133,
        "bin": "1000816",
        "doitt_id": 416984,
        "construction_year": 1956,
        "feature_code": 2100,
        "geometry_source": "Other (Manual)",
        "ground_elevation_ft": 18,
        "height_roof_ft": 347,
        "last_edited_date": "2017-08-22T18:57:39.000Z"
      },
      "geometry": {
        "type": "MultiPolygon",
        "coordinates": [
          [
            [
              [
                -74.011146473582,
                40.706665079217
              ],
              [
                -74.011137728187,
                40.706661810307
              ],
              [
                -74.011133586255,
                40.706660261828
              ],
              [
                -74.011193551549,
                40.706567360145
              ],
              [
                -74.011250076446,
                40.706479787093
              ],
              [
                -74.011265762138,
                40.706455485255
              ],
              [
                -74.01129140412,
                40.706415759378
              ],
              [
                -74.011318654978,
                40.706373540721
              ],
              [
                -74.011322173276,
                40.706368090479
              ],
              [
                -74.011747218714,
                40.706551488377
              ],
              [
                -74.011784969928,
                40.706567777472
              ],
              [
                -74.011783579913,
                40.706570055008
              ],
              [
                -74.011678978412,
                40.706741500546
              ],
              [
                -74.011588981722,
                40.70688900622
              ],
              [
                -74.011340192134,
                40.706800972689
              ],
              [
                -74.011366978694,
                40.706762435359
              ],
              [
                -74.011146473582,
                40.706665079217
              ]
            ]
          ]
        ]
      }
    },
    {
      "type": "Feature",
      "id": "nyc-building-48949",
      "properties": {
        "object_id": 48949,
        "bin": "1001007",
        "doitt_id": 671705,
        "construction_year": 1932,
        "feature_code": 2100,
        "geometry_source": "Photogrammetric",
        "ground_elevation_ft": 15,
        "height_roof_ft": 817.78,
        "last_edited_date": "2017-08-22T18:59:50.000Z"
      },
      "geometry": {
        "type": "MultiPolygon",
        "coordinates": [
          [
            [
              [
                -74.007685937352,
                40.706245941934
              ],
              [
                -74.007725714982,
                40.706266899577
              ],
              [
                -74.007724708062,
                40.706267696597
              ],
              [
                -74.007725739992,
                40.706268274656
              ],
              [
                -74.007861211643,
                40.706344238037
              ],
              [
                -74.00801569273,
                40.70643085929
              ],
              [
                -74.008192214127,
                40.706529838288
              ],
              [
                -74.008215768814,
                40.706543046212
              ],
              [
                -74.008141764725,
                40.706613992867
              ],
              [
                -74.008045426419,
                40.706706350698
              ],
              [
                -74.008063522134,
                40.706717281641
              ],
              [
                -74.007934190826,
                40.706838615642
              ],
              [
                -74.007866627718,
                40.706795121975
              ],
              [
                -74.007519749689,
                40.706571819217
              ],
              [
                -74.00731954979,
                40.706442939212
              ],
              [
                -74.007225157139,
                40.706382173257
              ],
              [
                -74.007241163616,
                40.706367300303
              ],
              [
                -74.007489996671,
                40.706136087043
              ],
              [
                -74.007655419728,
                40.706228845055
              ],
              [
                -74.007685263997,
                40.706245579973
              ],
              [
                -74.007685937352,
                40.706245941934
              ]
            ]
          ]
        ]
      }
    },
    {
      "type": "Feature",
      "id": "nyc-building-50958",
      "properties": {
        "object_id": 50958,
        "bin": "1001199",
        "doitt_id": 442630,
        "construction_year": 1908,
        "feature_code": 2100,
        "geometry_source": "Photogrammetric",
        "ground_elevation_ft": 29,
        "height_roof_ft": 229.74022922,
        "last_edited_date": "2017-08-22T19:24:25.000Z"
      },
      "geometry": {
        "type": "MultiPolygon",
        "coordinates": [
          [
            [
              [
                -74.00754608901,
                40.709420172663
              ],
              [
                -74.007637836844,
                40.709327717432
              ],
              [
                -74.007793617904,
                40.709170734379
              ],
              [
                -74.00780255672,
                40.709177128304
              ],
              [
                -74.007897454085,
                40.709245010468
              ],
              [
                -74.007996918708,
                40.709316160192
              ],
              [
                -74.00788445517,
                40.70942949098
              ],
              [
                -74.007797271745,
                40.709379392479
              ],
              [
                -74.007788164315,
                40.709388570205
              ],
              [
                -74.007724169666,
                40.709453057421
              ],
              [
                -74.007767998076,
                40.709478242669
              ],
              [
                -74.007724109076,
                40.709522468825
              ],
              [
                -74.00754608901,
                40.709420172663
              ]
            ]
          ]
        ]
      }
    },
    {
      "type": "Feature",
      "id": "nyc-building-52606",
      "properties": {
        "object_id": 52606,
        "bin": "1001041",
        "doitt_id": 712954,
        "construction_year": 1913,
        "feature_code": 2100,
        "geometry_source": "Other (Manual)",
        "ground_elevation_ft": 18,
        "height_roof_ft": 165,
        "last_edited_date": "2017-08-22T17:27:23.000Z"
      },
      "geometry": {
        "type": "MultiPolygon",
        "coordinates": [
          [
            [
              [
                -74.012082780809,
                40.709792859434
              ],
              [
                -74.012111995297,
                40.709754434255
              ],
              [
                -74.012161990999,
                40.709688677261
              ],
              [
                -74.012202004607,
                40.709706293327
              ],
              [
                -74.012219623392,
                40.709683120406
              ],
              [
                -74.012248441413,
                40.709645216629
              ],
              [
                -74.012245263759,
                40.709643817573
              ],
              [
                -74.01232296625,
                40.709541618374
              ],
              [
                -74.01238171199,
                40.709567481953
              ],
              [
                -74.012467269623,
                40.709605149203
              ],
              [
                -74.012389567279,
                40.709707348499
              ],
              [
                -74.012383519665,
                40.709704686338
              ],
              [
                -74.012335361527,
                40.70976802716
              ],
              [
                -74.012378230984,
                40.709786900872
              ],
              [
                -74.012300742434,
                40.709888819123
              ],
              [
                -74.012286821057,
                40.709882689931
              ],
              [
                -74.012098476193,
                40.709799769208
              ],
              [
                -74.012082780809,
                40.709792859434
              ]
            ]
          ]
        ]
      }
    },
    {
      "type": "Feature",
      "id": "nyc-building-52633",
      "properties": {
        "object_id": 52633,
        "bin": "1001039",
        "doitt_id": 16279,
        "construction_year": 1900,
        "feature_code": 2100,
        "geometry_source": "Other (Manual)",
        "ground_elevation_ft": 21,
        "height_roof_ft": 32,
        "last_edited_date": "2018-12-07T18:34:05.000Z"
      },
      "geometry": {
        "type": "MultiPolygon",
        "coordinates": [
          [
            [
              [
                -74.011932420929,
                40.709558165897
              ],
              [
                -74.0120255972,
                40.709420176277
              ],
              [
                -74.012030530593,
                40.709412869914
              ],
              [
                -74.012076125287,
                40.709432942936
              ],
              [
                -74.011994881507,
                40.709539800684
              ],
              [
                -74.011968756141,
                40.709574162407
              ],
              [
                -74.011932420929,
                40.709558165897
              ]
            ]
          ]
        ]
      }
    },
    {
      "type": "Feature",
      "id": "nyc-building-55741",
      "properties": {
        "object_id": 55741,
        "bin": "1001102",
        "doitt_id": 1255837,
        "construction_year": 2013,
        "feature_code": 2100,
        "geometry_source": "Photogrammetric",
        "ground_elevation_ft": 34,
        "height_roof_ft": 271.172057,
        "last_edited_date": "2017-08-22T18:39:52.000Z"
      },
      "geometry": {
        "type": "MultiPolygon",
        "coordinates": [
          [
            [
              [
                -74.00913367319,
                40.709944345998
              ],
              [
                -74.009206492752,
                40.709854636682
              ],
              [
                -74.00920773303,
                40.709855233622
              ],
              [
                -74.009257697996,
                40.709879279564
              ],
              [
                -74.009391294308,
                40.709943572436
              ],
              [
                -74.00952118423,
                40.710006080647
              ],
              [
                -74.009625156227,
                40.710056116102
              ],
              [
                -74.009614615186,
                40.710068799781
              ],
              [
                -74.00958100901,
                40.710109237333
              ],
              [
                -74.009493909392,
                40.710214038826
              ],
              [
                -74.009481664729,
                40.710205439955
              ],
              [
                -74.009374777929,
                40.710130375805
              ],
              [
                -74.009125035874,
                40.709954987123
              ],
              [
                -74.009125801401,
                40.709954044227
              ],
              [
                -74.00913367319,
                40.709944345998
              ]
            ]
          ]
        ]
      }
    },
    {
      "type": "Feature",
      "id": "nyc-building-56263",
      "properties": {
        "object_id": 56263,
        "bin": "1001068",
        "doitt_id": 581308,
        "construction_year": 1973,
        "feature_code": 2100,
        "geometry_source": "Other (Manual)",
        "ground_elevation_ft": 30,
        "height_roof_ft": 732,
        "last_edited_date": "2017-08-22T17:28:22.000Z"
      },
      "geometry": {
        "type": "MultiPolygon",
        "coordinates": [
          [
            [
              [
                -74.010621261377,
                40.709408281819
              ],
              [
                -74.010643944595,
                40.709379353503
              ],
              [
                -74.011039943977,
                40.709559161784
              ],
              [
                -74.011236366893,
                40.709648350111
              ],
              [
                -74.011380769213,
                40.709713916546
              ],
              [
                -74.011077446771,
                40.710100743579
              ],
              [
                -74.01099980542,
                40.710065490614
              ],
              [
                -74.010833986423,
                40.709990198401
              ],
              [
                -74.010539954526,
                40.709856690714
              ],
              [
                -74.010340618216,
                40.709766178613
              ],
              [
                -74.010621261377,
                40.709408281819
              ]
            ]
          ]
        ]
      }
    },
    {
      "type": "Feature",
      "id": "nyc-building-56779",
      "properties": {
        "object_id": 56779,
        "bin": "1001193",
        "doitt_id": 747228,
        "construction_year": 1909,
        "feature_code": 2100,
        "geometry_source": "Photogrammetric",
        "ground_elevation_ft": 26,
        "height_roof_ft": 200.15,
        "last_edited_date": "2017-08-22T18:48:07.000Z"
      },
      "geometry": {
        "type": "MultiPolygon",
        "coordinates": [
          [
            [
              [
                -74.007016048632,
                40.709069806492
              ],
              [
                -74.007052195733,
                40.709032821188
              ],
              [
                -74.007242211991,
                40.708838398018
              ],
              [
                -74.00728161867,
                40.708798077842
              ],
              [
                -74.007412635906,
                40.7088944629
              ],
              [
                -74.007514916385,
                40.708969706586
              ],
              [
                -74.007384809453,
                40.709102833079
              ],
              [
                -74.007367997912,
                40.709120033921
              ],
              [
                -74.007322715468,
                40.709094407362
              ],
              [
                -74.007228980998,
                40.70919031503
              ],
              [
                -74.007016048632,
                40.709069806492
              ]
            ]
          ]
        ]
      }
    },
    {
      "type": "Feature",
      "id": "nyc-building-64194",
      "properties": {
        "object_id": 64194,
        "bin": "1001198",
        "doitt_id": 417076,
        "construction_year": 1900,
        "feature_code": 2100,
        "geometry_source": "Photogrammetric",
        "ground_elevation_ft": 32,
        "height_roof_ft": 57.45,
        "last_edited_date": "2017-08-22T17:26:53.000Z"
      },
      "geometry": {
        "type": "MultiPolygon",
        "coordinates": [
          [
            [
              [
                -74.007493891112,
                40.70947277223
              ],
              [
                -74.00754608901,
                40.709420172663
              ],
              [
                -74.007724109076,
                40.709522468825
              ],
              [
                -74.007767466512,
                40.70954738305
              ],
              [
                -74.00783898576,
                40.709588481132
              ],
              [
                -74.007813005196,
                40.709614661658
              ],
              [
                -74.007786789146,
                40.70964108083
              ],
              [
                -74.007493891112,
                40.70947277223
              ]
            ]
          ]
        ]
      }
    },
    {
      "type": "Feature",
      "id": "nyc-building-66731",
      "properties": {
        "object_id": 66731,
        "bin": "1089248",
        "doitt_id": 1280931,
        "construction_year": 2016,
        "feature_code": 1006,
        "geometry_source": "Other (Manual)",
        "ground_elevation_ft": 16,
        "height_roof_ft": 344,
        "last_edited_date": "2023-05-10T16:35:31.000Z"
      },
      "geometry": {
        "type": "MultiPolygon",
        "coordinates": [
          [
            [
              [
                -74.012765113366,
                40.709502058871
              ],
              [
                -74.01256006861,
                40.709410451717
              ],
              [
                -74.012590102888,
                40.709372815173
              ],
              [
                -74.012444809178,
                40.709308042798
              ],
              [
                -74.012528661713,
                40.709197048398
              ],
              [
                -74.012712468847,
                40.709295115523
              ],
              [
                -74.012866830787,
                40.709346242001
              ],
              [
                -74.012805650079,
                40.709495045689
              ],
              [
                -74.01277662864,
                40.709482222934
              ],
              [
                -74.012765113366,
                40.709502058871
              ]
            ]
          ]
        ]
      }
    },
    {
      "type": "Feature",
      "id": "nyc-building-67423",
      "properties": {
        "object_id": 67423,
        "bin": "1001022",
        "doitt_id": 579632,
        "construction_year": 1928,
        "feature_code": 2100,
        "geometry_source": "Photogrammetric",
        "ground_elevation_ft": 32,
        "height_roof_ft": 490.06509589,
        "last_edited_date": "2017-08-22T17:28:14.000Z"
      },
      "geometry": {
        "type": "MultiPolygon",
        "coordinates": [
          [
            [
              [
                -74.009653627251,
                40.707440015979
              ],
              [
                -74.010095689843,
                40.707705955792
              ],
              [
                -74.009939131522,
                40.70787641911
              ],
              [
                -74.009880836941,
                40.707939889469
              ],
              [
                -74.009793955684,
                40.708034486606
              ],
              [
                -74.009643916571,
                40.707938022095
              ],
              [
                -74.00953966971,
                40.70787099852
              ],
              [
                -74.009357037609,
                40.707753576928
              ],
              [
                -74.009453280794,
                40.707651826586
              ],
              [
                -74.009609771919,
                40.707486380678
              ],
              [
                -74.009624172272,
                40.70747115723
              ],
              [
                -74.009653627251,
                40.707440015979
              ]
            ]
          ]
        ]
      }
    },
    {
      "type": "Feature",
      "id": "nyc-building-68792",
      "properties": {
        "object_id": 68792,
        "bin": "1795007",
        "doitt_id": 1273169,
        "construction_year": 2016,
        "feature_code": 2110,
        "geometry_source": "Other (Manual)",
        "ground_elevation_ft": 29,
        "height_roof_ft": 35,
        "last_edited_date": "2024-12-23T20:14:03.000Z"
      },
      "geometry": {
        "type": "MultiPolygon",
        "coordinates": [
          [
            [
              [
                -74.011384346489,
                40.708812057352
              ],
              [
                -74.011370970985,
                40.708806095489
              ],
              [
                -74.011427860819,
                40.708732183996
              ],
              [
                -74.01143886585,
                40.70873716273
              ],
              [
                -74.011384346489,
                40.708812057352
              ]
            ]
          ]
        ]
      }
    },
    {
      "type": "Feature",
      "id": "nyc-building-68793",
      "properties": {
        "object_id": 68793,
        "bin": "1795013",
        "doitt_id": 1273170,
        "construction_year": 2016,
        "feature_code": 2110,
        "geometry_source": "Other (Manual)",
        "ground_elevation_ft": null,
        "height_roof_ft": 0,
        "last_edited_date": "2017-08-10T15:12:25.000Z"
      },
      "geometry": {
        "type": "MultiPolygon",
        "coordinates": [
          [
            [
              [
                -74.012447778522,
                40.708282919384
              ],
              [
                -74.012713259736,
                40.708391449703
              ],
              [
                -74.012700758482,
                40.708409157837
              ],
              [
                -74.01243284671,
                40.708301287827
              ],
              [
                -74.012447778522,
                40.708282919384
              ]
            ]
          ]
        ]
      }
    },
    {
      "type": "Feature",
      "id": "nyc-building-81544",
      "properties": {
        "object_id": 81544,
        "bin": "1088675",
        "doitt_id": 1257096,
        "construction_year": null,
        "feature_code": 2100,
        "geometry_source": "Photogrammetric",
        "ground_elevation_ft": 31,
        "height_roof_ft": 37.18496403,
        "last_edited_date": "2017-08-22T18:22:49.000Z"
      },
      "geometry": {
        "type": "MultiPolygon",
        "coordinates": [
          [
            [
              [
                -74.00980548008,
                40.710493183737
              ],
              [
                -74.009859659066,
                40.710424007252
              ],
              [
                -74.00970439711,
                40.710353594181
              ],
              [
                -74.009733162587,
                40.710316866209
              ],
              [
                -74.00977678917,
                40.710336651242
              ],
              [
                -74.010039692458,
                40.710455879684
              ],
              [
                -74.009956749389,
                40.710561784287
              ],
              [
                -74.00980548008,
                40.710493183737
              ]
            ]
          ]
        ]
      }
    },
    {
      "type": "Feature",
      "id": "nyc-building-109106",
      "properties": {
        "object_id": 109106,
        "bin": "1001086",
        "doitt_id": 143597,
        "construction_year": null,
        "feature_code": 2100,
        "geometry_source": "Photogrammetric",
        "ground_elevation_ft": 32,
        "height_roof_ft": 141.5549408,
        "last_edited_date": "2019-01-22T17:36:34.000Z"
      },
      "geometry": {
        "type": "MultiPolygon",
        "coordinates": [
          [
            [
              [
                -74.00969349829,
                40.709151613557
              ],
              [
                -74.009714250207,
                40.709128456062
              ],
              [
                -74.009851318511,
                40.708975500685
              ],
              [
                -74.009856645192,
                40.708969555955
              ],
              [
                -74.009867683391,
                40.708975283161
              ],
              [
                -74.009886933737,
                40.708953800714
              ],
              [
                -74.009891858132,
                40.708948305371
              ],
              [
                -74.009959426386,
                40.708979028588
              ],
              [
                -74.009808278423,
                40.709147696513
              ],
              [
                -74.009769449813,
                40.709191026111
              ],
              [
                -74.00969349829,
                40.709151613557
              ]
            ]
          ]
        ]
      }
    },
    {
      "type": "Feature",
      "id": "nyc-building-112330",
      "properties": {
        "object_id": 112330,
        "bin": "1089384",
        "doitt_id": 1257097,
        "construction_year": 1910,
        "feature_code": 2100,
        "geometry_source": "Photogrammetric",
        "ground_elevation_ft": 34,
        "height_roof_ft": 131.0121644,
        "last_edited_date": "2017-08-22T18:39:52.000Z"
      },
      "geometry": {
        "type": "MultiPolygon",
        "coordinates": [
          [
            [
              [
                -74.008736403336,
                40.710279057191
              ],
              [
                -74.008878615517,
                40.710115527904
              ],
              [
                -74.008919873908,
                40.710136589469
              ],
              [
                -74.009360480214,
                40.710358460213
              ],
              [
                -74.009002115954,
                40.710772433013
              ],
              [
                -74.008992569935,
                40.710767629533
              ],
              [
                -74.00855218585,
                40.71054604734
              ],
              [
                -74.008563453742,
                40.710533080945
              ],
              [
                -74.008530091434,
                40.710516295195
              ],
              [
                -74.008640091343,
                40.71038980571
              ],
              [
                -74.00865041498,
                40.710377934398
              ],
              [
                -74.00873111552,
                40.710285137843
              ],
              [
                -74.008736403336,
                40.710279057191
              ]
            ]
          ]
        ]
      }
    },
    {
      "type": "Feature",
      "id": "nyc-building-124182",
      "properties": {
        "object_id": 124182,
        "bin": "1001092",
        "doitt_id": 27805,
        "construction_year": 1900,
        "feature_code": 2100,
        "geometry_source": "Photogrammetric",
        "ground_elevation_ft": 27,
        "height_roof_ft": 68.62,
        "last_edited_date": "2017-08-22T18:22:32.000Z"
      },
      "geometry": {
        "type": "MultiPolygon",
        "coordinates": [
          [
            [
              [
                -74.009256277246,
                40.709209859498
              ],
              [
                -74.009367279335,
                40.70926746162
              ],
              [
                -74.009292307213,
                40.709351122485
              ],
              [
                -74.009233906907,
                40.709297329748
              ],
              [
                -74.009232547028,
                40.709296077246
              ],
              [
                -74.009215285202,
                40.709280176502
              ],
              [
                -74.00920044134,
                40.709266503428
              ],
              [
                -74.009224781263,
                40.709241812164
              ],
              [
                -74.009256277246,
                40.709209859498
              ]
            ]
          ]
        ]
      }
    },
    {
      "type": "Feature",
      "id": "nyc-building-132615",
      "properties": {
        "object_id": 132615,
        "bin": "1079033",
        "doitt_id": 1107968,
        "construction_year": 2006,
        "feature_code": 2100,
        "geometry_source": "Other (Manual)",
        "ground_elevation_ft": 26,
        "height_roof_ft": 206,
        "last_edited_date": "2024-12-30T20:46:49.000Z"
      },
      "geometry": {
        "type": "MultiPolygon",
        "coordinates": [
          [
            [
              [
                -74.009106898048,
                40.709175230965
              ],
              [
                -74.009201971074,
                40.709083020961
              ],
              [
                -74.009227552277,
                40.709058210729
              ],
              [
                -74.009288236594,
                40.709003821274
              ],
              [
                -74.009332710184,
                40.70902015385
              ],
              [
                -74.009347039253,
                40.709025416175
              ],
              [
                -74.009149719341,
                40.709223360793
              ],
              [
                -74.009132642893,
                40.709204167753
              ],
              [
                -74.009106898048,
                40.709175230965
              ]
            ]
          ]
        ]
      }
    },
    {
      "type": "Feature",
      "id": "nyc-building-137912",
      "properties": {
        "object_id": 137912,
        "bin": "1001070",
        "doitt_id": 654950,
        "construction_year": 1935,
        "feature_code": 2100,
        "geometry_source": "Photogrammetric",
        "ground_elevation_ft": 26,
        "height_roof_ft": 71.83,
        "last_edited_date": "2017-08-22T18:58:41.000Z"
      },
      "geometry": {
        "type": "MultiPolygon",
        "coordinates": [
          [
            [
              [
                -74.010509686185,
                40.710812591376
              ],
              [
                -74.010652552578,
                40.710630812794
              ],
              [
                -74.010629453193,
                40.710620335683
              ],
              [
                -74.01087955407,
                40.710301058633
              ],
              [
                -74.010968438771,
                40.710341376883
              ],
              [
                -74.011044492178,
                40.710375873591
              ],
              [
                -74.010767202133,
                40.710792091753
              ],
              [
                -74.010722945056,
                40.710858521178
              ],
              [
                -74.010696954172,
                40.710897534634
              ],
              [
                -74.010688376189,
                40.710893644323
              ],
              [
                -74.010509686185,
                40.710812591376
              ]
            ]
          ]
        ]
      }
    },
    {
      "type": "Feature",
      "id": "nyc-building-138977",
      "properties": {
        "object_id": 138977,
        "bin": "1001104",
        "doitt_id": 774828,
        "construction_year": 1920,
        "feature_code": 2100,
        "geometry_source": "Photogrammetric",
        "ground_elevation_ft": 31,
        "height_roof_ft": 52.38,
        "last_edited_date": "2017-08-22T18:04:58.000Z"
      },
      "geometry": {
        "type": "MultiPolygon",
        "coordinates": [
          [
            [
              [
                -74.008851913722,
                40.709761939773
              ],
              [
                -74.008912519237,
                40.709695240539
              ],
              [
                -74.008998697394,
                40.709600396502
              ],
              [
                -74.009069318908,
                40.709638861694
              ],
              [
                -74.008996345742,
                40.709721179543
              ],
              [
                -74.008918492826,
                40.709808999846
              ],
              [
                -74.008851913722,
                40.709761939773
              ]
            ]
          ]
        ]
      }
    },
    {
      "type": "Feature",
      "id": "nyc-building-144458",
      "properties": {
        "object_id": 144458,
        "bin": "1001091",
        "doitt_id": 395976,
        "construction_year": 1900,
        "feature_code": 2100,
        "geometry_source": "Photogrammetric",
        "ground_elevation_ft": 28,
        "height_roof_ft": 153.37949701,
        "last_edited_date": "2017-08-22T18:39:16.000Z"
      },
      "geometry": {
        "type": "MultiPolygon",
        "coordinates": [
          [
            [
              [
                -74.009292307213,
                40.709351122485
              ],
              [
                -74.009367279335,
                40.70926746162
              ],
              [
                -74.009376972075,
                40.709256644791
              ],
              [
                -74.009434549865,
                40.709192394015
              ],
              [
                -74.009489049734,
                40.70922067459
              ],
              [
                -74.009419075635,
                40.709298759161
              ],
              [
                -74.009338434839,
                40.70938874571
              ],
              [
                -74.009292307213,
                40.709351122485
              ]
            ]
          ]
        ]
      }
    },
    {
      "type": "Feature",
      "id": "nyc-building-149156",
      "properties": {
        "object_id": 149156,
        "bin": "1001082",
        "doitt_id": 740308,
        "construction_year": 1900,
        "feature_code": 2100,
        "geometry_source": "Photogrammetric",
        "ground_elevation_ft": 25,
        "height_roof_ft": 48.51,
        "last_edited_date": "2017-08-22T18:22:16.000Z"
      },
      "geometry": {
        "type": "MultiPolygon",
        "coordinates": [
          [
            [
              [
                -74.009135971147,
                40.709079760552
              ],
              [
                -74.009135010156,
                40.709079118564
              ],
              [
                -74.009037392733,
                40.709013935563
              ],
              [
                -74.009042789349,
                40.709008284431
              ],
              [
                -74.009038964387,
                40.70900616853
              ],
              [
                -74.009071885974,
                40.708971698873
              ],
              [
                -74.009097271312,
                40.70898573854
              ],
              [
                -74.009119041171,
                40.708997778453
              ],
              [
                -74.009195907357,
                40.709040289974
              ],
              [
                -74.009200913426,
                40.709043058646
              ],
              [
                -74.009196953273,
                40.709047487676
              ],
              [
                -74.009166186636,
                40.709081893261
              ],
              [
                -74.009144688028,
                40.709071986647
              ],
              [
                -74.009135971147,
                40.709079760552
              ]
            ]
          ]
        ]
      }
    },
    {
      "type": "Feature",
      "id": "nyc-building-153270",
      "properties": {
        "object_id": 153270,
        "bin": "1001021",
        "doitt_id": 178750,
        "construction_year": 1964,
        "feature_code": 2100,
        "geometry_source": "Photogrammetric",
        "ground_elevation_ft": 26,
        "height_roof_ft": 820.30621785,
        "last_edited_date": "2020-01-28T17:15:16.000Z"
      },
      "geometry": {
        "type": "MultiPolygon",
        "coordinates": [
          [
            [
              [
                -74.008557500353,
                40.707641997364
              ],
              [
                -74.008722015696,
                40.707495322325
              ],
              [
                -74.008811063337,
                40.707553161692
              ],
              [
                -74.008900263797,
                40.707611100033
              ],
              [
                -74.008933404093,
                40.707632625991
              ],
              [
                -74.008995451522,
                40.707672928047
              ],
              [
                -74.009024723156,
                40.707691940053
              ],
              [
                -74.009328652553,
                40.70788935023
              ],
              [
                -74.009429518163,
                40.707954864116
              ],
              [
                -74.009494415984,
                40.707997017119
              ],
              [
                -74.00944759757,
                40.708038759672
              ],
              [
                -74.009308462444,
                40.70816280654
              ],
              [
                -74.009244144027,
                40.708220149981
              ],
              [
                -74.009153563713,
                40.708161316912
              ],
              [
                -74.009041837403,
                40.708088747234
              ],
              [
                -74.008901309421,
                40.707997470654
              ],
              [
                -74.008696685757,
                40.707864561821
              ],
              [
                -74.008569259555,
                40.707781794575
              ],
              [
                -74.00854055962,
                40.707763152522
              ],
              [
                -74.008519503622,
                40.707749475315
              ],
              [
                -74.008502771968,
                40.707738608281
              ],
              [
                -74.008494361172,
                40.707733144599
              ],
              [
                -74.008486387071,
                40.707727965446
              ],
              [
                -74.008471743037,
                40.707718453523
              ],
              [
                -74.008557500353,
                40.707641997364
              ]
            ]
          ]
        ]
      }
    },
    {
      "type": "Feature",
      "id": "nyc-building-155557",
      "properties": {
        "object_id": 155557,
        "bin": "1079214",
        "doitt_id": 233897,
        "construction_year": 1900,
        "feature_code": 2100,
        "geometry_source": "Photogrammetric",
        "ground_elevation_ft": 35,
        "height_roof_ft": 26.9,
        "last_edited_date": "2017-08-22T19:40:30.000Z"
      },
      "geometry": {
        "type": "MultiPolygon",
        "coordinates": [
          [
            [
              [
                -74.007004667372,
                40.710335085661
              ],
              [
                -74.007074119374,
                40.710262646103
              ],
              [
                -74.007254801547,
                40.710074192105
              ],
              [
                -74.007321278951,
                40.710107794968
              ],
              [
                -74.007171140434,
                40.710263356004
              ],
              [
                -74.007070025353,
                40.710368122315
              ],
              [
                -74.007004667372,
                40.710335085661
              ]
            ]
          ]
        ]
      }
    },
    {
      "type": "Feature",
      "id": "nyc-building-158531",
      "properties": {
        "object_id": 158531,
        "bin": "1001197",
        "doitt_id": 958078,
        "construction_year": 1930,
        "feature_code": 2100,
        "geometry_source": "Other (Manual)",
        "ground_elevation_ft": 33,
        "height_roof_ft": 86,
        "last_edited_date": "2017-08-22T19:35:36.000Z"
      },
      "geometry": {
        "type": "MultiPolygon",
        "coordinates": [
          [
            [
              [
                -74.007545730678,
                40.709767100009
              ],
              [
                -74.00739914731,
                40.709689356695
              ],
              [
                -74.007320405933,
                40.709647594223
              ],
              [
                -74.007493891112,
                40.70947277223
              ],
              [
                -74.007786789146,
                40.70964108083
              ],
              [
                -74.007622493454,
                40.709806642697
              ],
              [
                -74.007584274648,
                40.709785793887
              ],
              [
                -74.00758313754,
                40.709786939412
              ],
              [
                -74.007545730678,
                40.709767100009
              ]
            ]
          ]
        ]
      }
    },
    {
      "type": "Feature",
      "id": "nyc-building-161709",
      "properties": {
        "object_id": 161709,
        "bin": "1001095",
        "doitt_id": 376436,
        "construction_year": 1965,
        "feature_code": 2100,
        "geometry_source": "Photogrammetric",
        "ground_elevation_ft": 25,
        "height_roof_ft": 27.57,
        "last_edited_date": "2017-08-22T19:40:50.000Z"
      },
      "geometry": {
        "type": "MultiPolygon",
        "coordinates": [
          [
            [
              [
                -74.008700468136,
                40.709335736692
              ],
              [
                -74.0087776207,
                40.709260512935
              ],
              [
                -74.008828070017,
                40.709211324056
              ],
              [
                -74.00886721945,
                40.709173152879
              ],
              [
                -74.008882478541,
                40.70916870948
              ],
              [
                -74.008892394878,
                40.709165822576
              ],
              [
                -74.008959118255,
                40.709242766082
              ],
              [
                -74.008981908984,
                40.709269046625
              ],
              [
                -74.008883297573,
                40.709373884587
              ],
              [
                -74.008846984661,
                40.709412490497
              ],
              [
                -74.008751771308,
                40.70936261216
              ],
              [
                -74.008700468136,
                40.709335736692
              ]
            ]
          ]
        ]
      }
    },
    {
      "type": "Feature",
      "id": "nyc-building-169674",
      "properties": {
        "object_id": 169674,
        "bin": "1001112",
        "doitt_id": 191059,
        "construction_year": 1925,
        "feature_code": 2100,
        "geometry_source": "Photogrammetric",
        "ground_elevation_ft": 16,
        "height_roof_ft": 168.77,
        "last_edited_date": "2017-08-22T17:50:12.000Z"
      },
      "geometry": {
        "type": "MultiPolygon",
        "coordinates": [
          [
            [
              [
                -74.007323917374,
                40.707874073126
              ],
              [
                -74.00732947143,
                40.707868431069
              ],
              [
                -74.007276009499,
                40.707833694535
              ],
              [
                -74.007298908441,
                40.707810434677
              ],
              [
                -74.007291839817,
                40.707806405337
              ],
              [
                -74.007272012643,
                40.707795101572
              ],
              [
                -74.007266590725,
                40.707807929699
              ],
              [
                -74.007009904176,
                40.707705296332
              ],
              [
                -74.007009043841,
                40.707704952389
              ],
              [
                -74.007038114879,
                40.707667409196
              ],
              [
                -74.007051541735,
                40.707650069928
              ],
              [
                -74.007095365914,
                40.707593474597
              ],
              [
                -74.007105990622,
                40.707598863502
              ],
              [
                -74.007216961992,
                40.707655143059
              ],
              [
                -74.007276751843,
                40.707685465815
              ],
              [
                -74.007252133713,
                40.707710472769
              ],
              [
                -74.007366815487,
                40.707758552791
              ],
              [
                -74.007517511835,
                40.707692695853
              ],
              [
                -74.007485679003,
                40.707655568943
              ],
              [
                -74.007515646033,
                40.707632812869
              ],
              [
                -74.007598868742,
                40.707569614917
              ],
              [
                -74.007718410525,
                40.707740057555
              ],
              [
                -74.00777062407,
                40.707814502917
              ],
              [
                -74.007672879592,
                40.707892581109
              ],
              [
                -74.0076688175,
                40.707895825922
              ],
              [
                -74.00764816243,
                40.707868638158
              ],
              [
                -74.007609826561,
                40.707818180546
              ],
              [
                -74.007514918906,
                40.707858795342
              ],
              [
                -74.007512862331,
                40.707859675276
              ],
              [
                -74.007543700642,
                40.707901833399
              ],
              [
                -74.007532179768,
                40.707914893369
              ],
              [
                -74.00747544779,
                40.707972519889
              ],
              [
                -74.007323917374,
                40.707874073126
              ]
            ]
          ]
        ]
      }
    },
    {
      "type": "Feature",
      "id": "nyc-building-170018",
      "properties": {
        "object_id": 170018,
        "bin": "1001206",
        "doitt_id": 806724,
        "construction_year": 1930,
        "feature_code": 2100,
        "geometry_source": "Photogrammetric",
        "ground_elevation_ft": 33,
        "height_roof_ft": 68.36,
        "last_edited_date": "2017-08-22T18:21:49.000Z"
      },
      "geometry": {
        "type": "MultiPolygon",
        "coordinates": [
          [
            [
              [
                -74.007513911725,
                40.710029891944
              ],
              [
                -74.007696404324,
                40.709845993715
              ],
              [
                -74.007697374592,
                40.709845016595
              ],
              [
                -74.007702599576,
                40.709847694366
              ],
              [
                -74.007784969763,
                40.709889906585
              ],
              [
                -74.007747615619,
                40.709927548669
              ],
              [
                -74.007739966838,
                40.709923152889
              ],
              [
                -74.007711226753,
                40.709952115255
              ],
              [
                -74.00766975953,
                40.709993901742
              ],
              [
                -74.007593896092,
                40.710070348458
              ],
              [
                -74.007513911725,
                40.710029891944
              ]
            ]
          ]
        ]
      }
    },
    {
      "type": "Feature",
      "id": "nyc-building-195419",
      "properties": {
        "object_id": 195419,
        "bin": "1001243",
        "doitt_id": 778806,
        "construction_year": 1960,
        "feature_code": 2100,
        "geometry_source": "Photogrammetric",
        "ground_elevation_ft": 36,
        "height_roof_ft": 70.74,
        "last_edited_date": "2017-08-22T18:58:13.000Z"
      },
      "geometry": {
        "type": "MultiPolygon",
        "coordinates": [
          [
            [
              [
                -74.007855877314,
                40.710541099144
              ],
              [
                -74.007963726873,
                40.710432363128
              ],
              [
                -74.008039915421,
                40.710471012267
              ],
              [
                -74.00788324683,
                40.710628969139
              ],
              [
                -74.007810284957,
                40.710587066132
              ],
              [
                -74.007855877314,
                40.710541099144
              ]
            ]
          ]
        ]
      }
    },
    {
      "type": "Feature",
      "id": "nyc-building-203035",
      "properties": {
        "object_id": 203035,
        "bin": "1001081",
        "doitt_id": 781036,
        "construction_year": 1925,
        "feature_code": 2100,
        "geometry_source": "Photogrammetric",
        "ground_elevation_ft": 24,
        "height_roof_ft": 46.78,
        "last_edited_date": "2017-08-22T17:49:49.000Z"
      },
      "geometry": {
        "type": "MultiPolygon",
        "coordinates": [
          [
            [
              [
                -74.009037392733,
                40.709013935563
              ],
              [
                -74.009135010156,
                40.709079118564
              ],
              [
                -74.009135971147,
                40.709079760552
              ],
              [
                -74.009135191396,
                40.709080455808
              ],
              [
                -74.009072449201,
                40.709136410434
              ],
              [
                -74.008993408796,
                40.709047680263
              ],
              [
                -74.009037392733,
                40.709013935563
              ]
            ]
          ]
        ]
      }
    },
    {
      "type": "Feature",
      "id": "nyc-building-205028",
      "properties": {
        "object_id": 205028,
        "bin": "1001218",
        "doitt_id": 843855,
        "construction_year": 1910,
        "feature_code": 2100,
        "geometry_source": "Photogrammetric",
        "ground_elevation_ft": 33,
        "height_roof_ft": 113.99,
        "last_edited_date": "2017-08-22T17:49:48.000Z"
      },
      "geometry": {
        "type": "MultiPolygon",
        "coordinates": [
          [
            [
              [
                -74.008897454665,
                40.710093864655
              ],
              [
                -74.008971470556,
                40.710008751605
              ],
              [
                -74.009403177491,
                40.71030936087
              ],
              [
                -74.009383913674,
                40.710331513213
              ],
              [
                -74.009360480214,
                40.710358460213
              ],
              [
                -74.008919873908,
                40.710136589469
              ],
              [
                -74.008938885798,
                40.710114728087
              ],
              [
                -74.008897454665,
                40.710093864655
              ]
            ]
          ]
        ]
      }
    },
    {
      "type": "Feature",
      "id": "nyc-building-220011",
      "properties": {
        "object_id": 220011,
        "bin": "1001204",
        "doitt_id": 430396,
        "construction_year": 1930,
        "feature_code": 2100,
        "geometry_source": "Photogrammetric",
        "ground_elevation_ft": 35,
        "height_roof_ft": 50.12,
        "last_edited_date": "2017-08-22T18:04:02.000Z"
      },
      "geometry": {
        "type": "MultiPolygon",
        "coordinates": [
          [
            [
              [
                -74.00766975953,
                40.709993901742
              ],
              [
                -74.007711226753,
                40.709952115255
              ],
              [
                -74.007861513739,
                40.710038474007
              ],
              [
                -74.007820046557,
                40.710080260546
              ],
              [
                -74.00766975953,
                40.709993901742
              ]
            ]
          ]
        ]
      }
    },
    {
      "type": "Feature",
      "id": "nyc-building-224096",
      "properties": {
        "object_id": 224096,
        "bin": "1079039",
        "doitt_id": 822862,
        "construction_year": 1908,
        "feature_code": 2100,
        "geometry_source": "Other (Manual)",
        "ground_elevation_ft": 30,
        "height_roof_ft": 176,
        "last_edited_date": "2017-08-22T18:15:09.000Z"
      },
      "geometry": {
        "type": "MultiPolygon",
        "coordinates": [
          [
            [
              [
                -74.009623482389,
                40.709290435034
              ],
              [
                -74.009489049734,
                40.70922067459
              ],
              [
                -74.009434549865,
                40.709192394015
              ],
              [
                -74.009327996488,
                40.709137100507
              ],
              [
                -74.009414708007,
                40.709049132412
              ],
              [
                -74.009442221133,
                40.709021219713
              ],
              [
                -74.009590291608,
                40.709098057096
              ],
              [
                -74.00969349829,
                40.709151613557
              ],
              [
                -74.009769449813,
                40.709191026111
              ],
              [
                -74.00972955439,
                40.709238788102
              ],
              [
                -74.009752064006,
                40.709250469429
              ],
              [
                -74.009686804016,
                40.709323293877
              ],
              [
                -74.009623482389,
                40.709290435034
              ]
            ]
          ]
        ]
      }
    },
    {
      "type": "Feature",
      "id": "nyc-building-229154",
      "properties": {
        "object_id": 229154,
        "bin": "1001085",
        "doitt_id": 135661,
        "construction_year": 1901,
        "feature_code": 2100,
        "geometry_source": "Photogrammetric",
        "ground_elevation_ft": 32,
        "height_roof_ft": 106.82,
        "last_edited_date": "2017-08-22T18:38:14.000Z"
      },
      "geometry": {
        "type": "MultiPolygon",
        "coordinates": [
          [
            [
              [
                -74.009442221133,
                40.709021219713
              ],
              [
                -74.00959206687,
                40.708869201927
              ],
              [
                -74.009610477483,
                40.708850523788
              ],
              [
                -74.009638727927,
                40.708865182649
              ],
              [
                -74.009683339772,
                40.708888332848
              ],
              [
                -74.009851318511,
                40.708975500685
              ],
              [
                -74.009714250207,
                40.709128456062
              ],
              [
                -74.00969349829,
                40.709151613557
              ],
              [
                -74.009590291608,
                40.709098057096
              ],
              [
                -74.009442221133,
                40.709021219713
              ]
            ]
          ]
        ]
      }
    },
    {
      "type": "Feature",
      "id": "nyc-building-258820",
      "properties": {
        "object_id": 258820,
        "bin": "1001030",
        "doitt_id": 437805,
        "construction_year": 1907,
        "feature_code": 2100,
        "geometry_source": "Photogrammetric",
        "ground_elevation_ft": 29,
        "height_roof_ft": 299.54,
        "last_edited_date": "2017-08-22T18:37:50.000Z"
      },
      "geometry": {
        "type": "MultiPolygon",
        "coordinates": [
          [
            [
              [
                -74.010994969592,
                40.708828918147
              ],
              [
                -74.011104132309,
                40.70868710416
              ],
              [
                -74.011363291373,
                40.708802623462
              ],
              [
                -74.011384494303,
                40.708812074033
              ],
              [
                -74.01141687269,
                40.708826506921
              ],
              [
                -74.011719711112,
                40.708961494632
              ],
              [
                -74.011780153259,
                40.708988435359
              ],
              [
                -74.011830133573,
                40.709010713383
              ],
              [
                -74.01188358741,
                40.709034539905
              ],
              [
                -74.011936531209,
                40.709058138626
              ],
              [
                -74.011942562184,
                40.709060827827
              ],
              [
                -74.011952403941,
                40.709065214096
              ],
              [
                -74.011885938351,
                40.709151562895
              ],
              [
                -74.01184324241,
                40.709207029781
              ],
              [
                -74.011837256397,
                40.709204361282
              ],
              [
                -74.011715280553,
                40.709149991892
              ],
              [
                -74.011620433601,
                40.709107715302
              ],
              [
                -74.011477563973,
                40.709044031979
              ],
              [
                -74.011450967892,
                40.709032177597
              ],
              [
                -74.011287022248,
                40.708959099297
              ],
              [
                -74.011105800777,
                40.708878321259
              ],
              [
                -74.011097789919,
                40.708874750604
              ],
              [
                -74.010994969592,
                40.708828918147
              ]
            ]
          ]
        ]
      }
    },
    {
      "type": "Feature",
      "id": "nyc-building-265369",
      "properties": {
        "object_id": 265369,
        "bin": "1001019",
        "doitt_id": 608052,
        "construction_year": 1954,
        "feature_code": 2100,
        "geometry_source": "Photogrammetric",
        "ground_elevation_ft": 27,
        "height_roof_ft": 196.38,
        "last_edited_date": "2017-08-22T19:38:07.000Z"
      },
      "geometry": {
        "type": "MultiPolygon",
        "coordinates": [
          [
            [
              [
                -74.010098915669,
                40.706878227024
              ],
              [
                -74.01016473337,
                40.706919503377
              ],
              [
                -74.01028201133,
                40.706993051237
              ],
              [
                -74.010311637968,
                40.70701163064
              ],
              [
                -74.010290304545,
                40.707033701383
              ],
              [
                -74.010238219747,
                40.707087583629
              ],
              [
                -74.01015290589,
                40.707175843109
              ],
              [
                -74.010056435781,
                40.707275644455
              ],
              [
                -74.009950907003,
                40.707217946155
              ],
              [
                -74.009852340584,
                40.707164054524
              ],
              [
                -74.009869431057,
                40.707144243609
              ],
              [
                -74.009941361192,
                40.707060862665
              ],
              [
                -74.010011603996,
                40.706979437733
              ],
              [
                -74.010092607212,
                40.706885539731
              ],
              [
                -74.010098915669,
                40.706878227024
              ]
            ]
          ]
        ]
      }
    },
    {
      "type": "Feature",
      "id": "nyc-building-280811",
      "properties": {
        "object_id": 280811,
        "bin": "1084390",
        "doitt_id": 133460,
        "construction_year": 1900,
        "feature_code": 2100,
        "geometry_source": "Other (Manual)",
        "ground_elevation_ft": 30,
        "height_roof_ft": 50,
        "last_edited_date": "2017-08-22T19:05:14.000Z"
      },
      "geometry": {
        "type": "MultiPolygon",
        "coordinates": [
          [
            [
              [
                -74.007767466512,
                40.70954738305
              ],
              [
                -74.007869333317,
                40.709444729564
              ],
              [
                -74.00788445517,
                40.70942949098
              ],
              [
                -74.007996918708,
                40.709316160192
              ],
              [
                -74.008056205376,
                40.709358568332
              ],
              [
                -74.007934116184,
                40.709481599247
              ],
              [
                -74.007882157561,
                40.709533958536
              ],
              [
                -74.007889121079,
                40.70953795993
              ],
              [
                -74.00783898576,
                40.709588481132
              ],
              [
                -74.007767466512,
                40.70954738305
              ]
            ]
          ]
        ]
      }
    },
    {
      "type": "Feature",
      "id": "nyc-building-286362",
      "properties": {
        "object_id": 286362,
        "bin": "1001105",
        "doitt_id": 778441,
        "construction_year": 1952,
        "feature_code": 2100,
        "geometry_source": "Photogrammetric",
        "ground_elevation_ft": 29,
        "height_roof_ft": 262,
        "last_edited_date": "2024-12-26T20:38:47.000Z"
      },
      "geometry": {
        "type": "MultiPolygon",
        "coordinates": [
          [
            [
              [
                -74.008654391036,
                40.709619506056
              ],
              [
                -74.00876228887,
                40.709503155452
              ],
              [
                -74.008814525532,
                40.70944682539
              ],
              [
                -74.008920861367,
                40.709520786984
              ],
              [
                -74.008948645133,
                40.709540112498
              ],
              [
                -74.008830191085,
                40.709669386421
              ],
              [
                -74.008787209494,
                40.709716292834
              ],
              [
                -74.008673308101,
                40.709633291457
              ],
              [
                -74.008654391036,
                40.709619506056
              ]
            ]
          ]
        ]
      }
    },
    {
      "type": "Feature",
      "id": "nyc-building-291069",
      "properties": {
        "object_id": 291069,
        "bin": "1001015",
        "doitt_id": 664329,
        "construction_year": 1912,
        "feature_code": 2100,
        "geometry_source": "Photogrammetric",
        "ground_elevation_ft": 14,
        "height_roof_ft": 330.74,
        "last_edited_date": "2017-08-22T18:02:56.000Z"
      },
      "geometry": {
        "type": "MultiPolygon",
        "coordinates": [
          [
            [
              [
                -74.007446491568,
                40.707109206002
              ],
              [
                -74.007465451125,
                40.707088366939
              ],
              [
                -74.007567629493,
                40.706976061984
              ],
              [
                -74.0076644737,
                40.706869617821
              ],
              [
                -74.007712253216,
                40.706817103104
              ],
              [
                -74.007835125916,
                40.706894313661
              ],
              [
                -74.007845854865,
                40.706901055059
              ],
              [
                -74.007954213109,
                40.706969144297
              ],
              [
                -74.008192864039,
                40.707119104132
              ],
              [
                -74.008189992467,
                40.707122383999
              ],
              [
                -74.008107301269,
                40.707216849902
              ],
              [
                -74.008099297051,
                40.707225994259
              ],
              [
                -74.008088912269,
                40.707237858327
              ],
              [
                -74.007943618508,
                40.707146561092
              ],
              [
                -74.007942720449,
                40.707147388724
              ],
              [
                -74.00787610781,
                40.707208778465
              ],
              [
                -74.007943099621,
                40.70725087367
              ],
              [
                -74.007909761682,
                40.707284664956
              ],
              [
                -74.007839810588,
                40.707355567007
              ],
              [
                -74.00783615093,
                40.707359275562
              ],
              [
                -74.007830813484,
                40.707364685297
              ],
              [
                -74.007626291765,
                40.707228729014
              ],
              [
                -74.007519118789,
                40.707157485802
              ],
              [
                -74.007446491568,
                40.707109206002
              ]
            ]
          ]
        ]
      }
    },
    {
      "type": "Feature",
      "id": "nyc-building-311760",
      "properties": {
        "object_id": 311760,
        "bin": "1001076",
        "doitt_id": 450732,
        "construction_year": 1920,
        "feature_code": 2100,
        "geometry_source": "Photogrammetric",
        "ground_elevation_ft": 32,
        "height_roof_ft": 77.15,
        "last_edited_date": "2017-08-22T19:37:25.000Z"
      },
      "geometry": {
        "type": "MultiPolygon",
        "coordinates": [
          [
            [
              [
                -74.009867299308,
                40.710145619905
              ],
              [
                -74.009915079359,
                40.710084625983
              ],
              [
                -74.009923392094,
                40.710088396607
              ],
              [
                -74.009978198891,
                40.710113256781
              ],
              [
                -74.010241921814,
                40.710232880918
              ],
              [
                -74.010194143139,
                40.710293874974
              ],
              [
                -74.009906771814,
                40.710163524978
              ],
              [
                -74.009867299308,
                40.710145619905
              ]
            ]
          ]
        ]
      }
    },
    {
      "type": "Feature",
      "id": "nyc-building-312000",
      "properties": {
        "object_id": 312000,
        "bin": "1001267",
        "doitt_id": 551986,
        "construction_year": 1929,
        "feature_code": 2100,
        "geometry_source": "Photogrammetric",
        "ground_elevation_ft": 35,
        "height_roof_ft": 62.99,
        "last_edited_date": "2017-08-22T17:35:44.000Z"
      },
      "geometry": {
        "type": "MultiPolygon",
        "coordinates": [
          [
            [
              [
                -74.00715084183,
                40.710408972607
              ],
              [
                -74.007291797597,
                40.710264686581
              ],
              [
                -74.007404147392,
                40.710149681442
              ],
              [
                -74.00752931773,
                40.710212956736
              ],
              [
                -74.00753104914,
                40.710213826516
              ],
              [
                -74.007624198627,
                40.710260910808
              ],
              [
                -74.007627996375,
                40.710262830446
              ],
              [
                -74.0076236538,
                40.710267202715
              ],
              [
                -74.007371880512,
                40.710520702174
              ],
              [
                -74.00715084183,
                40.710408972607
              ]
            ]
          ]
        ]
      }
    },
    {
      "type": "Feature",
      "id": "nyc-building-336976",
      "properties": {
        "object_id": 336976,
        "bin": "1001096",
        "doitt_id": 698508,
        "construction_year": 1900,
        "feature_code": 2100,
        "geometry_source": "Photogrammetric",
        "ground_elevation_ft": 26,
        "height_roof_ft": 124.34,
        "last_edited_date": "2017-08-22T18:02:10.000Z"
      },
      "geometry": {
        "type": "MultiPolygon",
        "coordinates": [
          [
            [
              [
                -74.008814673351,
                40.709446842075
              ],
              [
                -74.008846984661,
                40.709412490497
              ],
              [
                -74.008883297573,
                40.709373884587
              ],
              [
                -74.008981908984,
                40.709269046625
              ],
              [
                -74.008984018651,
                40.709266803287
              ],
              [
                -74.009096086047,
                40.709379380894
              ],
              [
                -74.009083487254,
                40.709393130894
              ],
              [
                -74.008958186479,
                40.709529877933
              ],
              [
                -74.008948792952,
                40.709540129182
              ],
              [
                -74.008921009187,
                40.709520803668
              ],
              [
                -74.008814673351,
                40.709446842075
              ]
            ]
          ]
        ]
      }
    },
    {
      "type": "Feature",
      "id": "nyc-building-339131",
      "properties": {
        "object_id": 339131,
        "bin": "1001080",
        "doitt_id": 423164,
        "construction_year": 1900,
        "feature_code": 2100,
        "geometry_source": "Photogrammetric",
        "ground_elevation_ft": 25,
        "height_roof_ft": 17.2,
        "last_edited_date": "2017-08-22T19:16:53.000Z"
      },
      "geometry": {
        "type": "MultiPolygon",
        "coordinates": [
          [
            [
              [
                -74.009072449201,
                40.709136410434
              ],
              [
                -74.009135191396,
                40.709080455808
              ],
              [
                -74.009135971147,
                40.709079760552
              ],
              [
                -74.009144688028,
                40.709071986647
              ],
              [
                -74.009166186636,
                40.709081893261
              ],
              [
                -74.009196953273,
                40.709047487676
              ],
              [
                -74.009200913426,
                40.709043058646
              ],
              [
                -74.009227700094,
                40.709058227413
              ],
              [
                -74.009202118892,
                40.709083037645
              ],
              [
                -74.009107045866,
                40.709175247649
              ],
              [
                -74.009105321417,
                40.709173312587
              ],
              [
                -74.009072449201,
                40.709136410434
              ]
            ]
          ]
        ]
      }
    },
    {
      "type": "Feature",
      "id": "nyc-building-354293",
      "properties": {
        "object_id": 354293,
        "bin": "1001006",
        "doitt_id": 40319,
        "construction_year": 1902,
        "feature_code": 2100,
        "geometry_source": "Photogrammetric",
        "ground_elevation_ft": 29,
        "height_roof_ft": 299.09,
        "last_edited_date": "2017-08-22T18:54:38.000Z"
      },
      "geometry": {
        "type": "MultiPolygon",
        "coordinates": [
          [
            [
              [
                -74.008705956014,
                40.706722035457
              ],
              [
                -74.008799815454,
                40.706611223981
              ],
              [
                -74.008910648422,
                40.706669456033
              ],
              [
                -74.008945025147,
                40.706631564345
              ],
              [
                -74.008986464915,
                40.706653336385
              ],
              [
                -74.009016500096,
                40.7066691164
              ],
              [
                -74.009112579634,
                40.706719596909
              ],
              [
                -74.009012577773,
                40.706829822887
              ],
              [
                -74.008970072652,
                40.706876673516
              ],
              [
                -74.008891369721,
                40.706830593248
              ],
              [
                -74.008738794936,
                40.706741262491
              ],
              [
                -74.008705956014,
                40.706722035457
              ]
            ]
          ]
        ]
      }
    },
    {
      "type": "Feature",
      "id": "nyc-building-355742",
      "properties": {
        "object_id": 355742,
        "bin": "1086256",
        "doitt_id": 942459,
        "construction_year": 2002,
        "feature_code": 2100,
        "geometry_source": "Photogrammetric",
        "ground_elevation_ft": 14,
        "height_roof_ft": 490.34089647,
        "last_edited_date": "2017-08-22T17:47:33.000Z"
      },
      "geometry": {
        "type": "MultiPolygon",
        "coordinates": [
          [
            [
              [
                -74.008139018531,
                40.707517714828
              ],
              [
                -74.008109980393,
                40.707499080795
              ],
              [
                -74.008106137294,
                40.707502548935
              ],
              [
                -74.008041597109,
                40.707461131741
              ],
              [
                -74.008045440209,
                40.707457663603
              ],
              [
                -74.008026896874,
                40.707445763739
              ],
              [
                -74.008008907395,
                40.707434219536
              ],
              [
                -74.007996233789,
                40.707434733709
              ],
              [
                -74.007854196316,
                40.707343585622
              ],
              [
                -74.007913163297,
                40.707290372164
              ],
              [
                -74.007936738941,
                40.707269096858
              ],
              [
                -74.008023204435,
                40.707324583978
              ],
              [
                -74.008037516643,
                40.707311668745
              ],
              [
                -74.008043549871,
                40.707306223831
              ],
              [
                -74.008029165179,
                40.707296991892
              ],
              [
                -74.008029548787,
                40.707288856645
              ],
              [
                -74.008055882472,
                40.70726509301
              ],
              [
                -74.008066046063,
                40.707263709112
              ],
              [
                -74.008079567861,
                40.707251508035
              ],
              [
                -74.008089928211,
                40.707252805844
              ],
              [
                -74.008106883329,
                40.707263686431
              ],
              [
                -74.008116162109,
                40.707255313723
              ],
              [
                -74.008131959219,
                40.707241058412
              ],
              [
                -74.008142744052,
                40.707239592517
              ],
              [
                -74.008163954821,
                40.707253203145
              ],
              [
                -74.008160912201,
                40.707270587734
              ],
              [
                -74.00816800321,
                40.707264189097
              ],
              [
                -74.008182220019,
                40.707264924705
              ],
              [
                -74.008222720876,
                40.707290915081
              ],
              [
                -74.008217288737,
                40.707295816052
              ],
              [
                -74.008231346824,
                40.707304837271
              ],
              [
                -74.00823677778,
                40.707299936299
              ],
              [
                -74.008237212103,
                40.707300214526
              ],
              [
                -74.008277334301,
                40.707325961771
              ],
              [
                -74.008285228532,
                40.707326947263
              ],
              [
                -74.008289961115,
                40.707329984347
              ],
              [
                -74.008355372341,
                40.707371959657
              ],
              [
                -74.008358919632,
                40.70737831701
              ],
              [
                -74.008368488955,
                40.707384457802
              ],
              [
                -74.008379777823,
                40.707391701595
              ],
              [
                -74.008374785843,
                40.707396207217
              ],
              [
                -74.008382291244,
                40.707401024407
              ],
              [
                -74.008409031782,
                40.707413684547
              ],
              [
                -74.008410233735,
                40.707420447299
              ],
              [
                -74.00841072991,
                40.707423238848
              ],
              [
                -74.008403836625,
                40.707430411025
              ],
              [
                -74.008346309696,
                40.707490258697
              ],
              [
                -74.008295671241,
                40.707542940474
              ],
              [
                -74.008251307213,
                40.707589093971
              ],
              [
                -74.008237105835,
                40.707589306609
              ],
              [
                -74.008178087435,
                40.707551433508
              ],
              [
                -74.008144257508,
                40.707529723678
              ],
              [
                -74.008142044956,
                40.707522607993
              ],
              [
                -74.008140899023,
                40.707518921381
              ],
              [
                -74.008139018531,
                40.707517714828
              ]
            ]
          ]
        ]
      }
    },
    {
      "type": "Feature",
      "id": "nyc-building-411670",
      "properties": {
        "object_id": 411670,
        "bin": "1001217",
        "doitt_id": 214630,
        "construction_year": 1903,
        "feature_code": 2100,
        "geometry_source": "Photogrammetric",
        "ground_elevation_ft": 34,
        "height_roof_ft": 123.58,
        "last_edited_date": "2017-08-22T19:35:34.000Z"
      },
      "geometry": {
        "type": "MultiPolygon",
        "coordinates": [
          [
            [
              [
                -74.008647311151,
                40.710242938117
              ],
              [
                -74.008890618497,
                40.709963156898
              ],
              [
                -74.008896416237,
                40.709956489066
              ],
              [
                -74.00893290959,
                40.709981900463
              ],
              [
                -74.008971470556,
                40.710008751605
              ],
              [
                -74.008897454665,
                40.710093864655
              ],
              [
                -74.008736404519,
                40.710279058091
              ],
              [
                -74.008731116704,
                40.710285138743
              ],
              [
                -74.008647311151,
                40.710242938117
              ]
            ]
          ]
        ]
      }
    },
    {
      "type": "Feature",
      "id": "nyc-building-437359",
      "properties": {
        "object_id": 437359,
        "bin": "1001202",
        "doitt_id": 563686,
        "construction_year": 1910,
        "feature_code": 2100,
        "geometry_source": "Photogrammetric",
        "ground_elevation_ft": 35,
        "height_roof_ft": 60.64,
        "last_edited_date": "2017-08-22T18:34:07.000Z"
      },
      "geometry": {
        "type": "MultiPolygon",
        "coordinates": [
          [
            [
              [
                -74.007747615619,
                40.709927548669
              ],
              [
                -74.007784969763,
                40.709889906585
              ],
              [
                -74.007933440155,
                40.709965992335
              ],
              [
                -74.007890253796,
                40.710009511603
              ],
              [
                -74.007747615619,
                40.709927548669
              ]
            ]
          ]
        ]
      }
    },
    {
      "type": "Feature",
      "id": "nyc-building-455904",
      "properties": {
        "object_id": 455904,
        "bin": "1001078",
        "doitt_id": 217522,
        "construction_year": 1920,
        "feature_code": 2100,
        "geometry_source": "Photogrammetric",
        "ground_elevation_ft": 32,
        "height_roof_ft": 67,
        "last_edited_date": "2017-08-22T18:00:00.000Z"
      },
      "geometry": {
        "type": "MultiPolygon",
        "coordinates": [
          [
            [
              [
                -74.009967526709,
                40.710032055919
              ],
              [
                -74.010013153223,
                40.709973808701
              ],
              [
                -74.010022019816,
                40.709977831413
              ],
              [
                -74.010043017031,
                40.709987355189
              ],
              [
                -74.010331683773,
                40.710118292766
              ],
              [
                -74.010286057438,
                40.710176539208
              ],
              [
                -74.010006577858,
                40.710049769185
              ],
              [
                -74.009967526709,
                40.710032055919
              ]
            ]
          ]
        ]
      }
    },
    {
      "type": "Feature",
      "id": "nyc-building-472080",
      "properties": {
        "object_id": 472080,
        "bin": "1001111",
        "doitt_id": 786392,
        "construction_year": 1958,
        "feature_code": 2100,
        "geometry_source": "Photogrammetric",
        "ground_elevation_ft": 11,
        "height_roof_ft": 186.72,
        "last_edited_date": "2017-08-22T18:15:36.000Z"
      },
      "geometry": {
        "type": "MultiPolygon",
        "coordinates": [
          [
            [
              [
                -74.007276751843,
                40.707685465815
              ],
              [
                -74.007216961992,
                40.707655143059
              ],
              [
                -74.007105990622,
                40.707598863502
              ],
              [
                -74.007158249392,
                40.707561941097
              ],
              [
                -74.007167514329,
                40.707555394703
              ],
              [
                -74.007153041678,
                40.707541889734
              ],
              [
                -74.007140041268,
                40.707529759752
              ],
              [
                -74.007389145412,
                40.707331868352
              ],
              [
                -74.007408975993,
                40.707321666084
              ],
              [
                -74.00741525101,
                40.707329859433
              ],
              [
                -74.007538897101,
                40.707491308591
              ],
              [
                -74.007598868742,
                40.707569614917
              ],
              [
                -74.007515646033,
                40.707632812869
              ],
              [
                -74.007485679003,
                40.707655568943
              ],
              [
                -74.007460385802,
                40.707674775792
              ],
              [
                -74.007368948673,
                40.70774421111
              ],
              [
                -74.007276751843,
                40.707685465815
              ]
            ]
          ]
        ]
      }
    },
    {
      "type": "Feature",
      "id": "nyc-building-537012",
      "properties": {
        "object_id": 537012,
        "bin": "1001023",
        "doitt_id": 648643,
        "construction_year": 1932,
        "feature_code": 2100,
        "geometry_source": "Photogrammetric",
        "ground_elevation_ft": 33,
        "height_roof_ft": 320.9,
        "last_edited_date": "2017-08-22T18:48:10.000Z"
      },
      "geometry": {
        "type": "MultiPolygon",
        "coordinates": [
          [
            [
              [
                -74.011056810816,
                40.707740515539
              ],
              [
                -74.011219322972,
                40.707570177989
              ],
              [
                -74.011508922318,
                40.707735341001
              ],
              [
                -74.011550405354,
                40.707758998681
              ],
              [
                -74.011554696623,
                40.707761445841
              ],
              [
                -74.011554579494,
                40.707761580028
              ],
              [
                -74.011415219514,
                40.707921446408
              ],
              [
                -74.011136086867,
                40.707780535625
              ],
              [
                -74.011056810816,
                40.707740515539
              ]
            ]
          ]
        ]
      }
    },
    {
      "type": "Feature",
      "id": "nyc-building-548066",
      "properties": {
        "object_id": 548066,
        "bin": "1001079",
        "doitt_id": 838929,
        "construction_year": 1920,
        "feature_code": 2100,
        "geometry_source": "Photogrammetric",
        "ground_elevation_ft": 32,
        "height_roof_ft": 30.71,
        "last_edited_date": "2017-08-22T19:30:57.000Z"
      },
      "geometry": {
        "type": "MultiPolygon",
        "coordinates": [
          [
            [
              [
                -74.010022019816,
                40.709977831413
              ],
              [
                -74.010060023114,
                40.709929325669
              ],
              [
                -74.010109133765,
                40.709951601811
              ],
              [
                -74.010369682191,
                40.710069785119
              ],
              [
                -74.010331683773,
                40.710118292766
              ],
              [
                -74.010043017031,
                40.709987355189
              ],
              [
                -74.010022019816,
                40.709977831413
              ]
            ]
          ]
        ]
      }
    },
    {
      "type": "Feature",
      "id": "nyc-building-582178",
      "properties": {
        "object_id": 582178,
        "bin": "1001083",
        "doitt_id": 268632,
        "construction_year": 1958,
        "feature_code": 2100,
        "geometry_source": "Photogrammetric",
        "ground_elevation_ft": 28,
        "height_roof_ft": 61.86,
        "last_edited_date": "2017-08-22T18:47:11.000Z"
      },
      "geometry": {
        "type": "MultiPolygon",
        "coordinates": [
          [
            [
              [
                -74.009288384412,
                40.709003837958
              ],
              [
                -74.009274251803,
                40.70899864765
              ],
              [
                -74.009185096418,
                40.708965905909
              ],
              [
                -74.009135761348,
                40.708947787048
              ],
              [
                -74.009174332157,
                40.708912364171
              ],
              [
                -74.009192706464,
                40.708895489826
              ],
              [
                -74.009264883497,
                40.708934060138
              ],
              [
                -74.00937247226,
                40.70899155357
              ],
              [
                -74.009378665336,
                40.708994862444
              ],
              [
                -74.009376375815,
                40.708997085093
              ],
              [
                -74.00934718707,
                40.709025432859
              ],
              [
                -74.009332858001,
                40.709020170533
              ],
              [
                -74.009288384412,
                40.709003837958
              ]
            ]
          ]
        ]
      }
    },
    {
      "type": "Feature",
      "id": "nyc-building-585052",
      "properties": {
        "object_id": 585052,
        "bin": "1001273",
        "doitt_id": 547650,
        "construction_year": 1900,
        "feature_code": 2100,
        "geometry_source": "Photogrammetric",
        "ground_elevation_ft": 36,
        "height_roof_ft": 19.33,
        "last_edited_date": "2017-08-22T17:56:05.000Z"
      },
      "geometry": {
        "type": "MultiPolygon",
        "coordinates": [
          [
            [
              [
                -74.007070186276,
                40.710613304445
              ],
              [
                -74.007165403517,
                40.710540363466
              ],
              [
                -74.007280488917,
                40.710599375735
              ],
              [
                -74.007286774334,
                40.710602599167
              ],
              [
                -74.007278859149,
                40.710608202647
              ],
              [
                -74.007184389195,
                40.710675085936
              ],
              [
                -74.007070186276,
                40.710613304445
              ]
            ]
          ]
        ]
      }
    },
    {
      "type": "Feature",
      "id": "nyc-building-587934",
      "properties": {
        "object_id": 587934,
        "bin": "1001200",
        "doitt_id": 917727,
        "construction_year": 1930,
        "feature_code": 2100,
        "geometry_source": "Other (Manual)",
        "ground_elevation_ft": 32,
        "height_roof_ft": 41,
        "last_edited_date": "2017-08-22T19:41:04.000Z"
      },
      "geometry": {
        "type": "MultiPolygon",
        "coordinates": [
          [
            [
              [
                -74.00789011127,
                40.709655326182
              ],
              [
                -74.008015033671,
                40.709530491395
              ],
              [
                -74.008132477529,
                40.70941312764
              ],
              [
                -74.008284831667,
                40.70952210834
              ],
              [
                -74.00831900144,
                40.709546551151
              ],
              [
                -74.008336937268,
                40.709559380336
              ],
              [
                -74.008232195731,
                40.709664931384
              ],
              [
                -74.008120930633,
                40.709777055627
              ],
              [
                -74.00789011127,
                40.709655326182
              ]
            ]
          ]
        ]
      }
    },
    {
      "type": "Feature",
      "id": "nyc-building-588481",
      "properties": {
        "object_id": 588481,
        "bin": "1001215",
        "doitt_id": 306377,
        "construction_year": 1906,
        "feature_code": 2100,
        "geometry_source": "Other (Manual)",
        "ground_elevation_ft": 32,
        "height_roof_ft": 207,
        "last_edited_date": "2017-08-22T19:32:09.000Z"
      },
      "geometry": {
        "type": "MultiPolygon",
        "coordinates": [
          [
            [
              [
                -74.008312945139,
                40.709738445109
              ],
              [
                -74.008374415762,
                40.709677446332
              ],
              [
                -74.008424424233,
                40.709627822717
              ],
              [
                -74.008472929683,
                40.70966159913
              ],
              [
                -74.008630316801,
                40.709771194047
              ],
              [
                -74.008690024272,
                40.709812770655
              ],
              [
                -74.008623293304,
                40.709889505526
              ],
              [
                -74.008505123857,
                40.709801374093
              ],
              [
                -74.008463613819,
                40.709836824873
              ],
              [
                -74.008312945139,
                40.709738445109
              ]
            ]
          ]
        ]
      }
    },
    {
      "type": "Feature",
      "id": "nyc-building-607530",
      "properties": {
        "object_id": 607530,
        "bin": "1001216",
        "doitt_id": 607105,
        "construction_year": 1920,
        "feature_code": 2100,
        "geometry_source": "Photogrammetric",
        "ground_elevation_ft": 33,
        "height_roof_ft": 173.05,
        "last_edited_date": "2017-08-22T17:30:22.000Z"
      },
      "geometry": {
        "type": "MultiPolygon",
        "coordinates": [
          [
            [
              [
                -74.008489266379,
                40.71016335281
              ],
              [
                -74.008416855601,
                40.710126889231
              ],
              [
                -74.008491441272,
                40.710041122678
              ],
              [
                -74.008581743443,
                40.709937284348
              ],
              [
                -74.008623293304,
                40.709889505526
              ],
              [
                -74.008690024272,
                40.709812770655
              ],
              [
                -74.008896416237,
                40.709956489066
              ],
              [
                -74.008890618497,
                40.709963156898
              ],
              [
                -74.008647311151,
                40.710242938117
              ],
              [
                -74.008489266379,
                40.71016335281
              ]
            ]
          ]
        ]
      }
    },
    {
      "type": "Feature",
      "id": "nyc-building-609872",
      "properties": {
        "object_id": 609872,
        "bin": "1000813",
        "doitt_id": 815255,
        "construction_year": 1927,
        "feature_code": 2100,
        "geometry_source": "Photogrammetric",
        "ground_elevation_ft": 25,
        "height_roof_ft": 453.39,
        "last_edited_date": "2017-08-22T17:30:12.000Z"
      },
      "geometry": {
        "type": "MultiPolygon",
        "coordinates": [
          [
            [
              [
                -74.012131116312,
                40.706229726398
              ],
              [
                -74.012169768627,
                40.706139560399
              ],
              [
                -74.012219895362,
                40.706022630865
              ],
              [
                -74.01222567637,
                40.706025200311
              ],
              [
                -74.012325847063,
                40.706069724426
              ],
              [
                -74.012427942137,
                40.706115103731
              ],
              [
                -74.01252922197,
                40.706160121029
              ],
              [
                -74.012629453424,
                40.706204671887
              ],
              [
                -74.012727845963,
                40.706248405197
              ],
              [
                -74.01276268492,
                40.706263890137
              ],
              [
                -74.012614540458,
                40.706451177749
              ],
              [
                -74.012529519048,
                40.706412230909
              ],
              [
                -74.012443110755,
                40.706372648394
              ],
              [
                -74.01235639724,
                40.706332925367
              ],
              [
                -74.012269087381,
                40.706292930384
              ],
              [
                -74.012181271119,
                40.706252702155
              ],
              [
                -74.012131116312,
                40.706229726398
              ]
            ]
          ]
        ]
      }
    },
    {
      "type": "Feature",
      "id": "nyc-building-627811",
      "properties": {
        "object_id": 627811,
        "bin": "1001005",
        "doitt_id": 740191,
        "construction_year": 1929,
        "feature_code": 2100,
        "geometry_source": "Photogrammetric",
        "ground_elevation_ft": 24,
        "height_roof_ft": 495.57990608,
        "last_edited_date": "2020-01-28T17:21:36.000Z"
      },
      "geometry": {
        "type": "MultiPolygon",
        "coordinates": [
          [
            [
              [
                -74.008986464915,
                40.706653336385
              ],
              [
                -74.009008804137,
                40.706628712853
              ],
              [
                -74.008895727394,
                40.7065693032
              ],
              [
                -74.008915099259,
                40.706547950573
              ],
              [
                -74.008915675457,
                40.706547315668
              ],
              [
                -74.008872957689,
                40.706524871919
              ],
              [
                -74.009090122278,
                40.706268484742
              ],
              [
                -74.009122476801,
                40.706285483839
              ],
              [
                -74.009131819853,
                40.706290392687
              ],
              [
                -74.009131545362,
                40.70629069438
              ],
              [
                -74.009119470131,
                40.706304004898
              ],
              [
                -74.009311420174,
                40.706404854922
              ],
              [
                -74.009367184019,
                40.706434152141
              ],
              [
                -74.009370137832,
                40.706435704383
              ],
              [
                -74.00920851703,
                40.706613851213
              ],
              [
                -74.009112579634,
                40.706719596909
              ],
              [
                -74.009016500096,
                40.7066691164
              ],
              [
                -74.008986464915,
                40.706653336385
              ]
            ]
          ]
        ]
      }
    },
    {
      "type": "Feature",
      "id": "nyc-building-629773",
      "properties": {
        "object_id": 629773,
        "bin": "1001077",
        "doitt_id": 274686,
        "construction_year": 1920,
        "feature_code": 2100,
        "geometry_source": "Photogrammetric",
        "ground_elevation_ft": 32,
        "height_roof_ft": 63.81,
        "last_edited_date": "2024-09-23T14:35:10.000Z"
      },
      "geometry": {
        "type": "MultiPolygon",
        "coordinates": [
          [
            [
              [
                -74.009923244274,
                40.710088379926
              ],
              [
                -74.009967378889,
                40.710032039238
              ],
              [
                -74.010006430038,
                40.710049752504
              ],
              [
                -74.010285909619,
                40.710176522527
              ],
              [
                -74.010241773994,
                40.710232864238
              ],
              [
                -74.009978051071,
                40.710113240099
              ],
              [
                -74.009923244274,
                40.710088379926
              ]
            ]
          ]
        ]
      }
    },
    {
      "type": "Feature",
      "id": "nyc-building-636682",
      "properties": {
        "object_id": 636682,
        "bin": "1001040",
        "doitt_id": 722137,
        "construction_year": 1900,
        "feature_code": 2100,
        "geometry_source": "Photogrammetric",
        "ground_elevation_ft": 16,
        "height_roof_ft": 160.76,
        "last_edited_date": "2017-08-22T19:29:15.000Z"
      },
      "geometry": {
        "type": "MultiPolygon",
        "coordinates": [
          [
            [
              [
                -74.012300742434,
                40.709888819123
              ],
              [
                -74.012378230984,
                40.709786900872
              ],
              [
                -74.012423281635,
                40.709806735179
              ],
              [
                -74.012434679628,
                40.70979174404
              ],
              [
                -74.012406649901,
                40.709779403759
              ],
              [
                -74.012443411187,
                40.709731054049
              ],
              [
                -74.012389567279,
                40.709707348499
              ],
              [
                -74.012467269623,
                40.709605149203
              ],
              [
                -74.012576655671,
                40.709653307444
              ],
              [
                -74.012601319539,
                40.709664165811
              ],
              [
                -74.012537097873,
                40.709775532733
              ],
              [
                -74.012534635033,
                40.709774448786
              ],
              [
                -74.012495848573,
                40.709757372109
              ],
              [
                -74.012450508649,
                40.709817005268
              ],
              [
                -74.012512470223,
                40.709844284935
              ],
              [
                -74.01251560647,
                40.709845665078
              ],
              [
                -74.012509470915,
                40.709853735225
              ],
              [
                -74.012437140819,
                40.709948869456
              ],
              [
                -74.012300742434,
                40.709888819123
              ]
            ]
          ]
        ]
      }
    },
    {
      "type": "Feature",
      "id": "nyc-building-639870",
      "properties": {
        "object_id": 639870,
        "bin": "1001223",
        "doitt_id": 312379,
        "construction_year": 1909,
        "feature_code": 2100,
        "geometry_source": "Photogrammetric",
        "ground_elevation_ft": 34,
        "height_roof_ft": 42.94,
        "last_edited_date": "2017-08-22T18:45:36.000Z"
      },
      "geometry": {
        "type": "MultiPolygon",
        "coordinates": [
          [
            [
              [
                -74.008434841511,
                40.710487257133
              ],
              [
                -74.008587757145,
                40.710311418339
              ],
              [
                -74.008630263279,
                40.710262540822
              ],
              [
                -74.008647311151,
                40.710242938117
              ],
              [
                -74.008731116704,
                40.710285138743
              ],
              [
                -74.008650417346,
                40.710377935298
              ],
              [
                -74.00864009371,
                40.71038980661
              ],
              [
                -74.008518646053,
                40.710529458813
              ],
              [
                -74.008434841511,
                40.710487257133
              ]
            ]
          ]
        ]
      }
    },
    {
      "type": "Feature",
      "id": "nyc-building-640263",
      "properties": {
        "object_id": 640263,
        "bin": "1001035",
        "doitt_id": 650878,
        "construction_year": 1973,
        "feature_code": 2100,
        "geometry_source": "Photogrammetric",
        "ground_elevation_ft": 19,
        "height_roof_ft": 205.69,
        "last_edited_date": "2017-08-22T19:29:14.000Z"
      },
      "geometry": {
        "type": "MultiPolygon",
        "coordinates": [
          [
            [
              [
                -74.012468465211,
                40.708854404597
              ],
              [
                -74.012564370148,
                40.708895998687
              ],
              [
                -74.012659141438,
                40.708937100241
              ],
              [
                -74.012602357293,
                40.709012919613
              ],
              [
                -74.012564754303,
                40.709063128125
              ],
              [
                -74.012557651089,
                40.709060048251
              ],
              [
                -74.01252797942,
                40.709099666774
              ],
              [
                -74.01252032352,
                40.709096346522
              ],
              [
                -74.012498456611,
                40.709125543472
              ],
              [
                -74.012436044884,
                40.709098476364
              ],
              [
                -74.012350606369,
                40.709061422324
              ],
              [
                -74.012317515288,
                40.709047070821
              ],
              [
                -74.012332036477,
                40.709027681259
              ],
              [
                -74.012337923507,
                40.709019821867
              ],
              [
                -74.012308218362,
                40.709006938732
              ],
              [
                -74.012402665964,
                40.708860278538
              ],
              [
                -74.012449371564,
                40.708880255839
              ],
              [
                -74.012468465211,
                40.708854404597
              ]
            ]
          ]
        ]
      }
    },
    {
      "type": "Feature",
      "id": "nyc-building-640688",
      "properties": {
        "object_id": 640688,
        "bin": "1001212",
        "doitt_id": 489953,
        "construction_year": 1910,
        "feature_code": 2100,
        "geometry_source": "Photogrammetric",
        "ground_elevation_ft": 34,
        "height_roof_ft": 64.56,
        "last_edited_date": "2017-08-22T18:10:30.000Z"
      },
      "geometry": {
        "type": "MultiPolygon",
        "coordinates": [
          [
            [
              [
                -74.007978384945,
                40.710070433206
              ],
              [
                -74.008032696315,
                40.710016539242
              ],
              [
                -74.008325020462,
                40.710183746076
              ],
              [
                -74.008293338978,
                40.710215819165
              ],
              [
                -74.008324178176,
                40.710233458851
              ],
              [
                -74.008303987554,
                40.710256676386
              ],
              [
                -74.007978384945,
                40.710070433206
              ]
            ]
          ]
        ]
      }
    },
    {
      "type": "Feature",
      "id": "nyc-building-646234",
      "properties": {
        "object_id": 646234,
        "bin": "1001113",
        "doitt_id": 491490,
        "construction_year": 1907,
        "feature_code": 2100,
        "geometry_source": "Photogrammetric",
        "ground_elevation_ft": 14,
        "height_roof_ft": 218.29,
        "last_edited_date": "2017-08-22T18:45:54.000Z"
      },
      "geometry": {
        "type": "MultiPolygon",
        "coordinates": [
          [
            [
              [
                -74.00747544779,
                40.707972519889
              ],
              [
                -74.007532179768,
                40.707914893369
              ],
              [
                -74.007671025207,
                40.708005098323
              ],
              [
                -74.007691248607,
                40.707952037045
              ],
              [
                -74.007655931923,
                40.707906119625
              ],
              [
                -74.0076688175,
                40.707895825922
              ],
              [
                -74.007672879592,
                40.707892581109
              ],
              [
                -74.00777062407,
                40.707814502917
              ],
              [
                -74.007895552677,
                40.707979016936
              ],
              [
                -74.007900444263,
                40.707985458858
              ],
              [
                -74.007902225777,
                40.707990180117
              ],
              [
                -74.007903128074,
                40.707995043717
              ],
              [
                -74.007903134573,
                40.707999956005
              ],
              [
                -74.007902244081,
                40.708004821529
              ],
              [
                -74.007900475519,
                40.708009544833
              ],
              [
                -74.007897860827,
                40.708014035862
              ],
              [
                -74.007894453246,
                40.708018206364
              ],
              [
                -74.007832356675,
                40.708080405323
              ],
              [
                -74.007757272925,
                40.70815561391
              ],
              [
                -74.00747544779,
                40.707972519889
              ]
            ]
          ]
        ]
      }
    },
    {
      "type": "Feature",
      "id": "nyc-building-657722",
      "properties": {
        "object_id": 657722,
        "bin": "1001013",
        "doitt_id": 271975,
        "construction_year": 1900,
        "feature_code": 2100,
        "geometry_source": "Photogrammetric",
        "ground_elevation_ft": 24,
        "height_roof_ft": 125.16,
        "last_edited_date": "2017-08-22T17:41:35.000Z"
      },
      "geometry": {
        "type": "MultiPolygon",
        "coordinates": [
          [
            [
              [
                -74.008270941058,
                40.707033468914
              ],
              [
                -74.008296436419,
                40.707007045172
              ],
              [
                -74.008342516855,
                40.706959286818
              ],
              [
                -74.008363734779,
                40.706973719576
              ],
              [
                -74.008442715385,
                40.707027444625
              ],
              [
                -74.008525215686,
                40.707083562018
              ],
              [
                -74.008600929053,
                40.707135062937
              ],
              [
                -74.00867504133,
                40.707185475208
              ],
              [
                -74.008672766048,
                40.70718769604
              ],
              [
                -74.008622822193,
                40.707236427367
              ],
              [
                -74.008619781299,
                40.707238772527
              ],
              [
                -74.00861878972,
                40.707239275987
              ],
              [
                -74.008616720185,
                40.707240327039
              ],
              [
                -74.008616180615,
                40.707240601735
              ],
              [
                -74.00861216805,
                40.707241840239
              ],
              [
                -74.00860791045,
                40.707242436696
              ],
              [
                -74.008603581763,
                40.70724236678
              ],
              [
                -74.008599361858,
                40.707241632278
              ],
              [
                -74.008595422324,
                40.707240265596
              ],
              [
                -74.008593903983,
                40.70723942103
              ],
              [
                -74.008591927654,
                40.707238320752
              ],
              [
                -74.008504117448,
                40.707182281245
              ],
              [
                -74.008375644446,
                40.707100290096
              ],
              [
                -74.008336979174,
                40.707075613487
              ],
              [
                -74.008270941058,
                40.707033468914
              ]
            ]
          ]
        ]
      }
    },
    {
      "type": "Feature",
      "id": "nyc-building-659918",
      "properties": {
        "object_id": 659918,
        "bin": "1079037",
        "doitt_id": 67589,
        "construction_year": 1908,
        "feature_code": 2100,
        "geometry_source": "Photogrammetric",
        "ground_elevation_ft": 28,
        "height_roof_ft": 138.66,
        "last_edited_date": "2018-01-30T17:14:00.000Z"
      },
      "geometry": {
        "type": "MultiPolygon",
        "coordinates": [
          [
            [
              [
                -74.009686804016,
                40.709323293877
              ],
              [
                -74.009752064006,
                40.709250469429
              ],
              [
                -74.009809657654,
                40.709280356103
              ],
              [
                -74.009799670367,
                40.709291500779
              ],
              [
                -74.009744397697,
                40.709353180583
              ],
              [
                -74.009680487621,
                40.709424498357
              ],
              [
                -74.009585583598,
                40.709530402811
              ],
              [
                -74.009579141093,
                40.709537591228
              ],
              [
                -74.009578922202,
                40.709537835284
              ],
              [
                -74.009561723951,
                40.709528910848
              ],
              [
                -74.009521328436,
                40.709507948497
              ],
              [
                -74.00956532204,
                40.709458856184
              ],
              [
                -74.009686804016,
                40.709323293877
              ]
            ]
          ]
        ]
      }
    },
    {
      "type": "Feature",
      "id": "nyc-building-659922",
      "properties": {
        "object_id": 659922,
        "bin": "1001012",
        "doitt_id": 676703,
        "construction_year": 1947,
        "feature_code": 2100,
        "geometry_source": "Photogrammetric",
        "ground_elevation_ft": 28,
        "height_roof_ft": 72.04,
        "last_edited_date": "2017-08-22T18:45:21.000Z"
      },
      "geometry": {
        "type": "MultiPolygon",
        "coordinates": [
          [
            [
              [
                -74.008525215686,
                40.707083562018
              ],
              [
                -74.008558458468,
                40.707049178924
              ],
              [
                -74.008562123975,
                40.707045387498
              ],
              [
                -74.008738662956,
                40.706862799131
              ],
              [
                -74.008745409692,
                40.706866773476
              ],
              [
                -74.008753468373,
                40.706858851064
              ],
              [
                -74.008857520398,
                40.70692014452
              ],
              [
                -74.008910482579,
                40.706951342253
              ],
              [
                -74.008730051403,
                40.707130770381
              ],
              [
                -74.00867504133,
                40.707185475208
              ],
              [
                -74.008600929053,
                40.707135062937
              ],
              [
                -74.008525215686,
                40.707083562018
              ]
            ]
          ]
        ]
      }
    },
    {
      "type": "Feature",
      "id": "nyc-building-663247",
      "properties": {
        "object_id": 663247,
        "bin": "1001084",
        "doitt_id": 99304,
        "construction_year": 1910,
        "feature_code": 2100,
        "geometry_source": "Photogrammetric",
        "ground_elevation_ft": 30,
        "height_roof_ft": 386.41,
        "last_edited_date": "2020-01-28T17:16:18.000Z"
      },
      "geometry": {
        "type": "MultiPolygon",
        "coordinates": [
          [
            [
              [
                -74.009192706464,
                40.708895489826
              ],
              [
                -74.009249427861,
                40.708843397911
              ],
              [
                -74.009324532875,
                40.708774422594
              ],
              [
                -74.009392004792,
                40.708712458332
              ],
              [
                -74.009393767787,
                40.708710838168
              ],
              [
                -74.00940183896,
                40.708714937537
              ],
              [
                -74.009456285084,
                40.708742592279
              ],
              [
                -74.009560650736,
                40.708795603957
              ],
              [
                -74.00957881684,
                40.708804830885
              ],
              [
                -74.009527713883,
                40.70885335017
              ],
              [
                -74.009378665336,
                40.708994862444
              ],
              [
                -74.00937247226,
                40.70899155357
              ],
              [
                -74.009264883497,
                40.708934060138
              ],
              [
                -74.009192706464,
                40.708895489826
              ]
            ]
          ]
        ]
      }
    },
    {
      "type": "Feature",
      "id": "nyc-building-663877",
      "properties": {
        "object_id": 663877,
        "bin": "1001205",
        "doitt_id": 733450,
        "construction_year": 1900,
        "feature_code": 2100,
        "geometry_source": "Photogrammetric",
        "ground_elevation_ft": 35,
        "height_roof_ft": 97.91,
        "last_edited_date": "2017-08-22T17:54:56.000Z"
      },
      "geometry": {
        "type": "MultiPolygon",
        "coordinates": [
          [
            [
              [
                -74.007593896092,
                40.710070348458
              ],
              [
                -74.00766975953,
                40.709993901742
              ],
              [
                -74.007820046557,
                40.710080260546
              ],
              [
                -74.007751017695,
                40.710149820693
              ],
              [
                -74.007745729965,
                40.71014714563
              ],
              [
                -74.007593896092,
                40.710070348458
              ]
            ]
          ]
        ]
      }
    },
    {
      "type": "Feature",
      "id": "nyc-building-669791",
      "properties": {
        "object_id": 669791,
        "bin": "1001093",
        "doitt_id": 677517,
        "construction_year": 1900,
        "feature_code": 2100,
        "geometry_source": "Photogrammetric",
        "ground_elevation_ft": 27,
        "height_roof_ft": 51.67,
        "last_edited_date": "2017-08-22T18:10:15.000Z"
      },
      "geometry": {
        "type": "MultiPolygon",
        "coordinates": [
          [
            [
              [
                -74.009256277246,
                40.709209859498
              ],
              [
                -74.009308656895,
                40.709156719709
              ],
              [
                -74.009327996488,
                40.709137100507
              ],
              [
                -74.009434549865,
                40.709192394015
              ],
              [
                -74.009376972075,
                40.709256644791
              ],
              [
                -74.009367279335,
                40.70926746162
              ],
              [
                -74.009256277246,
                40.709209859498
              ]
            ]
          ]
        ]
      }
    },
    {
      "type": "Feature",
      "id": "nyc-building-674025",
      "properties": {
        "object_id": 674025,
        "bin": "1001098",
        "doitt_id": 746219,
        "construction_year": 1900,
        "feature_code": 2100,
        "geometry_source": "Photogrammetric",
        "ground_elevation_ft": 28,
        "height_roof_ft": 216.30402488,
        "last_edited_date": "2017-08-22T17:54:55.000Z"
      },
      "geometry": {
        "type": "MultiPolygon",
        "coordinates": [
          [
            [
              [
                -74.009113215571,
                40.709734512321
              ],
              [
                -74.009133532597,
                40.709712912851
              ],
              [
                -74.009109321013,
                40.709699724983
              ],
              [
                -74.009133624286,
                40.709673886492
              ],
              [
                -74.009201666251,
                40.709601548415
              ],
              [
                -74.00927008433,
                40.709528810439
              ],
              [
                -74.009420008189,
                40.70962559781
              ],
              [
                -74.009420460285,
                40.709625889539
              ],
              [
                -74.009338067776,
                40.709725025421
              ],
              [
                -74.009212316056,
                40.709656533674
              ],
              [
                -74.009168480293,
                40.709703137725
              ],
              [
                -74.009250385307,
                40.709747747895
              ],
              [
                -74.00920933362,
                40.709791392658
              ],
              [
                -74.009133759006,
                40.709750230014
              ],
              [
                -74.009113215571,
                40.709734512321
              ]
            ]
          ]
        ]
      }
    },
    {
      "type": "Feature",
      "id": "nyc-building-680647",
      "properties": {
        "object_id": 680647,
        "bin": "1079030",
        "doitt_id": 239857,
        "construction_year": 1920,
        "feature_code": 2100,
        "geometry_source": "Photogrammetric",
        "ground_elevation_ft": 30,
        "height_roof_ft": 42.45446729,
        "last_edited_date": "2017-08-22T19:28:33.000Z"
      },
      "geometry": {
        "type": "MultiPolygon",
        "coordinates": [
          [
            [
              [
                -74.010212840861,
                40.710386577328
              ],
              [
                -74.010437058883,
                40.710100345977
              ],
              [
                -74.010521171251,
                40.710138499277
              ],
              [
                -74.010296953461,
                40.71042473079
              ],
              [
                -74.010212840861,
                40.710386577328
              ]
            ]
          ]
        ]
      }
    },
    {
      "type": "Feature",
      "id": "nyc-building-737338",
      "properties": {
        "object_id": 737338,
        "bin": "1001097",
        "doitt_id": 4912,
        "construction_year": 1908,
        "feature_code": 2100,
        "geometry_source": "Photogrammetric",
        "ground_elevation_ft": 28,
        "height_roof_ft": 276.01,
        "last_edited_date": "2017-08-22T17:44:48.000Z"
      },
      "geometry": {
        "type": "MultiPolygon",
        "coordinates": [
          [
            [
              [
                -74.008918492826,
                40.709808999846
              ],
              [
                -74.008996345742,
                40.709721179543
              ],
              [
                -74.009069318908,
                40.709638861694
              ],
              [
                -74.008998697394,
                40.709600396502
              ],
              [
                -74.008912519237,
                40.709695240539
              ],
              [
                -74.008851913722,
                40.709761939773
              ],
              [
                -74.008787357314,
                40.709716309518
              ],
              [
                -74.008830338905,
                40.709669403105
              ],
              [
                -74.008948792952,
                40.709540129182
              ],
              [
                -74.008958186479,
                40.709529877933
              ],
              [
                -74.009083487254,
                40.709393130894
              ],
              [
                -74.009096086047,
                40.709379380894
              ],
              [
                -74.009117915166,
                40.709399794655
              ],
              [
                -74.009123696737,
                40.709405201767
              ],
              [
                -74.00915187424,
                40.709430665085
              ],
              [
                -74.009180610272,
                40.709455764545
              ],
              [
                -74.009209895365,
                40.709480492943
              ],
              [
                -74.009228777229,
                40.70949590728
              ],
              [
                -74.009239723601,
                40.709504843975
              ],
              [
                -74.00927008433,
                40.709528810439
              ],
              [
                -74.009201666251,
                40.709601548415
              ],
              [
                -74.009133624286,
                40.709673886492
              ],
              [
                -74.009096265476,
                40.709653537899
              ],
              [
                -74.009048661147,
                40.709704618644
              ],
              [
                -74.009091177491,
                40.709727220824
              ],
              [
                -74.009074971079,
                40.709745407025
              ],
              [
                -74.008979733234,
                40.709852285355
              ],
              [
                -74.008918492826,
                40.709808999846
              ]
            ]
          ]
        ]
      }
    },
    {
      "type": "Feature",
      "id": "nyc-building-746034",
      "properties": {
        "object_id": 746034,
        "bin": "1001109",
        "doitt_id": 108179,
        "construction_year": 1986,
        "feature_code": 2100,
        "geometry_source": "Photogrammetric",
        "ground_elevation_ft": 24,
        "height_roof_ft": 387.57,
        "last_edited_date": "2017-08-22T19:11:17.000Z"
      },
      "geometry": {
        "type": "MultiPolygon",
        "coordinates": [
          [
            [
              [
                -74.008298766275,
                40.709048899516
              ],
              [
                -74.008288916943,
                40.70903874336
              ],
              [
                -74.008329970352,
                40.708998297536
              ],
              [
                -74.008336452091,
                40.708991912442
              ],
              [
                -74.008428945117,
                40.708900786576
              ],
              [
                -74.008486367103,
                40.708844213141
              ],
              [
                -74.008490799578,
                40.708840729636
              ],
              [
                -74.008495091367,
                40.708838310546
              ],
              [
                -74.008499790298,
                40.708836380404
              ],
              [
                -74.008504801708,
                40.708834976137
              ],
              [
                -74.008510025012,
                40.708834127469
              ],
              [
                -74.008515352525,
                40.708833850618
              ],
              [
                -74.008520678929,
                40.708834152795
              ],
              [
                -74.00852589417,
                40.708835025905
              ],
              [
                -74.008530894107,
                40.708836453745
              ],
              [
                -74.008535576968,
                40.708838406607
              ],
              [
                -74.00853984926,
                40.708840845775
              ],
              [
                -74.008543622225,
                40.708843721728
              ],
              [
                -74.008546822486,
                40.708846975037
              ],
              [
                -74.008549382581,
                40.708850541772
              ],
              [
                -74.008551252801,
                40.708854348094
              ],
              [
                -74.008552394083,
                40.708858318363
              ],
              [
                -74.00855278275,
                40.708862371535
              ],
              [
                -74.008552412874,
                40.708866425665
              ],
              [
                -74.008551290362,
                40.708870398803
              ],
              [
                -74.00854943887,
                40.708874210805
              ],
              [
                -74.008647120822,
                40.70892212061
              ],
              [
                -74.008648627173,
                40.708921454118
              ],
              [
                -74.008653601884,
                40.708919924676
              ],
              [
                -74.008658812159,
                40.70891894903
              ],
              [
                -74.008664151497,
                40.708918547001
              ],
              [
                -74.00866951221,
                40.708918726699
              ],
              [
                -74.008674784246,
                40.708919484532
              ],
              [
                -74.008679861099,
                40.708920805199
              ],
              [
                -74.00868077116,
                40.708921158131
              ],
              [
                -74.00868463981,
                40.708922661693
              ],
              [
                -74.00868902334,
                40.708925015298
              ],
              [
                -74.008692922928,
                40.708927820096
              ],
              [
                -74.008696259281,
                40.70893101846
              ],
              [
                -74.008698963754,
                40.708934544658
              ],
              [
                -74.008700981904,
                40.708938327553
              ],
              [
                -74.008702272301,
                40.708942290605
              ],
              [
                -74.008702750856,
                40.70894590342
              ],
              [
                -74.008702810084,
                40.708946353671
              ],
              [
                -74.008702583408,
                40.708950432104
              ],
              [
                -74.008701595813,
                40.708954445757
              ],
              [
                -74.008699869773,
                40.708958311782
              ],
              [
                -74.00869743841,
                40.708961951832
              ],
              [
                -74.008748214402,
                40.709022688366
              ],
              [
                -74.008760485586,
                40.709037366665
              ],
              [
                -74.00876594683,
                40.709037040264
              ],
              [
                -74.008771414069,
                40.709037306399
              ],
              [
                -74.008776774882,
                40.709038161476
              ],
              [
                -74.008781922762,
                40.709039587493
              ],
              [
                -74.008786751201,
                40.709041555642
              ],
              [
                -74.00878752282,
                40.709041986928
              ],
              [
                -74.008791164342,
                40.709044025407
              ],
              [
                -74.00879507224,
                40.709046946367
              ],
              [
                -74.008798394419,
                40.709050260895
              ],
              [
                -74.008801064599,
                40.709053900557
              ],
              [
                -74.008803029521,
                40.709057791516
              ],
              [
                -74.008804247753,
                40.70906185543
              ],
              [
                -74.008804694436,
                40.709066010354
              ],
              [
                -74.008804362456,
                40.709070170741
              ],
              [
                -74.008803256537,
                40.709074253744
              ],
              [
                -74.008801400335,
                40.709078175612
              ],
              [
                -74.008798830523,
                40.709081857098
              ],
              [
                -74.008795600345,
                40.709085223456
              ],
              [
                -74.008791774877,
                40.709088207142
              ],
              [
                -74.00878743103,
                40.709090746015
              ],
              [
                -74.008785200487,
                40.709091700727
              ],
              [
                -74.008782656367,
                40.70909279054
              ],
              [
                -74.008777550288,
                40.709094298385
              ],
              [
                -74.008772213375,
                40.709095238926
              ],
              [
                -74.00876675568,
                40.709095593243
              ],
              [
                -74.008762722616,
                40.709094754273
              ],
              [
                -74.008696393386,
                40.709160662317
              ],
              [
                -74.008685105406,
                40.709171878136
              ],
              [
                -74.008687382696,
                40.709175458396
              ],
              [
                -74.008688944069,
                40.709179255734
              ],
              [
                -74.008689757563,
                40.709183184603
              ],
              [
                -74.008689804234,
                40.709187163058
              ],
              [
                -74.008689084069,
                40.709191103749
              ],
              [
                -74.008687878612,
                40.709194227714
              ],
              [
                -74.008687611259,
                40.709194921127
              ],
              [
                -74.008685418926,
                40.709198532343
              ],
              [
                -74.008682553212,
                40.709201859948
              ],
              [
                -74.008679078011,
                40.709204831897
              ],
              [
                -74.008675880782,
                40.709206866393
              ],
              [
                -74.008675067867,
                40.709207384248
              ],
              [
                -74.00867060916,
                40.709209460262
              ],
              [
                -74.008665797737,
                40.709211016708
              ],
              [
                -74.008660738916,
                40.709212019358
              ],
              [
                -74.00865554038,
                40.709212445691
              ],
              [
                -74.008650316918,
                40.709212287594
              ],
              [
                -74.008645179767,
                40.70921154866
              ],
              [
                -74.008570757008,
                40.709285497001
              ],
              [
                -74.008573099386,
                40.70928911418
              ],
              [
                -74.008574755431,
                40.709292944832
              ],
              [
                -74.008575691997,
                40.709296914215
              ],
              [
                -74.008575892507,
                40.709300943087
              ],
              [
                -74.008575352217,
                40.709304954905
              ],
              [
                -74.008574081768,
                40.709308869522
              ],
              [
                -74.008573732756,
                40.709309530523
              ],
              [
                -74.008572106001,
                40.709312611293
              ],
              [
                -74.008569462775,
                40.709316106373
              ],
              [
                -74.008566205332,
                40.709319287221
              ],
              [
                -74.008562396384,
                40.709322090796
              ],
              [
                -74.008558110477,
                40.709324462161
              ],
              [
                -74.008553431625,
                40.709326355383
              ],
              [
                -74.008548450945,
                40.709327733535
              ],
              [
                -74.008543266653,
                40.709328568694
              ],
              [
                -74.008537980518,
                40.709328846444
              ],
              [
                -74.008532694311,
                40.709328559573
              ],
              [
                -74.008528432821,
                40.709327551316
              ],
              [
                -74.008454195572,
                40.709401315863
              ],
              [
                -74.008457234894,
                40.709404405294
              ],
              [
                -74.008459667178,
                40.709407792838
              ],
              [
                -74.008461440346,
                40.70941140826
              ],
              [
                -74.008462518888,
                40.709415179522
              ],
              [
                -74.008462882676,
                40.70941902918
              ],
              [
                -74.008462522233,
                40.709422879792
              ],
              [
                -74.008461445832,
                40.709426651212
              ],
              [
                -74.008459674765,
                40.709430268696
              ],
              [
                -74.00845724689,
                40.709433656597
              ],
              [
                -74.008454208351,
                40.709436747375
              ],
              [
                -74.008450624225,
                40.709439477988
              ],
              [
                -74.008446565509,
                40.7094417935
              ],
              [
                -74.008442115034,
                40.709443645278
              ],
              [
                -74.008437363916,
                40.709444996393
              ],
              [
                -74.008432409189,
                40.709445819823
              ],
              [
                -74.008427350254,
                40.709446097551
              ],
              [
                -74.008422064085,
                40.709446179885
              ],
              [
                -74.008417601484,
                40.709445729055
              ],
              [
                -74.008416821624,
                40.709445650768
              ],
              [
                -74.008411745945,
                40.709444523699
              ],
              [
                -74.008406953022,
                40.709442824785
              ],
              [
                -74.0084025541,
                40.709440591838
              ],
              [
                -74.008398650956,
                40.709437877982
              ],
              [
                -74.008395333534,
                40.709434745346
              ],
              [
                -74.008392677581,
                40.709431265965
              ],
              [
                -74.008390745826,
                40.709427519979
              ],
              [
                -74.008389582065,
                40.709423594736
              ],
              [
                -74.00838921471,
                40.709419581184
              ],
              [
                -74.008389649691,
                40.709415571176
              ],
              [
                -74.008390878734,
                40.709411658366
              ],
              [
                -74.008367581739,
                40.709395097861
              ],
              [
                -74.008349535896,
                40.709382270489
              ],
              [
                -74.008224920588,
                40.709293688975
              ],
              [
                -74.008219757565,
                40.709294275577
              ],
              [
                -74.008214536489,
                40.709294314671
              ],
              [
                -74.008209359129,
                40.709293805351
              ],
              [
                -74.00820432371,
                40.709292756615
              ],
              [
                -74.008199526087,
                40.709291190068
              ],
              [
                -74.008195058567,
                40.709289134519
              ],
              [
                -74.008191006359,
                40.709286630486
              ],
              [
                -74.00818744639,
                40.709283723889
              ],
              [
                -74.008184448484,
                40.709280472356
              ],
              [
                -74.008182067086,
                40.709276937119
              ],
              [
                -74.008180350722,
                40.709273184811
              ],
              [
                -74.008179331352,
                40.709269289272
              ],
              [
                -74.008179026736,
                40.709265322542
              ],
              [
                -74.008179443984,
                40.709261362964
              ],
              [
                -74.008206942403,
                40.709234040398
              ],
              [
                -74.008312798092,
                40.709128860296
              ],
              [
                -74.008345141734,
                40.709096722312
              ],
              [
                -74.008298766275,
                40.709048899516
              ]
            ]
          ]
        ]
      }
    },
    {
      "type": "Feature",
      "id": "nyc-building-759115",
      "properties": {
        "object_id": 759115,
        "bin": "1001025",
        "doitt_id": 265285,
        "construction_year": 1912,
        "feature_code": 2100,
        "geometry_source": "Photogrammetric",
        "ground_elevation_ft": 31,
        "height_roof_ft": 533.13,
        "last_edited_date": "2017-08-22T19:32:36.000Z"
      },
      "geometry": {
        "type": "MultiPolygon",
        "coordinates": [
          [
            [
              [
                -74.011219322972,
                40.707570177989
              ],
              [
                -74.011056810816,
                40.707740515539
              ],
              [
                -74.011018554863,
                40.707780613576
              ],
              [
                -74.010809362587,
                40.707999876411
              ],
              [
                -74.010468228322,
                40.707794845303
              ],
              [
                -74.010351363433,
                40.707724605182
              ],
              [
                -74.010311335123,
                40.707700546211
              ],
              [
                -74.01031385288,
                40.707697834546
              ],
              [
                -74.010393399936,
                40.707612162642
              ],
              [
                -74.010481052551,
                40.707517762188
              ],
              [
                -74.010513948838,
                40.707482333069
              ],
              [
                -74.010546674872,
                40.707500407841
              ],
              [
                -74.010608909887,
                40.707435155567
              ],
              [
                -74.010684462305,
                40.707355939594
              ],
              [
                -74.010751604741,
                40.707285542165
              ],
              [
                -74.010761585761,
                40.707275076388
              ],
              [
                -74.010764709266,
                40.707271801837
              ],
              [
                -74.010902101034,
                40.707361976022
              ],
              [
                -74.01091340322,
                40.707369394265
              ],
              [
                -74.010984420056,
                40.707416005183
              ],
              [
                -74.011050940958,
                40.707459663712
              ],
              [
                -74.011111202523,
                40.707499215574
              ],
              [
                -74.011169093647,
                40.707537211551
              ],
              [
                -74.011219322972,
                40.707570177989
              ]
            ]
          ]
        ]
      }
    },
    {
      "type": "Feature",
      "id": "nyc-building-817914",
      "properties": {
        "object_id": 817914,
        "bin": "1078982",
        "doitt_id": 570486,
        "construction_year": 1904,
        "feature_code": 2100,
        "geometry_source": "Photogrammetric",
        "ground_elevation_ft": 22,
        "height_roof_ft": 343.74,
        "last_edited_date": "2017-08-22T18:30:53.000Z"
      },
      "geometry": {
        "type": "MultiPolygon",
        "coordinates": [
          [
            [
              [
                -74.010933339045,
                40.707001305623
              ],
              [
                -74.011131160624,
                40.707079513188
              ],
              [
                -74.011306415966,
                40.707148798563
              ],
              [
                -74.011396323049,
                40.707184342787
              ],
              [
                -74.011331696582,
                40.707279008228
              ],
              [
                -74.011257268319,
                40.707388032346
              ],
              [
                -74.011194516039,
                40.707385003743
              ],
              [
                -74.01118917026,
                40.707381454447
              ],
              [
                -74.011116550798,
                40.707333246303
              ],
              [
                -74.010918535158,
                40.707201793294
              ],
              [
                -74.010834537007,
                40.707146030758
              ],
              [
                -74.010933339045,
                40.707001305623
              ]
            ]
          ]
        ]
      }
    },
    {
      "type": "Feature",
      "id": "nyc-building-823954",
      "properties": {
        "object_id": 823954,
        "bin": "1001258",
        "doitt_id": 673746,
        "construction_year": 1923,
        "feature_code": 2100,
        "geometry_source": "Other (Manual)",
        "ground_elevation_ft": 33,
        "height_roof_ft": 138,
        "last_edited_date": "2017-08-22T18:33:51.000Z"
      },
      "geometry": {
        "type": "MultiPolygon",
        "coordinates": [
          [
            [
              [
                -74.007314690877,
                40.710710520039
              ],
              [
                -74.00738833436,
                40.71065765804
              ],
              [
                -74.007590043094,
                40.710778041434
              ],
              [
                -74.007499763431,
                40.710842845423
              ],
              [
                -74.007473012246,
                40.710862047859
              ],
              [
                -74.007447995073,
                40.710841867228
              ],
              [
                -74.007299069947,
                40.710721733294
              ],
              [
                -74.007314690877,
                40.710710520039
              ]
            ]
          ]
        ]
      }
    },
    {
      "type": "Feature",
      "id": "nyc-building-824224",
      "properties": {
        "object_id": 824224,
        "bin": "1087245",
        "doitt_id": 17286,
        "construction_year": 1900,
        "feature_code": 2100,
        "geometry_source": "Other (Manual)",
        "ground_elevation_ft": 35,
        "height_roof_ft": 186,
        "last_edited_date": "2017-08-22T18:34:05.000Z"
      },
      "geometry": {
        "type": "MultiPolygon",
        "coordinates": [
          [
            [
              [
                -74.007978384945,
                40.710070433206
              ],
              [
                -74.008303987554,
                40.710256676386
              ],
              [
                -74.008300236716,
                40.710260989204
              ],
              [
                -74.008204757021,
                40.710370780956
              ],
              [
                -74.007888069213,
                40.710219137225
              ],
              [
                -74.007872364628,
                40.710211617232
              ],
              [
                -74.007868711327,
                40.710210347761
              ],
              [
                -74.007865418907,
                40.710208599194
              ],
              [
                -74.007862597429,
                40.710206428255
              ],
              [
                -74.007860340391,
                40.710203906077
              ],
              [
                -74.00785871999,
                40.710201117305
              ],
              [
                -74.00785779304,
                40.710198153786
              ],
              [
                -74.007857589137,
                40.710195112775
              ],
              [
                -74.00785811421,
                40.710192096027
              ],
              [
                -74.00785935052,
                40.7101892026
              ],
              [
                -74.007861259025,
                40.710186527952
              ],
              [
                -74.007871704852,
                40.710176292029
              ],
              [
                -74.007978384945,
                40.710070433206
              ]
            ]
          ]
        ]
      }
    },
    {
      "type": "Feature",
      "id": "nyc-building-838534",
      "properties": {
        "object_id": 838534,
        "bin": "1001203",
        "doitt_id": 376977,
        "construction_year": 1940,
        "feature_code": 2100,
        "geometry_source": "Photogrammetric",
        "ground_elevation_ft": 35,
        "height_roof_ft": 23.5,
        "last_edited_date": "2017-08-22T17:31:15.000Z"
      },
      "geometry": {
        "type": "MultiPolygon",
        "coordinates": [
          [
            [
              [
                -74.007711226753,
                40.709952115255
              ],
              [
                -74.007739966838,
                40.709923152889
              ],
              [
                -74.007747615619,
                40.709927548669
              ],
              [
                -74.007890253796,
                40.710009511603
              ],
              [
                -74.007861513739,
                40.710038474007
              ],
              [
                -74.007711226753,
                40.709952115255
              ]
            ]
          ]
        ]
      }
    },
    {
      "type": "Feature",
      "id": "nyc-building-879439",
      "properties": {
        "object_id": 879439,
        "bin": "1001201",
        "doitt_id": 163071,
        "construction_year": 1900,
        "feature_code": 2100,
        "geometry_source": "Other (Manual)",
        "ground_elevation_ft": 33,
        "height_roof_ft": 55,
        "last_edited_date": "2017-08-22T18:31:12.000Z"
      },
      "geometry": {
        "type": "MultiPolygon",
        "coordinates": [
          [
            [
              [
                -74.007784969763,
                40.709889906585
              ],
              [
                -74.007702599576,
                40.709847694366
              ],
              [
                -74.007697374592,
                40.709845016595
              ],
              [
                -74.007622493454,
                40.709806642697
              ],
              [
                -74.007786789146,
                40.70964108083
              ],
              [
                -74.007813005196,
                40.709614661658
              ],
              [
                -74.00789011127,
                40.709655326182
              ],
              [
                -74.008120930633,
                40.709777055627
              ],
              [
                -74.007967012547,
                40.709932161416
              ],
              [
                -74.007933440155,
                40.709965992335
              ],
              [
                -74.007784969763,
                40.709889906585
              ]
            ]
          ]
        ]
      }
    },
    {
      "type": "Feature",
      "id": "nyc-building-881423",
      "properties": {
        "object_id": 881423,
        "bin": "1001038",
        "doitt_id": 141029,
        "construction_year": 1916,
        "feature_code": 2100,
        "geometry_source": "Photogrammetric",
        "ground_elevation_ft": 11,
        "height_roof_ft": 61.33,
        "last_edited_date": "2023-05-10T16:35:31.000Z"
      },
      "geometry": {
        "type": "MultiPolygon",
        "coordinates": [
          [
            [
              [
                -74.012487220665,
                40.709505163703
              ],
              [
                -74.01256006861,
                40.709410451717
              ],
              [
                -74.01257420789,
                40.709392732616
              ],
              [
                -74.012805650079,
                40.709495045689
              ],
              [
                -74.012754722166,
                40.709620117936
              ],
              [
                -74.012753449439,
                40.709623244652
              ],
              [
                -74.012638740926,
                40.709571421182
              ],
              [
                -74.012570040643,
                40.709540382683
              ],
              [
                -74.012545781526,
                40.709529423408
              ],
              [
                -74.012487220665,
                40.709505163703
              ]
            ]
          ]
        ]
      }
    },
    {
      "type": "Feature",
      "id": "nyc-building-885416",
      "properties": {
        "object_id": 885416,
        "bin": "1075700",
        "doitt_id": 343915,
        "construction_year": 1980,
        "feature_code": 2100,
        "geometry_source": "Photogrammetric",
        "ground_elevation_ft": 14,
        "height_roof_ft": 35.42,
        "last_edited_date": "2017-08-22T19:27:04.000Z"
      },
      "geometry": {
        "type": "MultiPolygon",
        "coordinates": [
          [
            [
              [
                -74.012437140819,
                40.709948869456
              ],
              [
                -74.012509470915,
                40.709853735225
              ],
              [
                -74.01251560647,
                40.709845665078
              ],
              [
                -74.012537097873,
                40.709775532733
              ],
              [
                -74.012601319539,
                40.709664165811
              ],
              [
                -74.012709912843,
                40.709711973713
              ],
              [
                -74.012585855445,
                40.710011077706
              ],
              [
                -74.01258471044,
                40.710013837898
              ],
              [
                -74.012582073617,
                40.710012676527
              ],
              [
                -74.012524591377,
                40.70998737033
              ],
              [
                -74.012472987582,
                40.709964651537
              ],
              [
                -74.012437140819,
                40.709948869456
              ]
            ]
          ]
        ]
      }
    },
    {
      "type": "Feature",
      "id": "nyc-building-891265",
      "properties": {
        "object_id": 891265,
        "bin": "1000819",
        "doitt_id": 557250,
        "construction_year": 1932,
        "feature_code": 2100,
        "geometry_source": "Photogrammetric",
        "ground_elevation_ft": 16,
        "height_roof_ft": 561.44,
        "last_edited_date": "2017-08-22T17:28:12.000Z"
      },
      "geometry": {
        "type": "MultiPolygon",
        "coordinates": [
          [
            [
              [
                -74.011493011186,
                40.706083064341
              ],
              [
                -74.011778582464,
                40.706207183593
              ],
              [
                -74.011886977723,
                40.706254296217
              ],
              [
                -74.011936167766,
                40.706275676474
              ],
              [
                -74.011930026131,
                40.70628799881
              ],
              [
                -74.01182784304,
                40.706493037822
              ],
              [
                -74.011826750031,
                40.706495232481
              ],
              [
                -74.01165826383,
                40.706422002065
              ],
              [
                -74.011382281081,
                40.706302049138
              ],
              [
                -74.011366488387,
                40.706295185199
              ],
              [
                -74.011369135919,
                40.706290747217
              ],
              [
                -74.011453007393,
                40.706150133027
              ],
              [
                -74.011489908222,
                40.706088266006
              ],
              [
                -74.011493011186,
                40.706083064341
              ]
            ]
          ]
        ]
      }
    },
    {
      "type": "Feature",
      "id": "nyc-building-924040",
      "properties": {
        "object_id": 924040,
        "bin": "1001099",
        "doitt_id": 448065,
        "construction_year": 1900,
        "feature_code": 2100,
        "geometry_source": "Photogrammetric",
        "ground_elevation_ft": 32,
        "height_roof_ft": 165.67,
        "last_edited_date": "2017-08-22T18:42:08.000Z"
      },
      "geometry": {
        "type": "MultiPolygon",
        "coordinates": [
          [
            [
              [
                -74.009769132317,
                40.709882876251
              ],
              [
                -74.009606525279,
                40.709804622916
              ],
              [
                -74.009646533496,
                40.709756482747
              ],
              [
                -74.009658894218,
                40.709741609769
              ],
              [
                -74.009660460753,
                40.709739724868
              ],
              [
                -74.009663906183,
                40.709735579526
              ],
              [
                -74.009679105521,
                40.709742894001
              ],
              [
                -74.00983658923,
                40.709818682073
              ],
              [
                -74.009830909959,
                40.709825514736
              ],
              [
                -74.009779208432,
                40.709887724648
              ],
              [
                -74.009769132317,
                40.709882876251
              ]
            ]
          ]
        ]
      }
    },
    {
      "type": "Feature",
      "id": "nyc-building-944560",
      "properties": {
        "object_id": 944560,
        "bin": "1079040",
        "doitt_id": 497632,
        "construction_year": 1908,
        "feature_code": 2100,
        "geometry_source": "Photogrammetric",
        "ground_elevation_ft": 31,
        "height_roof_ft": 266.21,
        "last_edited_date": "2017-08-22T17:27:32.000Z"
      },
      "geometry": {
        "type": "MultiPolygon",
        "coordinates": [
          [
            [
              [
                -74.009953166975,
                40.709466704568
              ],
              [
                -74.009988624728,
                40.709427137538
              ],
              [
                -74.009902632206,
                40.709382514735
              ],
              [
                -74.009886529021,
                40.709400484019
              ],
              [
                -74.009785082807,
                40.709347842503
              ],
              [
                -74.009773190086,
                40.709341670509
              ],
              [
                -74.009812282632,
                40.709298046421
              ],
              [
                -74.009864148802,
                40.709240167034
              ],
              [
                -74.010179702256,
                40.709403912821
              ],
              [
                -74.010122621938,
                40.70946760921
              ],
              [
                -74.010069388052,
                40.709527013397
              ],
              [
                -74.010042047328,
                40.709512825531
              ],
              [
                -74.009953166975,
                40.709466704568
              ]
            ]
          ]
        ]
      }
    },
    {
      "type": "Feature",
      "id": "nyc-building-947626",
      "properties": {
        "object_id": 947626,
        "bin": "1078966",
        "doitt_id": 713164,
        "construction_year": 1920,
        "feature_code": 2100,
        "geometry_source": "Photogrammetric",
        "ground_elevation_ft": 30,
        "height_roof_ft": 70.94,
        "last_edited_date": "2017-08-22T18:07:23.000Z"
      },
      "geometry": {
        "type": "MultiPolygon",
        "coordinates": [
          [
            [
              [
                -74.010145465166,
                40.71035601634
              ],
              [
                -74.010194143139,
                40.710293874974
              ],
              [
                -74.010241921814,
                40.710232880918
              ],
              [
                -74.010286057438,
                40.710176539208
              ],
              [
                -74.010331683773,
                40.710118292766
              ],
              [
                -74.010369682191,
                40.710069785119
              ],
              [
                -74.010412721796,
                40.710089307015
              ],
              [
                -74.010437058883,
                40.710100345977
              ],
              [
                -74.010212840861,
                40.710386577328
              ],
              [
                -74.010193619905,
                40.710377858483
              ],
              [
                -74.010145465166,
                40.71035601634
              ]
            ]
          ]
        ]
      }
    },
    {
      "type": "Feature",
      "id": "nyc-building-952342",
      "properties": {
        "object_id": 952342,
        "bin": "1001075",
        "doitt_id": 635382,
        "construction_year": 1920,
        "feature_code": 2100,
        "geometry_source": "Photogrammetric",
        "ground_elevation_ft": 33,
        "height_roof_ft": 69.32,
        "last_edited_date": "2017-08-22T17:52:39.000Z"
      },
      "geometry": {
        "type": "MultiPolygon",
        "coordinates": [
          [
            [
              [
                -74.010137361861,
                40.710352340267
              ],
              [
                -74.009834566131,
                40.710214993578
              ],
              [
                -74.009818621139,
                40.710207761134
              ],
              [
                -74.009867299308,
                40.710145619905
              ],
              [
                -74.009906771814,
                40.710163524978
              ],
              [
                -74.010194143139,
                40.710293874974
              ],
              [
                -74.010145465166,
                40.71035601634
              ],
              [
                -74.010137361861,
                40.710352340267
              ]
            ]
          ]
        ]
      }
    },
    {
      "type": "Feature",
      "id": "nyc-building-992322",
      "properties": {
        "object_id": 992322,
        "bin": "1001100",
        "doitt_id": 668410,
        "construction_year": 1927,
        "feature_code": 2100,
        "geometry_source": "Photogrammetric",
        "ground_elevation_ft": 31,
        "height_roof_ft": 199.11,
        "last_edited_date": "2017-08-22T19:02:11.000Z"
      },
      "geometry": {
        "type": "MultiPolygon",
        "coordinates": [
          [
            [
              [
                -74.009391294308,
                40.709943572436
              ],
              [
                -74.009257697996,
                40.709879279564
              ],
              [
                -74.009320194263,
                40.709804063831
              ],
              [
                -74.009354167231,
                40.709763176969
              ],
              [
                -74.009326027884,
                40.709749782348
              ],
              [
                -74.00934409162,
                40.709727807511
              ],
              [
                -74.009338067776,
                40.709725025421
              ],
              [
                -74.009420460285,
                40.709625889539
              ],
              [
                -74.009512208873,
                40.709671018312
              ],
              [
                -74.009658894218,
                40.709741609769
              ],
              [
                -74.009646533496,
                40.709756482747
              ],
              [
                -74.009606525279,
                40.709804622916
              ],
              [
                -74.009769132317,
                40.709882876251
              ],
              [
                -74.00970524387,
                40.709959750185
              ],
              [
                -74.009625156227,
                40.710056116102
              ],
              [
                -74.00952118423,
                40.710006080647
              ],
              [
                -74.009391294308,
                40.709943572436
              ]
            ]
          ]
        ]
      }
    },
    {
      "type": "Feature",
      "id": "nyc-building-992617",
      "properties": {
        "object_id": 992617,
        "bin": "1001226",
        "doitt_id": 950051,
        "construction_year": 1920,
        "feature_code": 2100,
        "geometry_source": "Other (Manual)",
        "ground_elevation_ft": 34,
        "height_roof_ft": 63,
        "last_edited_date": "2017-08-22T18:37:14.000Z"
      },
      "geometry": {
        "type": "MultiPolygon",
        "coordinates": [
          [
            [
              [
                -74.008204757021,
                40.710370780956
              ],
              [
                -74.008300236716,
                40.710260989204
              ],
              [
                -74.008303987554,
                40.710256676386
              ],
              [
                -74.008324178176,
                40.710233458851
              ],
              [
                -74.00840266873,
                40.710143203927
              ],
              [
                -74.008416855601,
                40.710126889231
              ],
              [
                -74.008489266379,
                40.71016335281
              ],
              [
                -74.008472219664,
                40.710182955491
              ],
              [
                -74.00839814733,
                40.710268131258
              ],
              [
                -74.008267065505,
                40.710418861086
              ],
              [
                -74.008194654571,
                40.710382397368
              ],
              [
                -74.008196951228,
                40.710379756006
              ],
              [
                -74.008204757021,
                40.710370780956
              ]
            ]
          ]
        ]
      }
    },
    {
      "type": "Feature",
      "id": "nyc-building-992855",
      "properties": {
        "object_id": 992855,
        "bin": "1079043",
        "doitt_id": 361912,
        "construction_year": 1965,
        "feature_code": 2100,
        "geometry_source": "Photogrammetric",
        "ground_elevation_ft": 24,
        "height_roof_ft": 564.62,
        "last_edited_date": "2017-08-22T19:02:11.000Z"
      },
      "geometry": {
        "type": "MultiPolygon",
        "coordinates": [
          [
            [
              [
                -74.008486367103,
                40.708844213141
              ],
              [
                -74.008428945117,
                40.708900786576
              ],
              [
                -74.008336452091,
                40.708991912442
              ],
              [
                -74.008280976076,
                40.708959306235
              ],
              [
                -74.008298116358,
                40.708942419514
              ],
              [
                -74.008242598982,
                40.708909788077
              ],
              [
                -74.008191250989,
                40.708879607508
              ],
              [
                -74.00815097821,
                40.708916891532
              ],
              [
                -74.008060092146,
                40.709001031797
              ],
              [
                -74.007973334202,
                40.709081350833
              ],
              [
                -74.007972168481,
                40.709080566569
              ],
              [
                -74.007968137164,
                40.7090843571
              ],
              [
                -74.007949825256,
                40.709101577041
              ],
              [
                -74.007648335897,
                40.708885100169
              ],
              [
                -74.007473165761,
                40.708759322866
              ],
              [
                -74.007393727918,
                40.708702283312
              ],
              [
                -74.007445668659,
                40.708651111112
              ],
              [
                -74.007540977351,
                40.708557213099
              ],
              [
                -74.007541735806,
                40.708556465625
              ],
              [
                -74.007557576255,
                40.708565776773
              ],
              [
                -74.007569809558,
                40.708572966551
              ],
              [
                -74.007571020009,
                40.708571774195
              ],
              [
                -74.00761709285,
                40.708526383585
              ],
              [
                -74.007823984772,
                40.708647989154
              ],
              [
                -74.007902171579,
                40.708570959481
              ],
              [
                -74.007987726167,
                40.708486669321
              ],
              [
                -74.008338200363,
                40.708692667029
              ],
              [
                -74.008303383935,
                40.708726968219
              ],
              [
                -74.008297220507,
                40.708733039911
              ],
              [
                -74.00837198674,
                40.708776984847
              ],
              [
                -74.00838254439,
                40.708783190402
              ],
              [
                -74.008486367103,
                40.708844213141
              ]
            ]
          ]
        ]
      }
    },
    {
      "type": "Feature",
      "id": "nyc-building-993286",
      "properties": {
        "object_id": 993286,
        "bin": "1001260",
        "doitt_id": 915138,
        "construction_year": 2001,
        "feature_code": 2100,
        "geometry_source": "Photogrammetric",
        "ground_elevation_ft": 38,
        "height_roof_ft": 85.15,
        "last_edited_date": "2017-08-22T19:24:25.000Z"
      },
      "geometry": {
        "type": "MultiPolygon",
        "coordinates": [
          [
            [
              [
                -74.007657216564,
                40.710929565969
              ],
              [
                -74.007738466568,
                40.710873181342
              ],
              [
                -74.007795477776,
                40.710907192496
              ],
              [
                -74.007728569353,
                40.710972133756
              ],
              [
                -74.007657216564,
                40.710929565969
              ]
            ]
          ]
        ]
      }
    },
    {
      "type": "Feature",
      "id": "nyc-building-997940",
      "properties": {
        "object_id": 997940,
        "bin": "1001242",
        "doitt_id": 59657,
        "construction_year": 1900,
        "feature_code": 2100,
        "geometry_source": "Photogrammetric",
        "ground_elevation_ft": 37,
        "height_roof_ft": 168.03,
        "last_edited_date": "2017-08-22T18:23:56.000Z"
      },
      "geometry": {
        "type": "MultiPolygon",
        "coordinates": [
          [
            [
              [
                -74.007963726873,
                40.710432363128
              ],
              [
                -74.007855877314,
                40.710541099144
              ],
              [
                -74.007821862802,
                40.710521563974
              ],
              [
                -74.007759987516,
                40.710583947462
              ],
              [
                -74.007866963922,
                40.710645385668
              ],
              [
                -74.007772611407,
                40.710740513959
              ],
              [
                -74.007553946421,
                40.71061835529
              ],
              [
                -74.007507988341,
                40.710592680226
              ],
              [
                -74.007505324264,
                40.710590615528
              ],
              [
                -74.007503296816,
                40.710588168972
              ],
              [
                -74.007503211591,
                40.710587991576
              ],
              [
                -74.007501995948,
                40.710585450414
              ],
              [
                -74.007501480844,
                40.710582584121
              ],
              [
                -74.00750177637,
                40.710579699765
              ],
              [
                -74.007502868341,
                40.710576928821
              ],
              [
                -74.007504707067,
                40.710574396464
              ],
              [
                -74.00773824083,
                40.710335616797
              ],
              [
                -74.00774043101,
                40.710333083513
              ],
              [
                -74.007743267374,
                40.710330953613
              ],
              [
                -74.007746623307,
                40.71032931896
              ],
              [
                -74.007750354445,
                40.710328253404
              ],
              [
                -74.007754295115,
                40.710327801082
              ],
              [
                -74.007757941191,
                40.710327969232
              ],
              [
                -74.00776374493,
                40.710330913511
              ],
              [
                -74.007907601828,
                40.710403891038
              ],
              [
                -74.007949632883,
                40.710425213144
              ],
              [
                -74.007963726873,
                40.710432363128
              ]
            ]
          ]
        ]
      }
    },
    {
      "type": "Feature",
      "id": "nyc-building-997942",
      "properties": {
        "object_id": 997942,
        "bin": "1001017",
        "doitt_id": 703179,
        "construction_year": 1927,
        "feature_code": 2100,
        "geometry_source": "Photogrammetric",
        "ground_elevation_ft": 30,
        "height_roof_ft": 327.8,
        "last_edited_date": "2017-08-22T18:23:56.000Z"
      },
      "geometry": {
        "type": "MultiPolygon",
        "coordinates": [
          [
            [
              [
                -74.009691216534,
                40.706627647033
              ],
              [
                -74.009576012831,
                40.706766563276
              ],
              [
                -74.00945397603,
                40.706913717841
              ],
              [
                -74.009333463761,
                40.707059031506
              ],
              [
                -74.009313699358,
                40.707082863341
              ],
              [
                -74.009207089136,
                40.707019237279
              ],
              [
                -74.009118369136,
                40.706966287966
              ],
              [
                -74.009104415228,
                40.70695796024
              ],
              [
                -74.009081673123,
                40.706944387728
              ],
              [
                -74.00921446147,
                40.706797557782
              ],
              [
                -74.009483085376,
                40.706500526556
              ],
              [
                -74.0095015233,
                40.706511787733
              ],
              [
                -74.009691216534,
                40.706627647033
              ]
            ]
          ]
        ]
      }
    },
    {
      "type": "Feature",
      "id": "nyc-building-1028843",
      "properties": {
        "object_id": 1028843,
        "bin": "1001028",
        "doitt_id": 687794,
        "construction_year": 1846,
        "feature_code": 2100,
        "geometry_source": "Photogrammetric",
        "ground_elevation_ft": 37,
        "height_roof_ft": 275.53685312,
        "last_edited_date": "2020-01-28T17:23:08.000Z"
      },
      "geometry": {
        "type": "MultiPolygon",
        "coordinates": [
          [
            [
              [
                -74.01240431074,
                40.708293808143
              ],
              [
                -74.01235822178,
                40.70827211168
              ],
              [
                -74.01233381099,
                40.708302139146
              ],
              [
                -74.012154553759,
                40.708217749691
              ],
              [
                -74.012167733462,
                40.708201537293
              ],
              [
                -74.012196050872,
                40.70816670522
              ],
              [
                -74.011915972846,
                40.708034852875
              ],
              [
                -74.011886573991,
                40.708071015047
              ],
              [
                -74.011834123078,
                40.708046322128
              ],
              [
                -74.011863520767,
                40.708010159969
              ],
              [
                -74.011903265805,
                40.707961271607
              ],
              [
                -74.011804408088,
                40.707914731656
              ],
              [
                -74.011878800115,
                40.707823223043
              ],
              [
                -74.011977657748,
                40.70786976203
              ],
              [
                -74.01201200298,
                40.707827514562
              ],
              [
                -74.01201819364,
                40.707830428871
              ],
              [
                -74.012044472503,
                40.70779810497
              ],
              [
                -74.012093333874,
                40.707821107911
              ],
              [
                -74.012066520268,
                40.707854090153
              ],
              [
                -74.012339804761,
                40.707982744247
              ],
              [
                -74.012365381956,
                40.707951282138
              ],
              [
                -74.012333735018,
                40.707936383873
              ],
              [
                -74.012392923692,
                40.707863576575
              ],
              [
                -74.012527364901,
                40.707926867067
              ],
              [
                -74.01262296388,
                40.707971872282
              ],
              [
                -74.012594890492,
                40.708006405465
              ],
              [
                -74.012563995415,
                40.70804440862
              ],
              [
                -74.012543258747,
                40.708034646637
              ],
              [
                -74.012405949466,
                40.708203549718
              ],
              [
                -74.012437982357,
                40.708218629825
              ],
              [
                -74.012402926155,
                40.708261751891
              ],
              [
                -74.012447926333,
                40.708282936064
              ],
              [
                -74.012446230962,
                40.708285021831
              ],
              [
                -74.012433104549,
                40.708301169418
              ],
              [
                -74.012411954389,
                40.708327185671
              ],
              [
                -74.012386802136,
                40.708315344856
              ],
              [
                -74.01240431074,
                40.708293808143
              ]
            ]
          ]
        ]
      }
    },
    {
      "type": "Feature",
      "id": "nyc-building-1032468",
      "properties": {
        "object_id": 1032468,
        "bin": "1000810",
        "doitt_id": 584348,
        "construction_year": 1898,
        "feature_code": 2100,
        "geometry_source": "Photogrammetric",
        "ground_elevation_ft": 35,
        "height_roof_ft": 319.99,
        "last_edited_date": "2020-01-28T17:15:41.000Z"
      },
      "geometry": {
        "type": "MultiPolygon",
        "coordinates": [
          [
            [
              [
                -74.012250313629,
                40.707276607902
              ],
              [
                -74.012347654362,
                40.707320550561
              ],
              [
                -74.01245021186,
                40.707366847411
              ],
              [
                -74.012552747015,
                40.707413134266
              ],
              [
                -74.012655205388,
                40.707459385918
              ],
              [
                -74.012757407094,
                40.707505522242
              ],
              [
                -74.012858927273,
                40.707551351476
              ],
              [
                -74.012922960454,
                40.707580257023
              ],
              [
                -74.012892594437,
                40.707635143896
              ],
              [
                -74.012871411537,
                40.707673431508
              ],
              [
                -74.01286936505,
                40.707677131939
              ],
              [
                -74.012856715864,
                40.707699996436
              ],
              [
                -74.012853984452,
                40.707704931543
              ],
              [
                -74.012815203501,
                40.707692204438
              ],
              [
                -74.012660086944,
                40.707641299489
              ],
              [
                -74.012580700362,
                40.707615247395
              ],
              [
                -74.012481743551,
                40.707582772221
              ],
              [
                -74.012381975008,
                40.707550030499
              ],
              [
                -74.012110780924,
                40.707461030297
              ],
              [
                -74.012250313629,
                40.707276607902
              ]
            ]
          ]
        ]
      }
    },
    {
      "type": "Feature",
      "id": "nyc-building-1032560",
      "properties": {
        "object_id": 1032560,
        "bin": "1075701",
        "doitt_id": 739005,
        "construction_year": 1900,
        "feature_code": 2100,
        "geometry_source": "Other (Manual)",
        "ground_elevation_ft": 32,
        "height_roof_ft": 56,
        "last_edited_date": "2017-08-22T17:47:44.000Z"
      },
      "geometry": {
        "type": "MultiPolygon",
        "coordinates": [
          [
            [
              [
                -74.007813005196,
                40.709614661658
              ],
              [
                -74.00783898576,
                40.709588481132
              ],
              [
                -74.007889121079,
                40.70953795993
              ],
              [
                -74.007882157561,
                40.709533958536
              ],
              [
                -74.007934116184,
                40.709481599247
              ],
              [
                -74.008056205376,
                40.709358568332
              ],
              [
                -74.008132477529,
                40.70941312764
              ],
              [
                -74.008015033671,
                40.709530491395
              ],
              [
                -74.00789011127,
                40.709655326182
              ],
              [
                -74.007813005196,
                40.709614661658
              ]
            ]
          ]
        ]
      }
    },
    {
      "type": "Feature",
      "id": "nyc-building-1033201",
      "properties": {
        "object_id": 1033201,
        "bin": "1001042",
        "doitt_id": 627094,
        "construction_year": 1900,
        "feature_code": 2100,
        "geometry_source": "Other (Manual)",
        "ground_elevation_ft": 19,
        "height_roof_ft": 67,
        "last_edited_date": "2017-08-22T18:00:33.000Z"
      },
      "geometry": {
        "type": "MultiPolygon",
        "coordinates": [
          [
            [
              [
                -74.011938362717,
                40.709729325851
              ],
              [
                -74.012141712652,
                40.709461867174
              ],
              [
                -74.012193452045,
                40.709484646437
              ],
              [
                -74.012322818434,
                40.709541601696
              ],
              [
                -74.012245115943,
                40.709643800896
              ],
              [
                -74.012248293597,
                40.709645199952
              ],
              [
                -74.012219475576,
                40.709683103728
              ],
              [
                -74.012174665317,
                40.709663375576
              ],
              [
                -74.012164505999,
                40.709676737534
              ],
              [
                -74.012169302659,
                40.709678849626
              ],
              [
                -74.012161843183,
                40.709688660583
              ],
              [
                -74.01211184748,
                40.709754417577
              ],
              [
                -74.012082632993,
                40.709792842756
              ],
              [
                -74.011938362717,
                40.709729325851
              ]
            ]
          ]
        ]
      }
    },
    {
      "type": "Feature",
      "id": "nyc-building-1033536",
      "properties": {
        "object_id": 1033536,
        "bin": "1090832",
        "doitt_id": 1288436,
        "construction_year": 2019,
        "feature_code": 2100,
        "geometry_source": "Other (Manual)",
        "ground_elevation_ft": 19,
        "height_roof_ft": 900,
        "last_edited_date": "2023-05-10T16:35:31.000Z"
      },
      "geometry": {
        "type": "MultiPolygon",
        "coordinates": [
          [
            [
              [
                -74.012994343315,
                40.709082521076
              ],
              [
                -74.012899906437,
                40.70928560508
              ],
              [
                -74.012527775092,
                40.70912636827
              ],
              [
                -74.012658993625,
                40.708937083563
              ],
              [
                -74.012994343315,
                40.709082521076
              ]
            ]
          ]
        ]
      }
    },
    {
      "type": "Feature",
      "id": "nyc-building-1034545",
      "properties": {
        "object_id": 1034545,
        "bin": "1001266",
        "doitt_id": 72454,
        "construction_year": 1900,
        "feature_code": 2100,
        "geometry_source": "Other (Manual)",
        "ground_elevation_ft": 35,
        "height_roof_ft": 110,
        "last_edited_date": "2017-08-22T17:48:19.000Z"
      },
      "geometry": {
        "type": "MultiPolygon",
        "coordinates": [
          [
            [
              [
                -74.007070025353,
                40.710368122315
              ],
              [
                -74.007171140434,
                40.710263356004
              ],
              [
                -74.007321278951,
                40.710107794968
              ],
              [
                -74.007342900809,
                40.710118723994
              ],
              [
                -74.007404147392,
                40.710149681442
              ],
              [
                -74.007291797597,
                40.710264686581
              ],
              [
                -74.00715084183,
                40.710408972607
              ],
              [
                -74.007070025353,
                40.710368122315
              ]
            ]
          ]
        ]
      }
    },
    {
      "type": "Feature",
      "id": "nyc-building-1035209",
      "properties": {
        "object_id": 1035209,
        "bin": "1001008",
        "doitt_id": 717046,
        "construction_year": 1887,
        "feature_code": 2100,
        "geometry_source": "Photogrammetric",
        "ground_elevation_ft": 20,
        "height_roof_ft": 93.73,
        "last_edited_date": "2020-01-28T17:18:29.000Z"
      },
      "geometry": {
        "type": "MultiPolygon",
        "coordinates": [
          [
            [
              [
                -74.007934190826,
                40.706838615642
              ],
              [
                -74.008063522134,
                40.706717281641
              ],
              [
                -74.008045426419,
                40.706706350698
              ],
              [
                -74.008141764725,
                40.706613992867
              ],
              [
                -74.008215768814,
                40.706543046212
              ],
              [
                -74.008327675007,
                40.706605793913
              ],
              [
                -74.008374822367,
                40.70663223041
              ],
              [
                -74.008422759105,
                40.706659109881
              ],
              [
                -74.008231301569,
                40.706842657881
              ],
              [
                -74.008114465266,
                40.706954666392
              ],
              [
                -74.007987012029,
                40.706872618903
              ],
              [
                -74.007934190826,
                40.706838615642
              ]
            ]
          ]
        ]
      }
    },
    {
      "type": "Feature",
      "id": "nyc-building-1035273",
      "properties": {
        "object_id": 1035273,
        "bin": "1001010",
        "doitt_id": 273523,
        "construction_year": 1900,
        "feature_code": 2100,
        "geometry_source": "Other (Manual)",
        "ground_elevation_ft": 25,
        "height_roof_ft": 80,
        "last_edited_date": "2017-08-22T17:53:02.000Z"
      },
      "geometry": {
        "type": "MultiPolygon",
        "coordinates": [
          [
            [
              [
                -74.008365998376,
                40.706934948791
              ],
              [
                -74.008445410185,
                40.706852643446
              ],
              [
                -74.008500404496,
                40.706795644225
              ],
              [
                -74.008553227578,
                40.706740895517
              ],
              [
                -74.008557128151,
                40.706743193332
              ],
              [
                -74.008590041611,
                40.706762581594
              ],
              [
                -74.008618779958,
                40.706779509961
              ],
              [
                -74.008610720088,
                40.706787432364
              ],
              [
                -74.00862057804,
                40.706793239925
              ],
              [
                -74.008436357667,
                40.706974343732
              ],
              [
                -74.008434200284,
                40.706973136304
              ],
              [
                -74.008365998376,
                40.706934948791
              ]
            ]
          ]
        ]
      }
    },
    {
      "type": "Feature",
      "id": "nyc-building-1036376",
      "properties": {
        "object_id": 1036376,
        "bin": "1090115",
        "doitt_id": 1286114,
        "construction_year": 2018,
        "feature_code": 2100,
        "geometry_source": "Other (Manual)",
        "ground_elevation_ft": 33,
        "height_roof_ft": 727,
        "last_edited_date": "2019-10-23T18:34:52.000Z"
      },
      "geometry": {
        "type": "MultiPolygon",
        "coordinates": [
          [
            [
              [
                -74.007320258111,
                40.709647577537
              ],
              [
                -74.00762373763,
                40.709809509355
              ],
              [
                -74.007438552533,
                40.709991834451
              ],
              [
                -74.007134093569,
                40.709837219763
              ],
              [
                -74.007320258111,
                40.709647577537
              ]
            ]
          ]
        ]
      }
    },
    {
      "type": "Feature",
      "id": "nyc-building-1036432",
      "properties": {
        "object_id": 1036432,
        "bin": "1001106",
        "doitt_id": 327339,
        "construction_year": 1920,
        "feature_code": 2100,
        "geometry_source": "Other (Manual)",
        "ground_elevation_ft": 29,
        "height_roof_ft": 156,
        "last_edited_date": "2017-08-22T17:47:33.000Z"
      },
      "geometry": {
        "type": "MultiPolygon",
        "coordinates": [
          [
            [
              [
                -74.008670364484,
                40.709366263592
              ],
              [
                -74.008814673351,
                40.709446842075
              ],
              [
                -74.00876243669,
                40.709503172136
              ],
              [
                -74.008654538856,
                40.70961952274
              ],
              [
                -74.00852273925,
                40.709528629578
              ],
              [
                -74.008517144891,
                40.709524772203
              ],
              [
                -74.008545550382,
                40.709493121632
              ],
              [
                -74.008650036498,
                40.709376701145
              ],
              [
                -74.008657564506,
                40.709380594389
              ],
              [
                -74.008670364484,
                40.709366263592
              ]
            ]
          ]
        ]
      }
    },
    {
      "type": "Feature",
      "id": "nyc-building-1036616",
      "properties": {
        "object_id": 1036616,
        "bin": "1001011",
        "doitt_id": 271276,
        "construction_year": 1902,
        "feature_code": 2100,
        "geometry_source": "Other (Manual)",
        "ground_elevation_ft": 26,
        "height_roof_ft": 154,
        "last_edited_date": "2017-08-22T18:01:17.000Z"
      },
      "geometry": {
        "type": "MultiPolygon",
        "coordinates": [
          [
            [
              [
                -74.008436357667,
                40.706974343732
              ],
              [
                -74.00862057804,
                40.706793239925
              ],
              [
                -74.008610720088,
                40.706787432364
              ],
              [
                -74.008618779958,
                40.706779509961
              ],
              [
                -74.0086310851,
                40.706767412468
              ],
              [
                -74.008729984218,
                40.706825670802
              ],
              [
                -74.008765773505,
                40.706846753557
              ],
              [
                -74.008753468373,
                40.706858851064
              ],
              [
                -74.008745409692,
                40.706866773476
              ],
              [
                -74.008738662956,
                40.706862799131
              ],
              [
                -74.008562123975,
                40.707045387498
              ],
              [
                -74.008554402108,
                40.707041025094
              ],
              [
                -74.008436357667,
                40.706974343732
              ]
            ]
          ]
        ]
      }
    },
    {
      "type": "Feature",
      "id": "nyc-building-1038326",
      "properties": {
        "object_id": 1038326,
        "bin": "1001026",
        "doitt_id": 201736,
        "construction_year": 1915,
        "feature_code": 2100,
        "geometry_source": "Other (Manual)",
        "ground_elevation_ft": 36,
        "height_roof_ft": 544,
        "last_edited_date": "2017-08-22T17:50:34.000Z"
      },
      "geometry": {
        "type": "MultiPolygon",
        "coordinates": [
          [
            [
              [
                -74.010775530527,
                40.7086742833
              ],
              [
                -74.009939818152,
                40.708124266786
              ],
              [
                -74.010051577188,
                40.707998953629
              ],
              [
                -74.010246168889,
                40.708123038636
              ],
              [
                -74.010253669093,
                40.708115742026
              ],
              [
                -74.010271269654,
                40.708126218806
              ],
              [
                -74.010326932444,
                40.708140475222
              ],
              [
                -74.010367548732,
                40.708100960735
              ],
              [
                -74.010337221443,
                40.708062055071
              ],
              [
                -74.010321967707,
                40.708052975684
              ],
              [
                -74.01033179403,
                40.708043415874
              ],
              [
                -74.010159829716,
                40.707937043874
              ],
              [
                -74.010126137533,
                40.707916202708
              ],
              [
                -74.010237178852,
                40.707791517087
              ],
              [
                -74.010316338418,
                40.707838634678
              ],
              [
                -74.011090288599,
                40.708299302114
              ],
              [
                -74.010968096637,
                40.708442345635
              ],
              [
                -74.010833142337,
                40.708357509542
              ],
              [
                -74.010775895076,
                40.708323435067
              ],
              [
                -74.010767511071,
                40.708331591782
              ],
              [
                -74.010749149402,
                40.708320662192
              ],
              [
                -74.010698551097,
                40.708305950751
              ],
              [
                -74.010651393072,
                40.708351829873
              ],
              [
                -74.010679476478,
                40.708379998865
              ],
              [
                -74.010701670258,
                40.708393208205
              ],
              [
                -74.010690921055,
                40.708403666842
              ],
              [
                -74.010903688535,
                40.708530307393
              ],
              [
                -74.010775530527,
                40.7086742833
              ]
            ]
          ]
        ]
      }
    },
    {
      "type": "Feature",
      "id": "nyc-building-1040028",
      "properties": {
        "object_id": 1040028,
        "bin": "1000815",
        "doitt_id": 153416,
        "construction_year": 1930,
        "feature_code": 2100,
        "geometry_source": "Photogrammetric",
        "ground_elevation_ft": 29,
        "height_roof_ft": 657.87,
        "last_edited_date": "2019-01-22T17:36:34.000Z"
      },
      "geometry": {
        "type": "MultiPolygon",
        "coordinates": [
          [
            [
              [
                -74.011859108308,
                40.706721645658
              ],
              [
                -74.01189504449,
                40.706665468043
              ],
              [
                -74.011938430103,
                40.706684199592
              ],
              [
                -74.011999395563,
                40.706710521506
              ],
              [
                -74.012061191838,
                40.706737200804
              ],
              [
                -74.012124317155,
                40.706764454455
              ],
              [
                -74.012202719436,
                40.706798304499
              ],
              [
                -74.01224808392,
                40.706817890307
              ],
              [
                -74.012187443108,
                40.706891971919
              ],
              [
                -74.012185396389,
                40.706894472856
              ],
              [
                -74.012124476231,
                40.706968896657
              ],
              [
                -74.011931690656,
                40.707204413156
              ],
              [
                -74.011944938144,
                40.707210692849
              ],
              [
                -74.011978787063,
                40.707226738246
              ],
              [
                -74.011843890133,
                40.70739153319
              ],
              [
                -74.01176067964,
                40.707493187849
              ],
              [
                -74.011658139421,
                40.707618454013
              ],
              [
                -74.011610194964,
                40.70762664721
              ],
              [
                -74.011583424669,
                40.707616982017
              ],
              [
                -74.011579754864,
                40.707615656834
              ],
              [
                -74.011520903085,
                40.70759440797
              ],
              [
                -74.011458385062,
                40.707564772079
              ],
              [
                -74.011419414594,
                40.70754205605
              ],
              [
                -74.011365715891,
                40.707510755087
              ],
              [
                -74.011364439824,
                40.707494439747
              ],
              [
                -74.01136320408,
                40.707478643098
              ],
              [
                -74.011390616468,
                40.707437628398
              ],
              [
                -74.01153254729,
                40.707225266466
              ],
              [
                -74.011635277426,
                40.707071556834
              ],
              [
                -74.011652047906,
                40.707045339448
              ],
              [
                -74.011762283676,
                40.706873011764
              ],
              [
                -74.011859108308,
                40.706721645658
              ]
            ]
          ]
        ]
      }
    },
    {
      "type": "Feature",
      "id": "nyc-building-1040510",
      "properties": {
        "object_id": 1040510,
        "bin": "1001088",
        "doitt_id": 147999,
        "construction_year": 1903,
        "feature_code": 2100,
        "geometry_source": "Photogrammetric",
        "ground_elevation_ft": 29,
        "height_roof_ft": 245.67,
        "last_edited_date": "2019-01-22T17:36:56.000Z"
      },
      "geometry": {
        "type": "MultiPolygon",
        "coordinates": [
          [
            [
              [
                -74.009585583598,
                40.709530402811
              ],
              [
                -74.009680487621,
                40.709424498357
              ],
              [
                -74.009704993813,
                40.709437215112
              ],
              [
                -74.009785082807,
                40.709347842503
              ],
              [
                -74.009886529021,
                40.709400484019
              ],
              [
                -74.009805895831,
                40.70949046369
              ],
              [
                -74.009891888429,
                40.709535086564
              ],
              [
                -74.009953166975,
                40.709466704568
              ],
              [
                -74.010042047328,
                40.709512825531
              ],
              [
                -74.010069388052,
                40.709527013397
              ],
              [
                -74.009913748909,
                40.709700693185
              ],
              [
                -74.009811631184,
                40.709647703254
              ],
              [
                -74.009585583598,
                40.709530402811
              ]
            ]
          ]
        ]
      }
    },
    {
      "type": "Feature",
      "id": "nyc-building-1040841",
      "properties": {
        "object_id": 1040841,
        "bin": "1087755",
        "doitt_id": 680944,
        "construction_year": 1967,
        "feature_code": 2100,
        "geometry_source": "Other (Manual)",
        "ground_elevation_ft": 17,
        "height_roof_ft": 200,
        "last_edited_date": "2017-08-22T17:42:06.000Z"
      },
      "geometry": {
        "type": "MultiPolygon",
        "coordinates": [
          [
            [
              [
                -74.007204711188,
                40.70800952386
              ],
              [
                -74.007242077058,
                40.707967066008
              ],
              [
                -74.007301837502,
                40.707899160974
              ],
              [
                -74.007302549794,
                40.707898351369
              ],
              [
                -74.007323917374,
                40.707874073126
              ],
              [
                -74.00747544779,
                40.707972519889
              ],
              [
                -74.007757272925,
                40.70815561391
              ],
              [
                -74.007738867745,
                40.708172950893
              ],
              [
                -74.007663763155,
                40.708243694684
              ],
              [
                -74.007619726664,
                40.708285174259
              ],
              [
                -74.007462250295,
                40.708188360703
              ],
              [
                -74.007193000919,
                40.708022829648
              ],
              [
                -74.007197559843,
                40.708017649622
              ],
              [
                -74.007204711188,
                40.70800952386
              ]
            ]
          ]
        ]
      }
    },
    {
      "type": "Feature",
      "id": "nyc-building-1042195",
      "properties": {
        "object_id": 1042195,
        "bin": "1001087",
        "doitt_id": 587796,
        "construction_year": 1924,
        "feature_code": 2100,
        "geometry_source": "Other (Manual)",
        "ground_elevation_ft": 32,
        "height_roof_ft": 303,
        "last_edited_date": "2017-08-22T18:35:00.000Z"
      },
      "geometry": {
        "type": "MultiPolygon",
        "coordinates": [
          [
            [
              [
                -74.009812282632,
                40.709298046421
              ],
              [
                -74.009799670367,
                40.709291500779
              ],
              [
                -74.009809657654,
                40.709280356103
              ],
              [
                -74.009752064006,
                40.709250469429
              ],
              [
                -74.00972955439,
                40.709238788102
              ],
              [
                -74.009769449813,
                40.709191026111
              ],
              [
                -74.009808278423,
                40.709147696513
              ],
              [
                -74.009959426386,
                40.708979028588
              ],
              [
                -74.010386453177,
                40.709173194188
              ],
              [
                -74.010380602381,
                40.709179723422
              ],
              [
                -74.010315513524,
                40.709252358204
              ],
              [
                -74.010179702256,
                40.709403912821
              ],
              [
                -74.009864148802,
                40.709240167034
              ],
              [
                -74.009812282632,
                40.709298046421
              ]
            ]
          ]
        ]
      }
    },
    {
      "type": "Feature",
      "id": "nyc-building-1045528",
      "properties": {
        "object_id": 1045528,
        "bin": "1001024",
        "doitt_id": 294988,
        "construction_year": 1896,
        "feature_code": 2100,
        "geometry_source": "Photogrammetric",
        "ground_elevation_ft": 35,
        "height_roof_ft": 326.63,
        "last_edited_date": "2020-01-28T17:25:19.000Z"
      },
      "geometry": {
        "type": "MultiPolygon",
        "coordinates": [
          [
            [
              [
                -74.010809362587,
                40.707999876411
              ],
              [
                -74.011018554863,
                40.707780613576
              ],
              [
                -74.011056810816,
                40.707740515539
              ],
              [
                -74.011136086867,
                40.707780535625
              ],
              [
                -74.011415219514,
                40.707921446408
              ],
              [
                -74.011420729704,
                40.707924227541
              ],
              [
                -74.011255171235,
                40.708115624123
              ],
              [
                -74.011177398073,
                40.70820553425
              ],
              [
                -74.011168555334,
                40.708215757713
              ],
              [
                -74.011157876776,
                40.708209339904
              ],
              [
                -74.010809362587,
                40.707999876411
              ]
            ]
          ]
        ]
      }
    },
    {
      "type": "Feature",
      "id": "nyc-building-1051368",
      "properties": {
        "object_id": 1051368,
        "bin": "1001020",
        "doitt_id": 852227,
        "construction_year": 1842,
        "feature_code": 2100,
        "geometry_source": "Photogrammetric",
        "ground_elevation_ft": 28,
        "height_roof_ft": 63.34,
        "last_edited_date": "2020-01-28T17:24:28.000Z"
      },
      "geometry": {
        "type": "MultiPolygon",
        "coordinates": [
          [
            [
              [
                -74.010290781081,
                40.707077409465
              ],
              [
                -74.010309671319,
                40.70705794502
              ],
              [
                -74.010330593451,
                40.707069703823
              ],
              [
                -74.010358914495,
                40.707085620519
              ],
              [
                -74.010414575545,
                40.707116902865
              ],
              [
                -74.010470087534,
                40.70714810145
              ],
              [
                -74.01052558419,
                40.707179291004
              ],
              [
                -74.010574283157,
                40.707206660286
              ],
              [
                -74.010580729412,
                40.707210283351
              ],
              [
                -74.010545630022,
                40.707246450211
              ],
              [
                -74.010492435431,
                40.7073012629
              ],
              [
                -74.010390127882,
                40.707406680646
              ],
              [
                -74.010333602439,
                40.707464924509
              ],
              [
                -74.010189520381,
                40.707613386659
              ],
              [
                -74.010168885683,
                40.707601789898
              ],
              [
                -74.010009364655,
                40.707512137263
              ],
              [
                -74.009918461543,
                40.707461048316
              ],
              [
                -74.009929834152,
                40.70744932898
              ],
              [
                -74.009956828109,
                40.707421514353
              ],
              [
                -74.010172402716,
                40.70719938706
              ],
              [
                -74.010290781081,
                40.707077409465
              ]
            ]
          ]
        ]
      }
    },
    {
      "type": "Feature",
      "id": "nyc-building-1051764",
      "properties": {
        "object_id": 1051764,
        "bin": "1001027",
        "doitt_id": 626894,
        "construction_year": 1968,
        "feature_code": 2100,
        "geometry_source": "Photogrammetric",
        "ground_elevation_ft": 35,
        "height_roof_ft": 678.75,
        "last_edited_date": "2020-01-28T17:24:53.000Z"
      },
      "geometry": {
        "type": "MultiPolygon",
        "coordinates": [
          [
            [
              [
                -74.009615828348,
                40.708577445105
              ],
              [
                -74.009858128278,
                40.708331714698
              ],
              [
                -74.010430856221,
                40.708706131019
              ],
              [
                -74.010347271281,
                40.708790900987
              ],
              [
                -74.010244764553,
                40.708894858872
              ],
              [
                -74.009609098328,
                40.708584269741
              ],
              [
                -74.009615828348,
                40.708577445105
              ]
            ]
          ]
        ]
      }
    },
    {
      "type": "Feature",
      "id": "nyc-building-1052002",
      "properties": {
        "object_id": 1052002,
        "bin": "1078988",
        "doitt_id": 184418,
        "construction_year": 1913,
        "feature_code": 2100,
        "geometry_source": "Photogrammetric",
        "ground_elevation_ft": 20,
        "height_roof_ft": 553.7,
        "last_edited_date": "2020-01-28T17:15:48.000Z"
      },
      "geometry": {
        "type": "MultiPolygon",
        "coordinates": [
          [
            [
              [
                -74.010112297387,
                40.706624293318
              ],
              [
                -74.010206813028,
                40.706541512658
              ],
              [
                -74.01023600548,
                40.706515944543
              ],
              [
                -74.010249103938,
                40.706524605398
              ],
              [
                -74.010384750986,
                40.706405798658
              ],
              [
                -74.010414212026,
                40.706418731844
              ],
              [
                -74.010439622357,
                40.706385209801
              ],
              [
                -74.010372248915,
                40.706359011008
              ],
              [
                -74.010393545717,
                40.706323722542
              ],
              [
                -74.010393658104,
                40.706323537026
              ],
              [
                -74.010510087399,
                40.706130622471
              ],
              [
                -74.010520199823,
                40.706113867529
              ],
              [
                -74.01052200274,
                40.706110880367
              ],
              [
                -74.010523291044,
                40.706108746938
              ],
              [
                -74.010808584639,
                40.706216594576
              ],
              [
                -74.01101021255,
                40.70629281367
              ],
              [
                -74.011004647694,
                40.70630203544
              ],
              [
                -74.011003928427,
                40.706303226886
              ],
              [
                -74.010964359228,
                40.706368791504
              ],
              [
                -74.010863625878,
                40.70653569826
              ],
              [
                -74.010756905945,
                40.706712524618
              ],
              [
                -74.010645352783,
                40.706897357768
              ],
              [
                -74.010637975429,
                40.706909581993
              ],
              [
                -74.010531307421,
                40.706928341353
              ],
              [
                -74.010442461878,
                40.706865529769
              ],
              [
                -74.010230737203,
                40.706715844156
              ],
              [
                -74.010239679733,
                40.706708519501
              ],
              [
                -74.010112297387,
                40.706624293318
              ]
            ]
          ]
        ]
      }
    },
    {
      "type": "Feature",
      "id": "nyc-building-1052169",
      "properties": {
        "object_id": 1052169,
        "bin": "1001018",
        "doitt_id": 77845,
        "construction_year": 1930,
        "feature_code": 2100,
        "geometry_source": "Photogrammetric",
        "ground_elevation_ft": 31,
        "height_roof_ft": 807.01,
        "last_edited_date": "2020-01-28T17:19:00.000Z"
      },
      "geometry": {
        "type": "MultiPolygon",
        "coordinates": [
          [
            [
              [
                -74.009313699358,
                40.707082863341
              ],
              [
                -74.009333463761,
                40.707059031506
              ],
              [
                -74.00945397603,
                40.706913717841
              ],
              [
                -74.009576012831,
                40.706766563276
              ],
              [
                -74.009691216534,
                40.706627647033
              ],
              [
                -74.00984023201,
                40.706719235317
              ],
              [
                -74.010087575858,
                40.70687125716
              ],
              [
                -74.010098915669,
                40.706878227024
              ],
              [
                -74.010092607212,
                40.706885539731
              ],
              [
                -74.010011603996,
                40.706979437733
              ],
              [
                -74.009941361192,
                40.707060862665
              ],
              [
                -74.009869431057,
                40.707144243609
              ],
              [
                -74.009852340584,
                40.707164054524
              ],
              [
                -74.009950907003,
                40.707217946155
              ],
              [
                -74.010056435781,
                40.707275644455
              ],
              [
                -74.009937207194,
                40.707398987955
              ],
              [
                -74.009903458554,
                40.707433900089
              ],
              [
                -74.009902887084,
                40.707434491775
              ],
              [
                -74.009824751959,
                40.707387860986
              ],
              [
                -74.009632402238,
                40.707273066544
              ],
              [
                -74.009313699358,
                40.707082863341
              ]
            ]
          ]
        ]
      }
    },
    {
      "type": "Feature",
      "id": "nyc-building-1052285",
      "properties": {
        "object_id": 1052285,
        "bin": "1001094",
        "doitt_id": 512073,
        "construction_year": 1844,
        "feature_code": 2100,
        "geometry_source": "Photogrammetric",
        "ground_elevation_ft": 27,
        "height_roof_ft": 60.14,
        "last_edited_date": "2020-01-28T17:22:28.000Z"
      },
      "geometry": {
        "type": "MultiPolygon",
        "coordinates": [
          [
            [
              [
                -74.008670364484,
                40.709366263592
              ],
              [
                -74.008663597407,
                40.709362484656
              ],
              [
                -74.008671642146,
                40.709354155222
              ],
              [
                -74.008693140129,
                40.709331897466
              ],
              [
                -74.008700468136,
                40.709335736692
              ],
              [
                -74.008751771308,
                40.70936261216
              ],
              [
                -74.008846984661,
                40.709412490497
              ],
              [
                -74.008814673351,
                40.709446842075
              ],
              [
                -74.008670364484,
                40.709366263592
              ]
            ]
          ]
        ]
      }
    },
    {
      "type": "Feature",
      "id": "nyc-building-1052953",
      "properties": {
        "object_id": 1052953,
        "bin": "1001016",
        "doitt_id": 114988,
        "construction_year": 1830,
        "feature_code": 2100,
        "geometry_source": "Photogrammetric",
        "ground_elevation_ft": 12,
        "height_roof_ft": 49.94,
        "last_edited_date": "2020-01-28T17:20:21.000Z"
      },
      "geometry": {
        "type": "MultiPolygon",
        "coordinates": [
          [
            [
              [
                -74.007279708141,
                40.707005614633
              ],
              [
                -74.007289716848,
                40.706994853788
              ],
              [
                -74.007406266762,
                40.706869542878
              ],
              [
                -74.00746699905,
                40.706804244667
              ],
              [
                -74.007485926915,
                40.706818126623
              ],
              [
                -74.007570199059,
                40.706751586819
              ],
              [
                -74.007585049785,
                40.706739861182
              ],
              [
                -74.007712253216,
                40.706817103104
              ],
              [
                -74.0076644737,
                40.706869617821
              ],
              [
                -74.007567629493,
                40.706976061984
              ],
              [
                -74.007465451125,
                40.707088366939
              ],
              [
                -74.007446491568,
                40.707109206002
              ],
              [
                -74.007411553312,
                40.707087505031
              ],
              [
                -74.007279708141,
                40.707005614633
              ]
            ]
          ]
        ]
      }
    },
    {
      "type": "Feature",
      "id": "nyc-building-1054449",
      "properties": {
        "object_id": 1054449,
        "bin": "1001029",
        "doitt_id": 253992,
        "construction_year": 1905,
        "feature_code": 2100,
        "geometry_source": "Photogrammetric",
        "ground_elevation_ft": 32,
        "height_roof_ft": 368.75327643,
        "last_edited_date": "2020-01-28T17:19:32.000Z"
      },
      "geometry": {
        "type": "MultiPolygon",
        "coordinates": [
          [
            [
              [
                -74.01177198873,
                40.708885600514
              ],
              [
                -74.011441345085,
                40.708738218368
              ],
              [
                -74.01142014217,
                40.708728766907
              ],
              [
                -74.011358198592,
                40.708701156158
              ],
              [
                -74.011187631229,
                40.708625126491
              ],
              [
                -74.011180522835,
                40.708597569736
              ],
              [
                -74.011262158603,
                40.708491515767
              ],
              [
                -74.011289000943,
                40.70845664444
              ],
              [
                -74.011534987517,
                40.708566291515
              ],
              [
                -74.011538747371,
                40.70856796789
              ],
              [
                -74.011557485102,
                40.708576320053
              ],
              [
                -74.01197557692,
                40.708762681337
              ],
              [
                -74.011982216456,
                40.708754053748
              ],
              [
                -74.011983931945,
                40.708751825705
              ],
              [
                -74.012031084846,
                40.70877284322
              ],
              [
                -74.012059478615,
                40.708785499636
              ],
              [
                -74.012071708579,
                40.70879095275
              ],
              [
                -74.012083949196,
                40.708796406763
              ],
              [
                -74.012096181531,
                40.708801858974
              ],
              [
                -74.012107309691,
                40.708806819621
              ],
              [
                -74.012069936026,
                40.708863598979
              ],
              [
                -74.01206517662,
                40.708870830583
              ],
              [
                -74.012060412481,
                40.708878069392
              ],
              [
                -74.012049851397,
                40.708894114006
              ],
              [
                -74.011996767882,
                40.708974759432
              ],
              [
                -74.011991153112,
                40.708983289659
              ],
              [
                -74.011988232305,
                40.708981987824
              ],
              [
                -74.011985685474,
                40.708980852545
              ],
              [
                -74.01193628148,
                40.708958831175
              ],
              [
                -74.011887148533,
                40.708936931325
              ],
              [
                -74.011837215594,
                40.708914674033
              ],
              [
                -74.01177198873,
                40.708885600514
              ]
            ]
          ]
        ]
      }
    },
    {
      "type": "Feature",
      "id": "nyc-building-1054646",
      "properties": {
        "object_id": 1054646,
        "bin": "1001108",
        "doitt_id": 537118,
        "construction_year": 1924,
        "feature_code": 2100,
        "geometry_source": "Photogrammetric",
        "ground_elevation_ft": 22,
        "height_roof_ft": 257.22,
        "last_edited_date": "2020-01-28T17:23:06.000Z"
      },
      "geometry": {
        "type": "MultiPolygon",
        "coordinates": [
          [
            [
              [
                -74.008254590747,
                40.70781621441
              ],
              [
                -74.008277668266,
                40.707813920951
              ],
              [
                -74.008286014155,
                40.707820868696
              ],
              [
                -74.008298431212,
                40.707831206572
              ],
              [
                -74.008393644557,
                40.707910477083
              ],
              [
                -74.008520002715,
                40.708015678139
              ],
              [
                -74.008650289272,
                40.708124147616
              ],
              [
                -74.008777364253,
                40.70822994357
              ],
              [
                -74.008907160497,
                40.708338004859
              ],
              [
                -74.009034224458,
                40.708443790622
              ],
              [
                -74.009197663843,
                40.708579860238
              ],
              [
                -74.009269821044,
                40.708639932957
              ],
              [
                -74.009256031643,
                40.708651437198
              ],
              [
                -74.009237709268,
                40.708666723048
              ],
              [
                -74.009171117984,
                40.70872227461
              ],
              [
                -74.009101587425,
                40.708780278457
              ],
              [
                -74.009030201425,
                40.708839830387
              ],
              [
                -74.008918953028,
                40.708932635844
              ],
              [
                -74.008868633151,
                40.708929784212
              ],
              [
                -74.008865563452,
                40.708929609749
              ],
              [
                -74.00884991666,
                40.708910277878
              ],
              [
                -74.00868928665,
                40.708711812939
              ],
              [
                -74.008485350159,
                40.70845983809
              ],
              [
                -74.008284258083,
                40.708211377362
              ],
              [
                -74.008230780858,
                40.70814530168
              ],
              [
                -74.008116402395,
                40.708003978153
              ],
              [
                -74.008111528589,
                40.707997955877
              ],
              [
                -74.008107056312,
                40.707975514549
              ],
              [
                -74.008138711714,
                40.707941334307
              ],
              [
                -74.008254590747,
                40.70781621441
              ]
            ]
          ]
        ]
      }
    },
    {
      "type": "Feature",
      "id": "nyc-building-1059162",
      "properties": {
        "object_id": 1059162,
        "bin": "1078981",
        "doitt_id": 257850,
        "construction_year": 1904,
        "feature_code": 2100,
        "geometry_source": "Other (Manual)",
        "ground_elevation_ft": 21,
        "height_roof_ft": 146,
        "last_edited_date": "2017-08-22T18:30:30.000Z"
      },
      "geometry": {
        "type": "MultiPolygon",
        "coordinates": [
          [
            [
              [
                -74.010933339045,
                40.707001305623
              ],
              [
                -74.010930243224,
                40.707000082122
              ],
              [
                -74.011111085612,
                40.706719903978
              ],
              [
                -74.011146473582,
                40.706665079217
              ],
              [
                -74.011366978694,
                40.706762435359
              ],
              [
                -74.011340192134,
                40.706800972689
              ],
              [
                -74.011588981722,
                40.70688900622
              ],
              [
                -74.01157490371,
                40.706910458721
              ],
              [
                -74.011460869113,
                40.707084233725
              ],
              [
                -74.011411834716,
                40.707158955833
              ],
              [
                -74.011396323049,
                40.707184342787
              ],
              [
                -74.011306415966,
                40.707148798563
              ],
              [
                -74.011131160624,
                40.707079513188
              ],
              [
                -74.010933339045,
                40.707001305623
              ]
            ]
          ]
        ]
      }
    },
    {
      "type": "Feature",
      "id": "nyc-building-1060282",
      "properties": {
        "object_id": 1060282,
        "bin": "1001037",
        "doitt_id": 739580,
        "construction_year": 1958,
        "feature_code": 2100,
        "geometry_source": "Other (Manual)",
        "ground_elevation_ft": 18,
        "height_roof_ft": 155,
        "last_edited_date": "2023-05-10T16:35:31.000Z"
      },
      "geometry": {
        "type": "MultiPolygon",
        "coordinates": [
          [
            [
              [
                -74.01257420789,
                40.709392732616
              ],
              [
                -74.01256006861,
                40.709410451717
              ],
              [
                -74.012487220665,
                40.709505163703
              ],
              [
                -74.012343415808,
                40.709442253296
              ],
              [
                -74.01226385282,
                40.709407447139
              ],
              [
                -74.012192889067,
                40.709376402352
              ],
              [
                -74.012089757296,
                40.709331285015
              ],
              [
                -74.012091486986,
                40.709328995734
              ],
              [
                -74.012094826873,
                40.709324573873
              ],
              [
                -74.01211910049,
                40.709292444682
              ],
              [
                -74.012260051931,
                40.709105870849
              ],
              [
                -74.012275003826,
                40.70908607962
              ],
              [
                -74.012321327367,
                40.709106345178
              ],
              [
                -74.012406618048,
                40.709143657702
              ],
              [
                -74.012491898173,
                40.709180965662
              ],
              [
                -74.012528661713,
                40.709197048398
              ],
              [
                -74.012516892372,
                40.709212627621
              ],
              [
                -74.012510202017,
                40.709221483075
              ],
              [
                -74.012444809178,
                40.709308042798
              ],
              [
                -74.012498513188,
                40.709331984272
              ],
              [
                -74.012510966967,
                40.709337536372
              ],
              [
                -74.012534966799,
                40.709348235435
              ],
              [
                -74.012590102888,
                40.709372815173
              ],
              [
                -74.01257420789,
                40.709392732616
              ]
            ]
          ]
        ]
      }
    },
    {
      "type": "Feature",
      "id": "nyc-building-1065158",
      "properties": {
        "object_id": 1065158,
        "bin": "1001208",
        "doitt_id": 624309,
        "construction_year": 1900,
        "feature_code": 2100,
        "geometry_source": "Other (Manual)",
        "ground_elevation_ft": 34,
        "height_roof_ft": 51,
        "last_edited_date": "2017-08-22T17:44:37.000Z"
      },
      "geometry": {
        "type": "MultiPolygon",
        "coordinates": [
          [
            [
              [
                -74.007438700355,
                40.709991851137
              ],
              [
                -74.007607283894,
                40.709821969502
              ],
              [
                -74.007622493454,
                40.709806642697
              ],
              [
                -74.007697374592,
                40.709845016595
              ],
              [
                -74.007696404324,
                40.709845993715
              ],
              [
                -74.007513911725,
                40.710029891944
              ],
              [
                -74.007438700355,
                40.709991851137
              ]
            ]
          ]
        ]
      }
    },
    {
      "type": "Feature",
      "id": "nyc-building-1065810",
      "properties": {
        "object_id": 1065810,
        "bin": "1078992",
        "doitt_id": 117108,
        "construction_year": 1904,
        "feature_code": 2100,
        "geometry_source": "Other (Manual)",
        "ground_elevation_ft": 22,
        "height_roof_ft": 331,
        "last_edited_date": "2017-08-22T18:44:46.000Z"
      },
      "geometry": {
        "type": "MultiPolygon",
        "coordinates": [
          [
            [
              [
                -74.009929335151,
                40.706530525479
              ],
              [
                -74.00994693792,
                40.706511370079
              ],
              [
                -74.010014069236,
                40.706438321066
              ],
              [
                -74.010058791789,
                40.706467891765
              ],
              [
                -74.010086411827,
                40.706443701608
              ],
              [
                -74.010194985687,
                40.70634860793
              ],
              [
                -74.010236343414,
                40.706312385684
              ],
              [
                -74.010316821579,
                40.706365598729
              ],
              [
                -74.010344951426,
                40.70634096091
              ],
              [
                -74.010372248915,
                40.706359011008
              ],
              [
                -74.010439622357,
                40.706385209801
              ],
              [
                -74.010414212026,
                40.706418731844
              ],
              [
                -74.010384750986,
                40.706405798658
              ],
              [
                -74.010249103938,
                40.706524605398
              ],
              [
                -74.01023600548,
                40.706515944543
              ],
              [
                -74.010206813028,
                40.706541512658
              ],
              [
                -74.010112297387,
                40.706624293318
              ],
              [
                -74.010094594683,
                40.706639797177
              ],
              [
                -74.010089574474,
                40.706636477432
              ],
              [
                -74.009929335151,
                40.706530525479
              ]
            ]
          ]
        ]
      }
    },
    {
      "type": "Feature",
      "id": "nyc-building-1070402",
      "properties": {
        "object_id": 1070402,
        "bin": "1079032",
        "doitt_id": 1107967,
        "construction_year": 2006,
        "feature_code": 2100,
        "geometry_source": "Other (Manual)",
        "ground_elevation_ft": 26,
        "height_roof_ft": 206,
        "last_edited_date": "2024-12-30T20:49:41.000Z"
      },
      "geometry": {
        "type": "MultiPolygon",
        "coordinates": [
          [
            [
              [
                -74.009200765609,
                40.709043041962
              ],
              [
                -74.009195759539,
                40.70904027329
              ],
              [
                -74.009118893353,
                40.708997761769
              ],
              [
                -74.009097123494,
                40.708985721856
              ],
              [
                -74.00913561353,
                40.708947770363
              ],
              [
                -74.009184948601,
                40.708965889225
              ],
              [
                -74.009274103986,
                40.708998630966
              ],
              [
                -74.009288236594,
                40.709003821274
              ],
              [
                -74.009227552277,
                40.709058210729
              ],
              [
                -74.009200765609,
                40.709043041962
              ]
            ]
          ]
        ]
      }
    },
    {
      "type": "Feature",
      "id": "nyc-building-1075095",
      "properties": {
        "object_id": 1075095,
        "bin": "1079064",
        "doitt_id": 54857,
        "construction_year": 1900,
        "feature_code": 2100,
        "geometry_source": "Photogrammetric",
        "ground_elevation_ft": 31,
        "height_roof_ft": 225.5,
        "last_edited_date": "2017-08-22T19:09:35.000Z"
      },
      "geometry": {
        "type": "MultiPolygon",
        "coordinates": [
          [
            [
              [
                -74.007399822005,
                40.709232602982
              ],
              [
                -74.007401277398,
                40.709231115244
              ],
              [
                -74.007476161432,
                40.709154532733
              ],
              [
                -74.007384809453,
                40.709102833079
              ],
              [
                -74.007514916385,
                40.708969706586
              ],
              [
                -74.007552173359,
                40.708997114808
              ],
              [
                -74.007720100547,
                40.709120651101
              ],
              [
                -74.007725577692,
                40.709124680521
              ],
              [
                -74.007561100006,
                40.709292974475
              ],
              [
                -74.007541654559,
                40.709312870744
              ],
              [
                -74.007399822005,
                40.709232602982
              ]
            ]
          ]
        ]
      }
    },
    {
      "type": "Feature",
      "id": "nyc-building-1076109",
      "properties": {
        "object_id": 1076109,
        "bin": "1090952",
        "doitt_id": 1294942,
        "construction_year": 2021,
        "feature_code": 1006,
        "geometry_source": "Other (Manual)",
        "ground_elevation_ft": 30,
        "height_roof_ft": 405,
        "last_edited_date": "2023-02-07T19:24:21.000Z"
      },
      "geometry": {
        "type": "MultiPolygon",
        "coordinates": [
          [
            [
              [
                -74.009733014766,
                40.710316849528
              ],
              [
                -74.009818473318,
                40.710207744452
              ],
              [
                -74.010296805641,
                40.71042471411
              ],
              [
                -74.010128401145,
                40.710639694546
              ],
              [
                -74.009956601568,
                40.710561767606
              ],
              [
                -74.009971642133,
                40.710542562906
              ],
              [
                -74.009925293449,
                40.710522248682
              ],
              [
                -74.009965612382,
                40.710469296049
              ],
              [
                -74.009859135705,
                40.710413281726
              ],
              [
                -74.009869530224,
                40.710402027148
              ],
              [
                -74.009804942205,
                40.710367669167
              ],
              [
                -74.009808896613,
                40.710364147832
              ],
              [
                -74.009745266452,
                40.710332649759
              ],
              [
                -74.00975212558,
                40.71032551623
              ],
              [
                -74.009733014766,
                40.710316849528
              ]
            ]
          ]
        ]
      }
    },
    {
      "type": "Feature",
      "id": "nyc-building-1077953",
      "properties": {
        "object_id": 1077953,
        "bin": "1001110",
        "doitt_id": 544160,
        "construction_year": 1841,
        "feature_code": 2100,
        "geometry_source": "Other (Manual)",
        "ground_elevation_ft": 28,
        "height_roof_ft": 43,
        "last_edited_date": "2020-01-28T17:23:51.000Z"
      },
      "geometry": {
        "type": "MultiPolygon",
        "coordinates": [
          [
            [
              [
                -74.008288916943,
                40.70903874336
              ],
              [
                -74.008298766275,
                40.709048899516
              ],
              [
                -74.008245923071,
                40.709100961867
              ],
              [
                -74.00814555862,
                40.709199842443
              ],
              [
                -74.008120552062,
                40.709224478595
              ],
              [
                -74.008006573156,
                40.70914232304
              ],
              [
                -74.008023306521,
                40.709125837116
              ],
              [
                -74.008111062486,
                40.709039379187
              ],
              [
                -74.008192563656,
                40.708959084734
              ],
              [
                -74.008288916943,
                40.70903874336
              ]
            ]
          ]
        ]
      }
    },
    {
      "type": "Feature",
      "id": "nyc-building-1078897",
      "properties": {
        "object_id": 1078897,
        "bin": "1001244",
        "doitt_id": 115982,
        "construction_year": 2016,
        "feature_code": 2100,
        "geometry_source": "Other (Manual)",
        "ground_elevation_ft": 36,
        "height_roof_ft": 362,
        "last_edited_date": "2024-12-26T18:52:42.000Z"
      },
      "geometry": {
        "type": "MultiPolygon",
        "coordinates": [
          [
            [
              [
                -74.008022457807,
                40.710489352807
              ],
              [
                -74.008074124586,
                40.710513652186
              ],
              [
                -74.008092908688,
                40.710493637009
              ],
              [
                -74.008181088907,
                40.710542687013
              ],
              [
                -74.007942649621,
                40.710781704745
              ],
              [
                -74.007856225744,
                40.710735249712
              ],
              [
                -74.00783838096,
                40.710753834775
              ],
              [
                -74.007789532289,
                40.710723817756
              ],
              [
                -74.008022457807,
                40.710489352807
              ]
            ]
          ]
        ]
      }
    },
    {
      "type": "Feature",
      "id": "nyc-building-1079232",
      "properties": {
        "object_id": 1079232,
        "bin": "1088795",
        "doitt_id": 1255932,
        "construction_year": 2009,
        "feature_code": 2100,
        "geometry_source": "Photogrammetric",
        "ground_elevation_ft": 15,
        "height_roof_ft": 978.45258,
        "last_edited_date": "2021-06-15T17:27:51.000Z"
      },
      "geometry": {
        "type": "MultiPolygon",
        "coordinates": [
          [
            [
              [
                -74.012495896689,
                40.710215953782
              ],
              [
                -74.012494845971,
                40.710216699519
              ],
              [
                -74.012495666043,
                40.710216573358
              ],
              [
                -74.012312205714,
                40.710713806704
              ],
              [
                -74.012175398845,
                40.710654079556
              ],
              [
                -74.012148359909,
                40.710690445048
              ],
              [
                -74.011444049431,
                40.710387218815
              ],
              [
                -74.011763205242,
                40.709901946239
              ],
              [
                -74.011886010567,
                40.7099545766
              ],
              [
                -74.012495896689,
                40.710215953782
              ]
            ]
          ]
        ]
      }
    },
    {
      "type": "Feature",
      "id": "nyc-building-1080008",
      "properties": {
        "object_id": 1080008,
        "bin": "1001009",
        "doitt_id": 978314,
        "construction_year": 1894,
        "feature_code": 2100,
        "geometry_source": "Other (Manual)",
        "ground_elevation_ft": 23,
        "height_roof_ft": 220,
        "last_edited_date": "2020-01-28T17:15:16.000Z"
      },
      "geometry": {
        "type": "MultiPolygon",
        "coordinates": [
          [
            [
              [
                -74.008114465266,
                40.706954666392
              ],
              [
                -74.008231301569,
                40.706842657881
              ],
              [
                -74.008422759105,
                40.706659109881
              ],
              [
                -74.008460351608,
                40.706680188097
              ],
              [
                -74.008558631158,
                40.706735294834
              ],
              [
                -74.008553274906,
                40.706740846886
              ],
              [
                -74.008553227578,
                40.706740895517
              ],
              [
                -74.008500404496,
                40.706795644225
              ],
              [
                -74.008445410185,
                40.706852643446
              ],
              [
                -74.008365998376,
                40.706934948791
              ],
              [
                -74.008361115366,
                40.70694001002
              ],
              [
                -74.008342516855,
                40.706959286818
              ],
              [
                -74.008296436419,
                40.707007045172
              ],
              [
                -74.008270941058,
                40.707033468914
              ],
              [
                -74.00826979573,
                40.70703465587
              ],
              [
                -74.008257891656,
                40.707046994633
              ],
              [
                -74.008114465266,
                40.706954666392
              ]
            ]
          ]
        ]
      }
    },
    {
      "type": "Feature",
      "id": "nyc-building-1082853",
      "properties": {
        "object_id": 1082853,
        "bin": "1001043",
        "doitt_id": 512806,
        "construction_year": 1978,
        "feature_code": 2100,
        "geometry_source": "Other (Manual)",
        "ground_elevation_ft": 21,
        "height_roof_ft": 65,
        "last_edited_date": "2017-08-22T17:52:04.000Z"
      },
      "geometry": {
        "type": "MultiPolygon",
        "coordinates": [
          [
            [
              [
                -74.011932420929,
                40.709558165897
              ],
              [
                -74.011968756141,
                40.709574162407
              ],
              [
                -74.011994881507,
                40.709539800684
              ],
              [
                -74.012076125287,
                40.709432942936
              ],
              [
                -74.012141860467,
                40.709461883852
              ],
              [
                -74.011938510534,
                40.709729342529
              ],
              [
                -74.011933818315,
                40.709735513318
              ],
              [
                -74.01193001105,
                40.709733836961
              ],
              [
                -74.011846580271,
                40.709697105625
              ],
              [
                -74.011844135793,
                40.709692716785
              ],
              [
                -74.01184240368,
                40.709688136063
              ],
              [
                -74.011841409981,
                40.709683429194
              ],
              [
                -74.011841336354,
                40.709681987483
              ],
              [
                -74.011841167723,
                40.709678665515
              ],
              [
                -74.011842143791,
                40.709677382186
              ],
              [
                -74.011924860859,
                40.709554837491
              ],
              [
                -74.011932420929,
                40.709558165897
              ]
            ]
          ]
        ]
      }
    },
    {
      "type": "Feature",
      "id": "nyc-building-1084194",
      "properties": {
        "object_id": 1084194,
        "bin": "1000814",
        "doitt_id": 527010,
        "construction_year": 1897,
        "feature_code": 2100,
        "geometry_source": "Other (Manual)",
        "ground_elevation_ft": 26,
        "height_roof_ft": 259.72,
        "last_edited_date": "2021-12-08T20:40:02.000Z"
      },
      "geometry": {
        "type": "MultiPolygon",
        "coordinates": [
          [
            [
              [
                -74.012131116312,
                40.706229726398
              ],
              [
                -74.012181271119,
                40.706252702155
              ],
              [
                -74.012269087381,
                40.706292930384
              ],
              [
                -74.01235639724,
                40.706332925367
              ],
              [
                -74.012443110755,
                40.706372648394
              ],
              [
                -74.012529519048,
                40.706412230909
              ],
              [
                -74.012614540458,
                40.706451177749
              ],
              [
                -74.012595580621,
                40.706473580951
              ],
              [
                -74.012378019538,
                40.706730660067
              ],
              [
                -74.012372435415,
                40.706737257815
              ],
              [
                -74.012371132453,
                40.706736678026
              ],
              [
                -74.012301019919,
                40.706705490923
              ],
              [
                -74.012230199759,
                40.706673989573
              ],
              [
                -74.012159070789,
                40.706642350435
              ],
              [
                -74.012087838929,
                40.706610665337
              ],
              [
                -74.012016482877,
                40.706578926177
              ],
              [
                -74.011961083048,
                40.706554283148
              ],
              [
                -74.011972474643,
                40.706532540013
              ],
              [
                -74.012131116312,
                40.706229726398
              ]
            ]
          ]
        ]
      }
    }
  ]
}
