{
  "type": "FeatureCollection",
  "features": [
    {
      "type": "Feature",
      "properties": {
        "building_id": "nyc-building-10009",
        "object_id": 10009,
        "bin": "1001103",
        "base_bbl": "1000650020",
        "name": "NYC Building 1001103",
        "use": "feature_code_2100",
        "feature_code": 2100,
        "construction_year": 1900,
        "height_roof_ft": 169.96,
        "height_m": 51.803808,
        "ground_elevation_ft": 31,
        "geometry_source": "Photogrammetric",
        "last_edited_date": "2017-08-22 18:02:33+00:00"
      },
      "geometry": {
        "type": "MultiPolygon",
        "coordinates": [
          [
            [
              [
                -74.008979733234,
                40.709852285355
              ],
              [
                -74.009074971079,
                40.709745407025
              ],
              [
                -74.009091177491,
                40.709727220824
              ],
              [
                -74.009113215571,
                40.709734512321
              ],
              [
                -74.009130678408,
                40.709757163294
              ],
              [
                -74.009126785642,
                40.709761455439
              ],
              [
                -74.009105757597,
                40.709784639863
              ],
              [
                -74.009206492752,
                40.709854636682
              ],
              [
                -74.009125035874,
                40.709954987123
              ],
              [
                -74.008979733234,
                40.709852285355
              ]
            ]
          ]
        ]
      },
      "id": "nyc-building-10009"
    },
    {
      "type": "Feature",
      "properties": {
        "building_id": "nyc-building-1025917",
        "object_id": 1025917,
        "bin": "1002132",
        "base_bbl": "1001890010",
        "name": "NYC Building 1002132",
        "use": "feature_code_2100",
        "feature_code": 2100,
        "construction_year": 1874,
        "height_roof_ft": 84.44,
        "height_m": 25.737312,
        "ground_elevation_ft": 14,
        "geometry_source": "Photogrammetric",
        "last_edited_date": "2020-01-28 17:22:59+00:00"
      },
      "geometry": {
        "type": "MultiPolygon",
        "coordinates": [
          [
            [
              [
                -74.007949304907,
                40.719550087901
              ],
              [
                -74.007954577522,
                40.719518983923
              ],
              [
                -74.007986927474,
                40.7193281294
              ],
              [
                -74.008077853198,
                40.719337050711
              ],
              [
                -74.008063691359,
                40.719420600119
              ],
              [
                -74.008042974845,
                40.719542824184
              ],
              [
                -74.008040232113,
                40.719559010141
              ],
              [
                -74.007949304907,
                40.719550087901
              ]
            ]
          ]
        ]
      },
      "id": "nyc-building-1025917"
    },
    {
      "type": "Feature",
      "properties": {
        "building_id": "nyc-building-1026300",
        "object_id": 1026300,
        "bin": "1002338",
        "base_bbl": "1001960005",
        "name": "NYC Building 1002338",
        "use": "feature_code_2100",
        "feature_code": 2100,
        "construction_year": 1868,
        "height_roof_ft": 77.06,
        "height_m": 23.487888,
        "ground_elevation_ft": 14,
        "geometry_source": "Photogrammetric",
        "last_edited_date": "2020-01-28 17:21:10+00:00"
      },
      "geometry": {
        "type": "MultiPolygon",
        "coordinates": [
          [
            [
              [
                -74.001510880539,
                40.718762581013
              ],
              [
                -74.001664126768,
                40.718579605159
              ],
              [
                -74.00167882422,
                40.718586226395
              ],
              [
                -74.001877318224,
                40.718675651179
              ],
              [
                -74.001827547029,
                40.718739606205
              ],
              [
                -74.001873715521,
                40.718760405443
              ],
              [
                -74.002149432258,
                40.718884619676
              ],
              [
                -74.002093478339,
                40.718950301208
              ],
              [
                -74.002047461075,
                40.71900431913
              ],
              [
                -74.001510880539,
                40.718762581013
              ]
            ]
          ]
        ]
      },
      "id": "nyc-building-1026300"
    },
    {
      "type": "Feature",
      "properties": {
        "building_id": "nyc-building-1026518",
        "object_id": 1026518,
        "bin": "1001484",
        "base_bbl": "1001360023",
        "name": "NYC Building 1001484",
        "use": "feature_code_2100",
        "feature_code": 2100,
        "construction_year": 1855,
        "height_roof_ft": 85.51,
        "height_m": 26.063448,
        "ground_elevation_ft": 25,
        "geometry_source": "Photogrammetric",
        "last_edited_date": "2020-01-28 17:24:26+00:00"
      },
      "geometry": {
        "type": "MultiPolygon",
        "coordinates": [
          [
            [
              [
                -74.008529394234,
                40.715100681186
              ],
              [
                -74.00866481231,
                40.714928990545
              ],
              [
                -74.008718033127,
                40.714953294006
              ],
              [
                -74.008742971781,
                40.714964681771
              ],
              [
                -74.008607553834,
                40.715136372504
              ],
              [
                -74.008561789306,
                40.715115474168
              ],
              [
                -74.008529394234,
                40.715100681186
              ]
            ]
          ]
        ]
      },
      "id": "nyc-building-1026518"
    },
    {
      "type": "Feature",
      "properties": {
        "building_id": "nyc-building-1026674",
        "object_id": 1026674,
        "bin": "1001932",
        "base_bbl": "1001750020",
        "name": "NYC Building 1001932",
        "use": "feature_code_2100",
        "feature_code": 2100,
        "construction_year": 1868,
        "height_roof_ft": 103.98,
        "height_m": 31.693104,
        "ground_elevation_ft": 20,
        "geometry_source": "Photogrammetric",
        "last_edited_date": "2020-01-28 17:26:07+00:00"
      },
      "geometry": {
        "type": "MultiPolygon",
        "coordinates": [
          [
            [
              [
                -74.004249321318,
                40.718454999966
              ],
              [
                -74.004269363028,
                40.718429749821
              ],
              [
                -74.004374371402,
                40.718297448337
              ],
              [
                -74.004395530187,
                40.71827079063
              ],
              [
                -74.004545561782,
                40.718339727854
              ],
              [
                -74.004541746368,
                40.718344534928
              ],
              [
                -74.004521452714,
                40.71837010301
              ],
              [
                -74.004371497176,
                40.718559033119
              ],
              [
                -74.004221465268,
                40.71849009657
              ],
              [
                -74.004249321318,
                40.718454999966
              ]
            ]
          ]
        ]
      },
      "id": "nyc-building-1026674"
    },
    {
      "type": "Feature",
      "properties": {
        "building_id": "nyc-building-1026773",
        "object_id": 1026773,
        "bin": "1079211",
        "base_bbl": "1001520025",
        "name": "NYC Building 1079211",
        "use": "feature_code_2100",
        "feature_code": 2100,
        "construction_year": 1864,
        "height_roof_ft": 81.21,
        "height_m": 24.752808,
        "ground_elevation_ft": 33,
        "geometry_source": "Photogrammetric",
        "last_edited_date": "2020-01-28 17:17:43+00:00"
      },
      "geometry": {
        "type": "MultiPolygon",
        "coordinates": [
          [
            [
              [
                -74.00491862216,
                40.716040276729
              ],
              [
                -74.005111294015,
                40.716134543663
              ],
              [
                -74.005187474301,
                40.716171815079
              ],
              [
                -74.005069657607,
                40.716311230139
              ],
              [
                -74.005112622877,
                40.716332250652
              ],
              [
                -74.005068185007,
                40.716384834317
              ],
              [
                -74.005037113604,
                40.716421601717
              ],
              [
                -74.005026782497,
                40.716433826597
              ],
              [
                -74.004800930288,
                40.716323326514
              ],
              [
                -74.004796394293,
                40.716328692844
              ],
              [
                -74.004710428478,
                40.716286633557
              ],
              [
                -74.004717705248,
                40.716278022579
              ],
              [
                -74.004725886138,
                40.716268341757
              ],
              [
                -74.004842914146,
                40.716129861811
              ],
              [
                -74.00491862216,
                40.716040276729
              ]
            ]
          ]
        ]
      },
      "id": "nyc-building-1026773"
    },
    {
      "type": "Feature",
      "properties": {
        "building_id": "nyc-building-1027328",
        "object_id": 1027328,
        "bin": "1001328",
        "base_bbl": "1000970007",
        "name": "NYC Building 1001328",
        "use": "feature_code_2100",
        "feature_code": 2100,
        "construction_year": 1819,
        "height_roof_ft": 59,
        "height_m": 17.9832,
        "ground_elevation_ft": 5,
        "geometry_source": "Photogrammetric",
        "last_edited_date": "2020-01-28 17:17:09+00:00"
      },
      "geometry": {
        "type": "MultiPolygon",
        "coordinates": [
          [
            [
              [
                -74.001924165579,
                40.707053220078
              ],
              [
                -74.001971590767,
                40.707026163408
              ],
              [
                -74.002128677195,
                40.707216807882
              ],
              [
                -74.002079649625,
                40.707241921341
              ],
              [
                -74.001924165579,
                40.707053220078
              ]
            ]
          ]
        ]
      },
      "id": "nyc-building-1027328"
    },
    {
      "type": "Feature",
      "properties": {
        "building_id": "nyc-building-1028097",
        "object_id": 1028097,
        "bin": "1002678",
        "base_bbl": "1002090001",
        "name": "NYC Building 1002678",
        "use": "feature_code_2100",
        "feature_code": 2100,
        "construction_year": 1928,
        "height_roof_ft": 39.009062,
        "height_m": 11.889962,
        "ground_elevation_ft": 12,
        "geometry_source": "Photogrammetric",
        "last_edited_date": "2020-01-28 17:18:12+00:00"
      },
      "geometry": {
        "type": "MultiPolygon",
        "coordinates": [
          [
            [
              [
                -74.001322380901,
                40.719221519264
              ],
              [
                -74.001345938055,
                40.719202283196
              ],
              [
                -74.001677885826,
                40.719437444309
              ],
              [
                -74.001623263714,
                40.719504965331
              ],
              [
                -74.001600864261,
                40.719532655425
              ],
              [
                -74.00155790569,
                40.719585759087
              ],
              [
                -74.00154421288,
                40.719579346741
              ],
              [
                -74.001272798959,
                40.719452243988
              ],
              [
                -74.001124741235,
                40.719382908066
              ],
              [
                -74.001144825985,
                40.71936650778
              ],
              [
                -74.001322380901,
                40.719221519264
              ]
            ]
          ]
        ]
      },
      "id": "nyc-building-1028097"
    },
    {
      "type": "Feature",
      "properties": {
        "building_id": "nyc-building-1028572",
        "object_id": 1028572,
        "bin": "1002300",
        "base_bbl": "1001940023",
        "name": "NYC Building 1002300",
        "use": "feature_code_2100",
        "feature_code": 2100,
        "construction_year": 1868,
        "height_roof_ft": 77.12,
        "height_m": 23.506176,
        "ground_elevation_ft": 14,
        "geometry_source": "Photogrammetric",
        "last_edited_date": "2020-01-28 17:18:12+00:00"
      },
      "geometry": {
        "type": "MultiPolygon",
        "coordinates": [
          [
            [
              [
                -74.003515023252,
                40.719783054574
              ],
              [
                -74.003667801781,
                40.719589450074
              ],
              [
                -74.003682590571,
                40.71957070999
              ],
              [
                -74.003711237111,
                40.71958379618
              ],
              [
                -74.003763365014,
                40.719607609373
              ],
              [
                -74.003721764462,
                40.719660326578
              ],
              [
                -74.003693634257,
                40.71969597327
              ],
              [
                -74.003595796675,
                40.719819954074
              ],
              [
                -74.003515023252,
                40.719783054574
              ]
            ]
          ]
        ]
      },
      "id": "nyc-building-1028572"
    },
    {
      "type": "Feature",
      "properties": {
        "building_id": "nyc-building-1029855",
        "object_id": 1029855,
        "bin": "1001231",
        "base_bbl": "1000870001",
        "name": "Saint Paul's Chapel",
        "use": "feature_code_2100",
        "feature_code": 2100,
        "construction_year": 1766,
        "height_roof_ft": 199.008023,
        "height_m": 60.657645,
        "ground_elevation_ft": 32,
        "geometry_source": "Photogrammetric",
        "last_edited_date": "2020-01-28 17:16:40+00:00"
      },
      "geometry": {
        "type": "MultiPolygon",
        "coordinates": [
          [
            [
              [
                -74.009236854943,
                40.711467532335
              ],
              [
                -74.008927525018,
                40.711314767056
              ],
              [
                -74.008913095834,
                40.711307641531
              ],
              [
                -74.009054085884,
                40.711142337237
              ],
              [
                -74.00909854386,
                40.711164294492
              ],
              [
                -74.009104692117,
                40.711167330528
              ],
              [
                -74.009112700187,
                40.711157942068
              ],
              [
                -74.009342909299,
                40.711271632028
              ],
              [
                -74.009459953907,
                40.711329435269
              ],
              [
                -74.009409297796,
                40.711388828118
              ],
              [
                -74.009431385492,
                40.711399736
              ],
              [
                -74.009384644594,
                40.711454536812
              ],
              [
                -74.00936255807,
                40.711443628921
              ],
              [
                -74.00931095757,
                40.71150412853
              ],
              [
                -74.009236854943,
                40.711467532335
              ]
            ]
          ]
        ]
      },
      "id": "nyc-building-1029855"
    },
    {
      "type": "Feature",
      "properties": {
        "building_id": "nyc-building-1030108",
        "object_id": 1030108,
        "bin": "1003919",
        "base_bbl": "1003040002",
        "name": "NYC Building 1003919",
        "use": "feature_code_2100",
        "feature_code": 2100,
        "construction_year": 1869,
        "height_roof_ft": 72.58,
        "height_m": 22.122384,
        "ground_elevation_ft": 39,
        "geometry_source": "Photogrammetric",
        "last_edited_date": "2020-01-28 17:19:46+00:00"
      },
      "geometry": {
        "type": "MultiPolygon",
        "coordinates": [
          [
            [
              [
                -73.994830997477,
                40.717321541758
              ],
              [
                -73.994864924645,
                40.717256768674
              ],
              [
                -73.994955092856,
                40.717284110348
              ],
              [
                -73.995038847768,
                40.717309507474
              ],
              [
                -73.995205878464,
                40.71736015654
              ],
              [
                -73.995171951575,
                40.717424929723
              ],
              [
                -73.994830997477,
                40.717321541758
              ]
            ]
          ]
        ]
      },
      "id": "nyc-building-1030108"
    },
    {
      "type": "Feature",
      "properties": {
        "building_id": "nyc-building-1031762",
        "object_id": 1031762,
        "bin": "1001564",
        "base_bbl": "1001440020",
        "name": "NYC Building 1001564",
        "use": "feature_code_2100",
        "feature_code": 2100,
        "construction_year": 1858,
        "height_roof_ft": 69.96,
        "height_m": 21.323808,
        "ground_elevation_ft": 12,
        "geometry_source": "Photogrammetric",
        "last_edited_date": "2020-01-28 17:26:10+00:00"
      },
      "geometry": {
        "type": "MultiPolygon",
        "coordinates": [
          [
            [
              [
                -74.008613063258,
                40.717281105907
              ],
              [
                -74.008624017401,
                40.717221966778
              ],
              [
                -74.008916149335,
                40.71725329218
              ],
              [
                -74.008908464348,
                40.717294784684
              ],
              [
                -74.008904049438,
                40.717318624233
              ],
              [
                -74.008851757031,
                40.717313017188
              ],
              [
                -74.008611917224,
                40.717287298801
              ],
              [
                -74.008613063258,
                40.717281105907
              ]
            ]
          ]
        ]
      },
      "id": "nyc-building-1031762"
    },
    {
      "type": "Feature",
      "properties": {
        "building_id": "nyc-building-1031869",
        "object_id": 1031869,
        "bin": "1002719",
        "base_bbl": "1002100026",
        "name": "NYC Building 1002719",
        "use": "feature_code_2100",
        "feature_code": 2100,
        "construction_year": 1896,
        "height_roof_ft": 110.25,
        "height_m": 33.6042,
        "ground_elevation_ft": 14,
        "geometry_source": "Photogrammetric",
        "last_edited_date": "2020-01-28 17:25:42+00:00"
      },
      "geometry": {
        "type": "MultiPolygon",
        "coordinates": [
          [
            [
              [
                -74.003044305925,
                40.71987786017
              ],
              [
                -74.002933858863,
                40.719827147222
              ],
              [
                -74.002948570988,
                40.719808598143
              ],
              [
                -74.002833863186,
                40.7197559293
              ],
              [
                -74.002848523249,
                40.719737447772
              ],
              [
                -74.002858084773,
                40.719725393309
              ],
              [
                -74.002905330178,
                40.719665828797
              ],
              [
                -74.003190855222,
                40.719796842724
              ],
              [
                -74.00310462549,
                40.719905556442
              ],
              [
                -74.003053801906,
                40.719882220188
              ],
              [
                -74.003044305925,
                40.71987786017
              ]
            ]
          ]
        ]
      },
      "id": "nyc-building-1031869"
    },
    {
      "type": "Feature",
      "properties": {
        "building_id": "nyc-building-1032593",
        "object_id": 1032593,
        "bin": "1001548",
        "base_bbl": "1001430014",
        "name": "NYC Building 1001548",
        "use": "feature_code_2100",
        "feature_code": 2100,
        "construction_year": 1865,
        "height_roof_ft": 56.541579,
        "height_m": 17.233873,
        "ground_elevation_ft": 17,
        "geometry_source": "Photogrammetric",
        "last_edited_date": "2020-01-28 17:17:07+00:00"
      },
      "geometry": {
        "type": "MultiPolygon",
        "coordinates": [
          [
            [
              [
                -74.010153714883,
                40.717627266101
              ],
              [
                -74.010181674912,
                40.717497670308
              ],
              [
                -74.010254150806,
                40.717506723006
              ],
              [
                -74.010226192097,
                40.717636318817
              ],
              [
                -74.010153714883,
                40.717627266101
              ]
            ]
          ]
        ]
      },
      "id": "nyc-building-1032593"
    },
    {
      "type": "Feature",
      "properties": {
        "building_id": "nyc-building-1032617",
        "object_id": 1032617,
        "bin": "1002037",
        "base_bbl": "1001800029",
        "name": "NYC Building 1002037",
        "use": "feature_code_2100",
        "feature_code": 2100,
        "construction_year": 1894,
        "height_roof_ft": 98.777428,
        "height_m": 30.10736,
        "ground_elevation_ft": 17,
        "geometry_source": "Photogrammetric",
        "last_edited_date": "2020-01-28 17:25:15+00:00"
      },
      "geometry": {
        "type": "MultiPolygon",
        "coordinates": [
          [
            [
              [
                -74.009459015834,
                40.718343578453
              ],
              [
                -74.009554105611,
                40.718354675689
              ],
              [
                -74.009547760414,
                40.718386148143
              ],
              [
                -74.009631587476,
                40.718395930604
              ],
              [
                -74.009583179572,
                40.718636061962
              ],
              [
                -74.009404263242,
                40.718615182185
              ],
              [
                -74.00944098185,
                40.718433039308
              ],
              [
                -74.009459015834,
                40.718343578453
              ]
            ]
          ]
        ]
      },
      "id": "nyc-building-1032617"
    },
    {
      "type": "Feature",
      "properties": {
        "building_id": "nyc-building-1032724",
        "object_id": 1032724,
        "bin": "1086185",
        "base_bbl": "1004180045",
        "name": "NYC Building 1086185",
        "use": "feature_code_2100",
        "feature_code": 2100,
        "construction_year": 2002,
        "height_roof_ft": 54,
        "height_m": 16.4592,
        "ground_elevation_ft": 39,
        "geometry_source": "Other (Manual)",
        "last_edited_date": "2017-08-22 17:41:55+00:00"
      },
      "geometry": {
        "type": "MultiPolygon",
        "coordinates": [
          [
            [
              [
                -73.992346826206,
                40.718440403514
              ],
              [
                -73.991980747756,
                40.718331172845
              ],
              [
                -73.992013551342,
                40.71826752707
              ],
              [
                -73.992080571729,
                40.718287524824
              ],
              [
                -73.992243149207,
                40.718336034661
              ],
              [
                -73.992300016467,
                40.718353002287
              ],
              [
                -73.992386182552,
                40.718378713076
              ],
              [
                -73.992405735207,
                40.718384546971
              ],
              [
                -73.992372930754,
                40.718448192857
              ],
              [
                -73.992346826206,
                40.718440403514
              ]
            ]
          ]
        ]
      },
      "id": "nyc-building-1032724"
    },
    {
      "type": "Feature",
      "properties": {
        "building_id": "nyc-building-1032893",
        "object_id": 1032893,
        "bin": "1001890",
        "base_bbl": "1001740010",
        "name": "NYC Building 1001890",
        "use": "feature_code_2100",
        "feature_code": 2100,
        "construction_year": 1866,
        "height_roof_ft": 78.91,
        "height_m": 24.051768,
        "ground_elevation_ft": 23,
        "geometry_source": "Photogrammetric",
        "last_edited_date": "2020-01-28 17:24:56+00:00"
      },
      "geometry": {
        "type": "MultiPolygon",
        "coordinates": [
          [
            [
              [
                -74.005137278057,
                40.717779583854
              ],
              [
                -74.005315031341,
                40.717553266766
              ],
              [
                -74.005392208534,
                40.717588357859
              ],
              [
                -74.005266827412,
                40.717747995305
              ],
              [
                -74.005214455418,
                40.717814675965
              ],
              [
                -74.005137278057,
                40.717779583854
              ]
            ]
          ]
        ]
      },
      "id": "nyc-building-1032893"
    },
    {
      "type": "Feature",
      "properties": {
        "building_id": "nyc-building-1033061",
        "object_id": 1033061,
        "bin": "1088815",
        "base_bbl": "1000690001",
        "name": "NYC Building 1088815",
        "use": "feature_code_2100",
        "feature_code": 2100,
        "construction_year": 2019,
        "height_roof_ft": 422,
        "height_m": 128.6256,
        "ground_elevation_ft": 10,
        "geometry_source": "Other (Manual)",
        "last_edited_date": "2023-08-09 20:43:26+00:00"
      },
      "geometry": {
        "type": "MultiPolygon",
        "coordinates": [
          [
            [
              [
                -74.006247714248,
                40.707375766991
              ],
              [
                -74.006071003382,
                40.70724223511
              ],
              [
                -74.006278021769,
                40.707158141448
              ],
              [
                -74.006437747121,
                40.707083966501
              ],
              [
                -74.006562222388,
                40.707210456111
              ],
              [
                -74.006476211787,
                40.707255543288
              ],
              [
                -74.006247714248,
                40.707375766991
              ]
            ]
          ]
        ]
      },
      "id": "nyc-building-1033061"
    },
    {
      "type": "Feature",
      "properties": {
        "building_id": "nyc-building-1033720",
        "object_id": 1033720,
        "bin": "1001866",
        "base_bbl": "1001720006",
        "name": "NYC Building 1001866",
        "use": "feature_code_2100",
        "feature_code": 2100,
        "construction_year": 1990,
        "height_roof_ft": 272,
        "height_m": 82.9056,
        "ground_elevation_ft": 22,
        "geometry_source": "Other (Manual)",
        "last_edited_date": "2017-08-22 18:53:09+00:00"
      },
      "geometry": {
        "type": "MultiPolygon",
        "coordinates": [
          [
            [
              [
                -74.002857786429,
                40.717792987003
              ],
              [
                -74.002849916956,
                40.717789190648
              ],
              [
                -74.002798685504,
                40.717764208152
              ],
              [
                -74.002804463217,
                40.717757275884
              ],
              [
                -74.002718797464,
                40.717715948126
              ],
              [
                -74.002713284844,
                40.717722563403
              ],
              [
                -74.002655786574,
                40.71769452466
              ],
              [
                -74.002622578426,
                40.717678504445
              ],
              [
                -74.002678028905,
                40.717611963569
              ],
              [
                -74.002725096753,
                40.717555482465
              ],
              [
                -74.002885694301,
                40.717632959345
              ],
              [
                -74.00308541828,
                40.717729310551
              ],
              [
                -74.003052261094,
                40.717769100478
              ],
              [
                -74.003074200724,
                40.71777968449
              ],
              [
                -74.003082301003,
                40.717783592487
              ],
              [
                -74.003072164606,
                40.71779575685
              ],
              [
                -74.003012340263,
                40.717867547102
              ],
              [
                -74.002857786429,
                40.717792987003
              ]
            ]
          ]
        ]
      },
      "id": "nyc-building-1033720"
    },
    {
      "type": "Feature",
      "properties": {
        "building_id": "nyc-building-1033752",
        "object_id": 1033752,
        "bin": "1088222",
        "base_bbl": "1001720027",
        "name": "NYC Building 1088222",
        "use": "feature_code_2100",
        "feature_code": 2100,
        "construction_year": 2007,
        "height_roof_ft": 201,
        "height_m": 61.2648,
        "ground_elevation_ft": 18,
        "geometry_source": "Other (Manual)",
        "last_edited_date": "2017-08-22 18:39:40+00:00"
      },
      "geometry": {
        "type": "MultiPolygon",
        "coordinates": [
          [
            [
              [
                -74.002314289355,
                40.717185099907
              ],
              [
                -74.00246337463,
                40.717007922319
              ],
              [
                -74.00251694997,
                40.717034020648
              ],
              [
                -74.002612190782,
                40.717080416414
              ],
              [
                -74.002605288813,
                40.717088619319
              ],
              [
                -74.002682232167,
                40.717126100389
              ],
              [
                -74.002540048026,
                40.717295075357
              ],
              [
                -74.002314289355,
                40.717185099907
              ]
            ]
          ]
        ]
      },
      "id": "nyc-building-1033752"
    },
    {
      "type": "Feature",
      "properties": {
        "building_id": "nyc-building-1034061",
        "object_id": 1034061,
        "bin": "1090830",
        "base_bbl": "1000510007",
        "name": "NYC Building 1090830",
        "use": "feature_code_2100",
        "feature_code": 2100,
        "construction_year": 2018,
        "height_roof_ft": 433,
        "height_m": 131.9784,
        "ground_elevation_ft": 20,
        "geometry_source": "Other (Manual)",
        "last_edited_date": "2019-10-29 20:09:11+00:00"
      },
      "geometry": {
        "type": "MultiPolygon",
        "coordinates": [
          [
            [
              [
                -74.012622741735,
                40.708529070398
              ],
              [
                -74.012842464756,
                40.708203084413
              ],
              [
                -74.013307785308,
                40.708332835752
              ],
              [
                -74.01318808732,
                40.708628693602
              ],
              [
                -74.012846849277,
                40.708498600215
              ],
              [
                -74.012790597715,
                40.708584042487
              ],
              [
                -74.012622741735,
                40.708529070398
              ]
            ]
          ]
        ]
      },
      "id": "nyc-building-1034061"
    },
    {
      "type": "Feature",
      "properties": {
        "building_id": "nyc-building-1034378",
        "object_id": 1034378,
        "bin": "1087663",
        "base_bbl": "1002380016",
        "name": "NYC Building 1087663",
        "use": "feature_code_2100",
        "feature_code": 2100,
        "construction_year": 1910,
        "height_roof_ft": 103,
        "height_m": 31.3944,
        "ground_elevation_ft": 32,
        "geometry_source": "Other (Manual)",
        "last_edited_date": "2017-08-22 17:54:43+00:00"
      },
      "geometry": {
        "type": "MultiPolygon",
        "coordinates": [
          [
            [
              [
                -73.9959503834,
                40.718761701268
              ],
              [
                -73.995986184438,
                40.718685861564
              ],
              [
                -73.996001006718,
                40.718654461294
              ],
              [
                -73.996028024317,
                40.71866184461
              ],
              [
                -73.996041969453,
                40.718632302056
              ],
              [
                -73.995987556982,
                40.718613358845
              ],
              [
                -73.995888238177,
                40.71857878116
              ],
              [
                -73.995912095641,
                40.71852857497
              ],
              [
                -73.995983690394,
                40.71855338474
              ],
              [
                -73.996216216002,
                40.718633961247
              ],
              [
                -73.996197661649,
                40.718673255293
              ],
              [
                -73.996174308333,
                40.718665163437
              ],
              [
                -73.99615593671,
                40.718695855811
              ],
              [
                -73.996182622842,
                40.718705103135
              ],
              [
                -73.99618099053,
                40.718708559239
              ],
              [
                -73.996153681532,
                40.718766390887
              ],
              [
                -73.996153382057,
                40.718767025736
              ],
              [
                -73.996126220973,
                40.718824544905
              ],
              [
                -73.9959503834,
                40.718761701268
              ]
            ]
          ]
        ]
      },
      "id": "nyc-building-1034378"
    },
    {
      "type": "Feature",
      "properties": {
        "building_id": "nyc-building-1034494",
        "object_id": 1034494,
        "bin": "1001264",
        "base_bbl": "1000910008",
        "name": "NYC Building 1001264",
        "use": "feature_code_2100",
        "feature_code": 2100,
        "construction_year": 1919,
        "height_roof_ft": 176,
        "height_m": 53.6448,
        "ground_elevation_ft": 34,
        "geometry_source": "Other (Manual)",
        "last_edited_date": "2017-08-22 18:48:54+00:00"
      },
      "geometry": {
        "type": "MultiPolygon",
        "coordinates": [
          [
            [
              [
                -74.006771042648,
                40.710216994016
              ],
              [
                -74.007005642059,
                40.709948247653
              ],
              [
                -74.007100261842,
                40.709996075203
              ],
              [
                -74.006846187615,
                40.71025497763
              ],
              [
                -74.006771042648,
                40.710216994016
              ]
            ]
          ]
        ]
      },
      "id": "nyc-building-1034494"
    },
    {
      "type": "Feature",
      "properties": {
        "building_id": "nyc-building-1034527",
        "object_id": 1034527,
        "bin": "1066414",
        "base_bbl": "1001470024",
        "name": "NYC Building 1066414",
        "use": "feature_code_2100",
        "feature_code": 2100,
        "construction_year": 2002,
        "height_roof_ft": 81,
        "height_m": 24.6888,
        "ground_elevation_ft": 19,
        "geometry_source": "Other (Manual)",
        "last_edited_date": "2017-08-22 18:35:00+00:00"
      },
      "geometry": {
        "type": "MultiPolygon",
        "coordinates": [
          [
            [
              [
                -74.007164527784,
                40.716703660237
              ],
              [
                -74.007314066312,
                40.716513292857
              ],
              [
                -74.007347494598,
                40.716470736212
              ],
              [
                -74.007352568773,
                40.716464277428
              ],
              [
                -74.007400802765,
                40.716486212568
              ],
              [
                -74.007424826862,
                40.716497137813
              ],
              [
                -74.007414940038,
                40.716509723983
              ],
              [
                -74.007236787223,
                40.71673652164
              ],
              [
                -74.007164527784,
                40.716703660237
              ]
            ]
          ]
        ]
      },
      "id": "nyc-building-1034527"
    },
    {
      "type": "Feature",
      "properties": {
        "building_id": "nyc-building-1037227",
        "object_id": 1037227,
        "bin": "1087867",
        "base_bbl": "1000760011",
        "name": "NYC Building 1087867",
        "use": "feature_code_2100",
        "feature_code": 2100,
        "construction_year": 2003,
        "height_roof_ft": 337,
        "height_m": 102.7176,
        "ground_elevation_ft": 20,
        "geometry_source": "Other (Manual)",
        "last_edited_date": "2017-08-22 17:49:27+00:00"
      },
      "geometry": {
        "type": "MultiPolygon",
        "coordinates": [
          [
            [
              [
                -74.005813606912,
                40.708492644021
              ],
              [
                -74.005823118896,
                40.708466408044
              ],
              [
                -74.005870717229,
                40.708436704963
              ],
              [
                -74.005793761411,
                40.708365292015
              ],
              [
                -74.005697573379,
                40.708276031835
              ],
              [
                -74.005645334404,
                40.708227556285
              ],
              [
                -74.005584079951,
                40.708170714497
              ],
              [
                -74.005974558144,
                40.708006540675
              ],
              [
                -74.00605184378,
                40.708011497553
              ],
              [
                -74.006137723958,
                40.708065572312
              ],
              [
                -74.006265422001,
                40.708145978388
              ],
              [
                -74.006335643334,
                40.70819019235
              ],
              [
                -74.006403870672,
                40.708233151968
              ],
              [
                -74.006404166634,
                40.708234414468
              ],
              [
                -74.006415597883,
                40.70828316121
              ],
              [
                -74.006167016452,
                40.708495913389
              ],
              [
                -74.006026220778,
                40.70861641556
              ],
              [
                -74.005996808016,
                40.708641589088
              ],
              [
                -74.005996477832,
                40.708641319852
              ],
              [
                -74.005923524873,
                40.708582008755
              ],
              [
                -74.005813606912,
                40.708492644021
              ]
            ]
          ]
        ]
      },
      "id": "nyc-building-1037227"
    },
    {
      "type": "Feature",
      "properties": {
        "building_id": "nyc-building-1038033",
        "object_id": 1038033,
        "bin": "1005479",
        "base_bbl": "1004150006",
        "name": "NYC Building 1005479",
        "use": "feature_code_2100",
        "feature_code": 2100,
        "construction_year": 1900,
        "height_roof_ft": 80,
        "height_m": 24.384,
        "ground_elevation_ft": 39,
        "geometry_source": "Other (Manual)",
        "last_edited_date": "2017-08-22 17:55:05+00:00"
      },
      "geometry": {
        "type": "MultiPolygon",
        "coordinates": [
          [
            [
              [
                -73.9906830569,
                40.719901156697
              ],
              [
                -73.990714567452,
                40.719839096999
              ],
              [
                -73.990971731426,
                40.719914682836
              ],
              [
                -73.990940222261,
                40.719976742604
              ],
              [
                -73.9906830569,
                40.719901156697
              ]
            ]
          ]
        ]
      },
      "id": "nyc-building-1038033"
    },
    {
      "type": "Feature",
      "properties": {
        "building_id": "nyc-building-1041199",
        "object_id": 1041199,
        "bin": "1006944",
        "base_bbl": "1004700050",
        "name": "NYC Building 1006944",
        "use": "feature_code_2100",
        "feature_code": 2100,
        "construction_year": 1915,
        "height_roof_ft": 51,
        "height_m": 15.5448,
        "ground_elevation_ft": 35,
        "geometry_source": "Other (Manual)",
        "last_edited_date": "2017-08-22 17:33:34+00:00"
      },
      "geometry": {
        "type": "MultiPolygon",
        "coordinates": [
          [
            [
              [
                -73.994625305135,
                40.719354233081
              ],
              [
                -73.994805920317,
                40.71942662706
              ],
              [
                -73.9948010648,
                40.719433639112
              ],
              [
                -73.994953697065,
                40.719494817542
              ],
              [
                -73.994964515701,
                40.719498982874
              ],
              [
                -73.994969192481,
                40.719492069863
              ],
              [
                -73.995023630551,
                40.719411611662
              ],
              [
                -73.995024931429,
                40.71940968913
              ],
              [
                -73.995127311345,
                40.719449338457
              ],
              [
                -73.995128119592,
                40.71945106747
              ],
              [
                -73.995313552137,
                40.719514438647
              ],
              [
                -73.995275411106,
                40.719624519928
              ],
              [
                -73.995266270699,
                40.71962073561
              ],
              [
                -73.995218343642,
                40.719600892695
              ],
              [
                -73.995151384705,
                40.71969759926
              ],
              [
                -73.995136856077,
                40.719718583231
              ],
              [
                -73.994570609897,
                40.719491620421
              ],
              [
                -73.994625305135,
                40.719354233081
              ]
            ]
          ]
        ]
      },
      "id": "nyc-building-1041199"
    },
    {
      "type": "Feature",
      "properties": {
        "building_id": "nyc-building-1041737",
        "object_id": 1041737,
        "bin": "1001659",
        "base_bbl": "1001510032",
        "name": "NYC Building 1001659",
        "use": "feature_code_2100",
        "feature_code": 2100,
        "construction_year": 1894,
        "height_roof_ft": 190.64,
        "height_m": 58.107072,
        "ground_elevation_ft": 29,
        "geometry_source": "Photogrammetric",
        "last_edited_date": "2020-01-28 17:20:45+00:00"
      },
      "geometry": {
        "type": "MultiPolygon",
        "coordinates": [
          [
            [
              [
                -74.005612750572,
                40.715617444525
              ],
              [
                -74.005589916548,
                40.715607094269
              ],
              [
                -74.005565232679,
                40.715638620534
              ],
              [
                -74.005557383395,
                40.715648646296
              ],
              [
                -74.005535268961,
                40.71563862198
              ],
              [
                -74.005345373888,
                40.715552543962
              ],
              [
                -74.005485204281,
                40.715373947249
              ],
              [
                -74.005660565191,
                40.715453435819
              ],
              [
                -74.005857923792,
                40.715542896156
              ],
              [
                -74.005782986226,
                40.715638609797
              ],
              [
                -74.005723128084,
                40.715715063423
              ],
              [
                -74.005658937522,
                40.715685966603
              ],
              [
                -74.005686435409,
                40.715650845341
              ],
              [
                -74.005659456605,
                40.715638615939
              ],
              [
                -74.005612750572,
                40.715617444525
              ]
            ]
          ]
        ]
      },
      "id": "nyc-building-1041737"
    },
    {
      "type": "Feature",
      "properties": {
        "building_id": "nyc-building-1042019",
        "object_id": 1042019,
        "bin": "1086561",
        "base_bbl": "1000970037",
        "name": "NYC Building 1086561",
        "use": "feature_code_2100",
        "feature_code": 2100,
        "construction_year": 1910,
        "height_roof_ft": 73,
        "height_m": 22.2504,
        "ground_elevation_ft": 5,
        "geometry_source": "Other (Manual)",
        "last_edited_date": "2017-08-22 17:42:58+00:00"
      },
      "geometry": {
        "type": "MultiPolygon",
        "coordinates": [
          [
            [
              [
                -74.002172296899,
                40.707592325723
              ],
              [
                -74.00224629534,
                40.707554383055
              ],
              [
                -74.002321400109,
                40.707515872995
              ],
              [
                -74.00239619831,
                40.707477519581
              ],
              [
                -74.002413511536,
                40.707500104045
              ],
              [
                -74.002417850811,
                40.70749817776
              ],
              [
                -74.002473577469,
                40.707570872157
              ],
              [
                -74.002528234444,
                40.707642172559
              ],
              [
                -74.002456527996,
                40.707674005389
              ],
              [
                -74.002380616045,
                40.707711570917
              ],
              [
                -74.002305822259,
                40.707748582557
              ],
              [
                -74.002172296899,
                40.707592325723
              ]
            ]
          ]
        ]
      },
      "id": "nyc-building-1042019"
    },
    {
      "type": "Feature",
      "properties": {
        "building_id": "nyc-building-1042334",
        "object_id": 1042334,
        "bin": "1003389",
        "base_bbl": "1002790004",
        "name": "NYC Building 1003389",
        "use": "feature_code_2100",
        "feature_code": 2100,
        "construction_year": 1900,
        "height_roof_ft": 45,
        "height_m": 13.716,
        "ground_elevation_ft": 17,
        "geometry_source": "Other (Manual)",
        "last_edited_date": "2017-08-22 18:08:59+00:00"
      },
      "geometry": {
        "type": "MultiPolygon",
        "coordinates": [
          [
            [
              [
                -73.997948580097,
                40.712191614673
              ],
              [
                -73.998018405378,
                40.712180139784
              ],
              [
                -73.998096433047,
                40.712167316924
              ],
              [
                -73.998103938812,
                40.712193760549
              ],
              [
                -73.998194644658,
                40.712178853148
              ],
              [
                -73.998195518036,
                40.71217870998
              ],
              [
                -73.998195615068,
                40.712179050375
              ],
              [
                -73.998204258045,
                40.712209503085
              ],
              [
                -73.998116416083,
                40.712223938672
              ],
              [
                -73.998003120653,
                40.712242557528
              ],
              [
                -73.997957940453,
                40.712249982349
              ],
              [
                -73.997948899992,
                40.712218133822
              ],
              [
                -73.997941694846,
                40.712192746492
              ],
              [
                -73.997948580097,
                40.712191614673
              ]
            ]
          ]
        ]
      },
      "id": "nyc-building-1042334"
    },
    {
      "type": "Feature",
      "properties": {
        "building_id": "nyc-building-1042585",
        "object_id": 1042585,
        "bin": "1003056",
        "base_bbl": "1002340012",
        "name": "NYC Building 1003056",
        "use": "feature_code_2100",
        "feature_code": 2100,
        "construction_year": 1911,
        "height_roof_ft": 152,
        "height_m": 46.3296,
        "ground_elevation_ft": 23,
        "geometry_source": "Other (Manual)",
        "last_edited_date": "2017-08-22 17:42:49+00:00"
      },
      "geometry": {
        "type": "MultiPolygon",
        "coordinates": [
          [
            [
              [
                -73.9988591994,
                40.719583555986
              ],
              [
                -73.999017859888,
                40.719658070141
              ],
              [
                -73.998914746735,
                40.719785167189
              ],
              [
                -73.998870743116,
                40.71983940628
              ],
              [
                -73.998712082362,
                40.719764891025
              ],
              [
                -73.998766931331,
                40.71969728494
              ],
              [
                -73.9988591994,
                40.719583555986
              ]
            ]
          ]
        ]
      },
      "id": "nyc-building-1042585"
    },
    {
      "type": "Feature",
      "properties": {
        "building_id": "nyc-building-1042879",
        "object_id": 1042879,
        "bin": "1000884",
        "base_bbl": "1000390010",
        "name": "NYC Building 1000884",
        "use": "feature_code_2100",
        "feature_code": 2100,
        "construction_year": 1956,
        "height_roof_ft": 134,
        "height_m": 40.8432,
        "ground_elevation_ft": 9,
        "geometry_source": "Other (Manual)",
        "last_edited_date": "2017-08-22 18:10:15+00:00"
      },
      "geometry": {
        "type": "MultiPolygon",
        "coordinates": [
          [
            [
              [
                -74.007096960467,
                40.705587826472
              ],
              [
                -74.007200045754,
                40.705649018837
              ],
              [
                -74.007268179659,
                40.705689463734
              ],
              [
                -74.007314185328,
                40.705716774236
              ],
              [
                -74.007555158325,
                40.70585981664
              ],
              [
                -74.007419720976,
                40.705994928304
              ],
              [
                -74.007378881927,
                40.705971833709
              ],
              [
                -74.007091021277,
                40.705809046519
              ],
              [
                -74.007099188844,
                40.705800682064
              ],
              [
                -74.007017508895,
                40.705754757381
              ],
              [
                -74.006928022252,
                40.705704443116
              ],
              [
                -74.006957677425,
                40.705682098733
              ],
              [
                -74.007068300523,
                40.70559874694
              ],
              [
                -74.007068752587,
                40.705599094509
              ],
              [
                -74.007075313428,
                40.705604136971
              ],
              [
                -74.007096960467,
                40.705587826472
              ]
            ]
          ]
        ]
      },
      "id": "nyc-building-1042879"
    },
    {
      "type": "Feature",
      "properties": {
        "building_id": "nyc-building-1044262",
        "object_id": 1044262,
        "bin": "1002081",
        "base_bbl": "1001810040",
        "name": "NYC Building 1002081",
        "use": "feature_code_2100",
        "feature_code": 2100,
        "construction_year": 1892,
        "height_roof_ft": 41.94,
        "height_m": 12.783312,
        "ground_elevation_ft": 16,
        "geometry_source": "Photogrammetric",
        "last_edited_date": "2020-01-28 17:21:16+00:00"
      },
      "geometry": {
        "type": "MultiPolygon",
        "coordinates": [
          [
            [
              [
                -74.009827396486,
                40.718957677444
              ],
              [
                -74.009848273421,
                40.718831134188
              ],
              [
                -74.009924262049,
                40.718838392076
              ],
              [
                -74.009903384072,
                40.718964934445
              ],
              [
                -74.009827396486,
                40.718957677444
              ]
            ]
          ]
        ]
      },
      "id": "nyc-building-1044262"
    },
    {
      "type": "Feature",
      "properties": {
        "building_id": "nyc-building-1044422",
        "object_id": 1044422,
        "bin": "1087870",
        "base_bbl": "1002350024",
        "name": "NYC Building 1087870",
        "use": "feature_code_2100",
        "feature_code": 2100,
        "construction_year": 1915,
        "height_roof_ft": 71,
        "height_m": 21.6408,
        "ground_elevation_ft": 21,
        "geometry_source": "Other (Manual)",
        "last_edited_date": "2017-08-22 18:06:36+00:00"
      },
      "geometry": {
        "type": "MultiPolygon",
        "coordinates": [
          [
            [
              [
                -73.998638998,
                40.718788778785
              ],
              [
                -73.998629368714,
                40.718784836238
              ],
              [
                -73.998620989247,
                40.718781406095
              ],
              [
                -73.998775453144,
                40.718528075447
              ],
              [
                -73.998798896935,
                40.71852181985
              ],
              [
                -73.998807851685,
                40.718519429989
              ],
              [
                -73.998980810559,
                40.718582360191
              ],
              [
                -73.998972576444,
                40.718594003713
              ],
              [
                -73.998970346592,
                40.71859715818
              ],
              [
                -73.998844008123,
                40.718775811875
              ],
              [
                -73.99879087127,
                40.71885095259
              ],
              [
                -73.998768749672,
                40.718841896827
              ],
              [
                -73.998638998,
                40.718788778785
              ]
            ]
          ]
        ]
      },
      "id": "nyc-building-1044422"
    },
    {
      "type": "Feature",
      "properties": {
        "building_id": "nyc-building-10461",
        "object_id": 10461,
        "bin": "1003613",
        "base_bbl": "1002830097",
        "name": "NYC Building 1003613",
        "use": "feature_code_2100",
        "feature_code": 2100,
        "construction_year": 1900,
        "height_roof_ft": 42.6,
        "height_m": 12.98448,
        "ground_elevation_ft": 39,
        "geometry_source": "Photogrammetric",
        "last_edited_date": "2017-08-22 19:37:24+00:00"
      },
      "geometry": {
        "type": "MultiPolygon",
        "coordinates": [
          [
            [
              [
                -73.992220448329,
                40.714110937595
              ],
              [
                -73.992389637254,
                40.714097005394
              ],
              [
                -73.992396486405,
                40.714145157949
              ],
              [
                -73.992257719889,
                40.714156584288
              ],
              [
                -73.992227297359,
                40.714159090161
              ],
              [
                -73.992220448329,
                40.714110937595
              ]
            ]
          ]
        ]
      },
      "id": "nyc-building-10461"
    },
    {
      "type": "Feature",
      "properties": {
        "building_id": "nyc-building-1046272",
        "object_id": 1046272,
        "bin": "1077207",
        "base_bbl": "1001460014",
        "name": "NYC Building 1077207",
        "use": "feature_code_2100",
        "feature_code": 2100,
        "construction_year": 1865,
        "height_roof_ft": 85.07,
        "height_m": 25.929336,
        "ground_elevation_ft": 19,
        "geometry_source": "Photogrammetric",
        "last_edited_date": "2020-01-28 17:22:13+00:00"
      },
      "geometry": {
        "type": "MultiPolygon",
        "coordinates": [
          [
            [
              [
                -74.008064418006,
                40.716349697441
              ],
              [
                -74.008228609532,
                40.716138949286
              ],
              [
                -74.008281151074,
                40.716071508997
              ],
              [
                -74.008336813147,
                40.71609661571
              ],
              [
                -74.008382983027,
                40.716117440261
              ],
              [
                -74.008229688047,
                40.716314204733
              ],
              [
                -74.008190672805,
                40.716364282195
              ],
              [
                -74.008166251418,
                40.716395628895
              ],
              [
                -74.008064418006,
                40.716349697441
              ]
            ]
          ]
        ]
      },
      "id": "nyc-building-1046272"
    },
    {
      "type": "Feature",
      "properties": {
        "building_id": "nyc-building-1047011",
        "object_id": 1047011,
        "bin": "1078937",
        "base_bbl": "1001800026",
        "name": "NYC Building 1078937",
        "use": "feature_code_2100",
        "feature_code": 2100,
        "construction_year": 1870,
        "height_roof_ft": 62.38,
        "height_m": 19.013424,
        "ground_elevation_ft": 16,
        "geometry_source": "Photogrammetric",
        "last_edited_date": "2020-01-28 17:16:32+00:00"
      },
      "geometry": {
        "type": "MultiPolygon",
        "coordinates": [
          [
            [
              [
                -74.00983457184,
                40.718665399186
              ],
              [
                -74.0098709274,
                40.718485047319
              ],
              [
                -74.009906505386,
                40.718489199216
              ],
              [
                -74.009949894912,
                40.718494262643
              ],
              [
                -74.009913936056,
                40.718674661327
              ],
              [
                -74.00983457184,
                40.718665399186
              ]
            ]
          ]
        ]
      },
      "id": "nyc-building-1047011"
    },
    {
      "type": "Feature",
      "properties": {
        "building_id": "nyc-building-1047975",
        "object_id": 1047975,
        "bin": "1002217",
        "base_bbl": "1001930045",
        "name": "NYC Building 1002217",
        "use": "feature_code_2100",
        "feature_code": 2100,
        "construction_year": 1869,
        "height_roof_ft": 75.02,
        "height_m": 22.866096,
        "ground_elevation_ft": 20,
        "geometry_source": "Photogrammetric",
        "last_edited_date": "2020-01-28 17:18:32+00:00"
      },
      "geometry": {
        "type": "MultiPolygon",
        "coordinates": [
          [
            [
              [
                -74.002807798577,
                40.718519038928
              ],
              [
                -74.002856290714,
                40.718461490637
              ],
              [
                -74.0031213406,
                40.718582790562
              ],
              [
                -74.003075048866,
                40.718641346575
              ],
              [
                -74.002807798577,
                40.718519038928
              ]
            ]
          ]
        ]
      },
      "id": "nyc-building-1047975"
    },
    {
      "type": "Feature",
      "properties": {
        "building_id": "nyc-building-1048703",
        "object_id": 1048703,
        "bin": "1002020",
        "base_bbl": "1001800004",
        "name": "NYC Building 1002020",
        "use": "feature_code_2100",
        "feature_code": 2100,
        "construction_year": 1867,
        "height_roof_ft": 79.892653,
        "height_m": 24.351281,
        "ground_elevation_ft": 16,
        "geometry_source": "Photogrammetric",
        "last_edited_date": "2020-01-28 17:18:02+00:00"
      },
      "geometry": {
        "type": "MultiPolygon",
        "coordinates": [
          [
            [
              [
                -74.009029701282,
                40.718344852036
              ],
              [
                -74.009042745789,
                40.718271394602
              ],
              [
                -74.00909686753,
                40.718276958191
              ],
              [
                -74.00937954749,
                40.718306016575
              ],
              [
                -74.009366503348,
                40.718379474047
              ],
              [
                -74.009030496634,
                40.71834493392
              ],
              [
                -74.009029701282,
                40.718344852036
              ]
            ]
          ]
        ]
      },
      "id": "nyc-building-1048703"
    },
    {
      "type": "Feature",
      "properties": {
        "building_id": "nyc-building-1049402",
        "object_id": 1049402,
        "bin": "1001382",
        "base_bbl": "1001070044",
        "name": "NYC Building 1001382",
        "use": "feature_code_2100",
        "feature_code": 2100,
        "construction_year": 1872,
        "height_roof_ft": 74.4,
        "height_m": 22.67712,
        "ground_elevation_ft": 8,
        "geometry_source": "Photogrammetric",
        "last_edited_date": "2020-01-28 17:17:11+00:00"
      },
      "geometry": {
        "type": "MultiPolygon",
        "coordinates": [
          [
            [
              [
                -74.001227204495,
                40.708350672001
              ],
              [
                -74.001252440683,
                40.70833690201
              ],
              [
                -74.001259400207,
                40.708345037153
              ],
              [
                -74.001329764697,
                40.708306566518
              ],
              [
                -74.001382249249,
                40.708362156261
              ],
              [
                -74.001454005458,
                40.708438157627
              ],
              [
                -74.001372499553,
                40.708479384937
              ],
              [
                -74.001351224006,
                40.708490146299
              ],
              [
                -74.001350744731,
                40.708489606898
              ],
              [
                -74.001227204495,
                40.708350672001
              ]
            ]
          ]
        ]
      },
      "id": "nyc-building-1049402"
    },
    {
      "type": "Feature",
      "properties": {
        "building_id": "nyc-building-1049637",
        "object_id": 1049637,
        "bin": "1002119",
        "base_bbl": "1001870027",
        "name": "NYC Building 1002119",
        "use": "feature_code_2100",
        "feature_code": 2100,
        "construction_year": 1906,
        "height_roof_ft": 84.38,
        "height_m": 25.719024,
        "ground_elevation_ft": 16,
        "geometry_source": "Photogrammetric",
        "last_edited_date": "2020-01-28 17:23:07+00:00"
      },
      "geometry": {
        "type": "MultiPolygon",
        "coordinates": [
          [
            [
              [
                -74.008785729375,
                40.719754333889
              ],
              [
                -74.008797381401,
                40.719681118839
              ],
              [
                -74.008807400255,
                40.719618171527
              ],
              [
                -74.008822580849,
                40.719619570658
              ],
              [
                -74.009126111197,
                40.71964753484
              ],
              [
                -74.009119945387,
                40.719686273466
              ],
              [
                -74.009109057643,
                40.719754687869
              ],
              [
                -74.009010555173,
                40.719745613079
              ],
              [
                -74.00900593963,
                40.719774621567
              ],
              [
                -74.008785729375,
                40.719754333889
              ]
            ]
          ]
        ]
      },
      "id": "nyc-building-1049637"
    },
    {
      "type": "Feature",
      "properties": {
        "building_id": "nyc-building-1050111",
        "object_id": 1050111,
        "bin": "1002202",
        "base_bbl": "1001930015",
        "name": "NYC Building 1002202",
        "use": "feature_code_2100",
        "feature_code": 2100,
        "construction_year": 1880,
        "height_roof_ft": 75.31,
        "height_m": 22.954488,
        "ground_elevation_ft": 16,
        "geometry_source": "Photogrammetric",
        "last_edited_date": "2020-01-28 17:19:29+00:00"
      },
      "geometry": {
        "type": "MultiPolygon",
        "coordinates": [
          [
            [
              [
                -74.004152010759,
                40.719013368378
              ],
              [
                -74.004178936856,
                40.718979308313
              ],
              [
                -74.004181210283,
                40.718976432902
              ],
              [
                -74.004203925603,
                40.7189476986
              ],
              [
                -74.004183212823,
                40.718938219686
              ],
              [
                -74.004192484041,
                40.718926492907
              ],
              [
                -74.00421412476,
                40.718899117512
              ],
              [
                -74.00427710936,
                40.718927941415
              ],
              [
                -74.004294672622,
                40.718935978713
              ],
              [
                -74.004308612554,
                40.718918345305
              ],
              [
                -74.004316953551,
                40.718907794617
              ],
              [
                -74.004438515471,
                40.718754020698
              ],
              [
                -74.004511510811,
                40.718787424981
              ],
              [
                -74.004455406977,
                40.718858396364
              ],
              [
                -74.004396035505,
                40.718933499383
              ],
              [
                -74.004336976333,
                40.719008207936
              ],
              [
                -74.004257615499,
                40.718971889729
              ],
              [
                -74.004205480566,
                40.719037838696
              ],
              [
                -74.004152010759,
                40.719013368378
              ]
            ]
          ]
        ]
      },
      "id": "nyc-building-1050111"
    },
    {
      "type": "Feature",
      "properties": {
        "building_id": "nyc-building-1050735",
        "object_id": 1050735,
        "bin": "1001361",
        "base_bbl": "1001060006",
        "name": "NYC Building 1001361",
        "use": "feature_code_2100",
        "feature_code": 2100,
        "construction_year": 1824,
        "height_roof_ft": 33.81,
        "height_m": 10.305288,
        "ground_elevation_ft": 9,
        "geometry_source": "Photogrammetric",
        "last_edited_date": "2020-01-28 17:23:25+00:00"
      },
      "geometry": {
        "type": "MultiPolygon",
        "coordinates": [
          [
            [
              [
                -74.001540594993,
                40.708856526824
              ],
              [
                -74.001429176845,
                40.708750358889
              ],
              [
                -74.001315888107,
                40.708642407855
              ],
              [
                -74.001399693553,
                40.708602089174
              ],
              [
                -74.001515069871,
                40.708712029329
              ],
              [
                -74.001621305979,
                40.708813260651
              ],
              [
                -74.001633867782,
                40.708825230069
              ],
              [
                -74.001556862018,
                40.708872027104
              ],
              [
                -74.001554352024,
                40.70886963538
              ],
              [
                -74.001540594993,
                40.708856526824
              ]
            ]
          ]
        ]
      },
      "id": "nyc-building-1050735"
    },
    {
      "type": "Feature",
      "properties": {
        "building_id": "nyc-building-1050880",
        "object_id": 1050880,
        "bin": "1002299",
        "base_bbl": "1001940022",
        "name": "NYC Building 1002299",
        "use": "feature_code_2100",
        "feature_code": 2100,
        "construction_year": 1876,
        "height_roof_ft": 67,
        "height_m": 20.4216,
        "ground_elevation_ft": 13,
        "geometry_source": "Photogrammetric",
        "last_edited_date": "2020-01-28 17:24:45+00:00"
      },
      "geometry": {
        "type": "MultiPolygon",
        "coordinates": [
          [
            [
              [
                -74.003674787688,
                40.719856038613
              ],
              [
                -74.003710794065,
                40.719810411321
              ],
              [
                -74.00386243099,
                40.719879680757
              ],
              [
                -74.003826424679,
                40.719925308096
              ],
              [
                -74.003674787688,
                40.719856038613
              ]
            ]
          ]
        ]
      },
      "id": "nyc-building-1050880"
    },
    {
      "type": "Feature",
      "properties": {
        "building_id": "nyc-building-1050909",
        "object_id": 1050909,
        "bin": "1002306",
        "base_bbl": "1001940031",
        "name": "NYC Building 1002306",
        "use": "feature_code_2100",
        "feature_code": 2100,
        "construction_year": 1822,
        "height_roof_ft": 35.37,
        "height_m": 10.780776,
        "ground_elevation_ft": 14,
        "geometry_source": "Photogrammetric",
        "last_edited_date": "2020-01-28 17:19:57+00:00"
      },
      "geometry": {
        "type": "MultiPolygon",
        "coordinates": [
          [
            [
              [
                -74.002817310488,
                40.719464324775
              ],
              [
                -74.002892056637,
                40.719369606381
              ],
              [
                -74.002982935936,
                40.719254444142
              ],
              [
                -74.003062044305,
                40.719290584032
              ],
              [
                -74.002970128352,
                40.719407059303
              ],
              [
                -74.002896419016,
                40.719500463877
              ],
              [
                -74.002817310488,
                40.719464324775
              ]
            ]
          ]
        ]
      },
      "id": "nyc-building-1050909"
    },
    {
      "type": "Feature",
      "properties": {
        "building_id": "nyc-building-1051379",
        "object_id": 1051379,
        "bin": "1001525",
        "base_bbl": "1001410025",
        "name": "NYC Building 1001525",
        "use": "feature_code_2100",
        "feature_code": 2100,
        "construction_year": 1869,
        "height_roof_ft": 69.78,
        "height_m": 21.268944,
        "ground_elevation_ft": 17,
        "geometry_source": "Photogrammetric",
        "last_edited_date": "2020-01-28 17:26:12+00:00"
      },
      "geometry": {
        "type": "MultiPolygon",
        "coordinates": [
          [
            [
              [
                -74.009812909131,
                40.717144994095
              ],
              [
                -74.010023400714,
                40.716877049839
              ],
              [
                -74.010103563458,
                40.716913508093
              ],
              [
                -74.009893072082,
                40.717181451594
              ],
              [
                -74.009845019041,
                40.717159597629
              ],
              [
                -74.009827800013,
                40.717151766462
              ],
              [
                -74.009812909131,
                40.717144994095
              ]
            ]
          ]
        ]
      },
      "id": "nyc-building-1051379"
    },
    {
      "type": "Feature",
      "properties": {
        "building_id": "nyc-building-1051714",
        "object_id": 1051714,
        "bin": "1001988",
        "base_bbl": "1001780022",
        "name": "NYC Building 1001988",
        "use": "feature_code_2100",
        "feature_code": 2100,
        "construction_year": 1868,
        "height_roof_ft": 91.63,
        "height_m": 27.928824,
        "ground_elevation_ft": 8,
        "geometry_source": "Photogrammetric",
        "last_edited_date": "2020-01-28 17:26:15+00:00"
      },
      "geometry": {
        "type": "MultiPolygon",
        "coordinates": [
          [
            [
              [
                -74.005734892808,
                40.719188691811
              ],
              [
                -74.005859435489,
                40.719032399323
              ],
              [
                -74.005861608256,
                40.719029672468
              ],
              [
                -74.005862516079,
                40.719030091159
              ],
              [
                -74.00593702984,
                40.719064463409
              ],
              [
                -74.005961252133,
                40.719034065441
              ],
              [
                -74.005982678916,
                40.719043949227
              ],
              [
                -74.006191146233,
                40.719140113571
              ],
              [
                -74.006134105385,
                40.719211697264
              ],
              [
                -74.005980427021,
                40.7191408064
              ],
              [
                -74.00590893986,
                40.719230518899
              ],
              [
                -74.005886530482,
                40.719258641173
              ],
              [
                -74.005734892808,
                40.719188691811
              ]
            ]
          ]
        ]
      },
      "id": "nyc-building-1051714"
    },
    {
      "type": "Feature",
      "properties": {
        "building_id": "nyc-building-1052050",
        "object_id": 1052050,
        "bin": "1077216",
        "base_bbl": "1001800012",
        "name": "NYC Building 1077216",
        "use": "feature_code_2100",
        "feature_code": 2100,
        "construction_year": 1908,
        "height_roof_ft": 52.45,
        "height_m": 15.98676,
        "ground_elevation_ft": 17,
        "geometry_source": "Photogrammetric",
        "last_edited_date": "2020-01-28 17:16:34+00:00"
      },
      "geometry": {
        "type": "MultiPolygon",
        "coordinates": [
          [
            [
              [
                -74.009480136633,
                40.718238810468
              ],
              [
                -74.009508960301,
                40.718095825093
              ],
              [
                -74.009525888731,
                40.718097800313
              ],
              [
                -74.009604049733,
                40.718106922289
              ],
              [
                -74.009586834434,
                40.718192318199
              ],
              [
                -74.009575225081,
                40.718249907688
              ],
              [
                -74.009513514224,
                40.718242706023
              ],
              [
                -74.009480136633,
                40.718238810468
              ]
            ]
          ]
        ]
      },
      "id": "nyc-building-1052050"
    },
    {
      "type": "Feature",
      "properties": {
        "building_id": "nyc-building-1052821",
        "object_id": 1052821,
        "bin": "1082443",
        "base_bbl": "1001940026",
        "name": "NYC Building 1082443",
        "use": "feature_code_2100",
        "feature_code": 2100,
        "construction_year": 1868,
        "height_roof_ft": 83.18,
        "height_m": 25.353264,
        "ground_elevation_ft": 14,
        "geometry_source": "Photogrammetric",
        "last_edited_date": "2020-01-28 17:21:42+00:00"
      },
      "geometry": {
        "type": "MultiPolygon",
        "coordinates": [
          [
            [
              [
                -74.003211496406,
                40.719644398426
              ],
              [
                -74.003297742167,
                40.719535106496
              ],
              [
                -74.003361665912,
                40.719454101974
              ],
              [
                -74.003505423675,
                40.719519773676
              ],
              [
                -74.003479256816,
                40.719552932148
              ],
              [
                -74.003355254431,
                40.719710069413
              ],
              [
                -74.003211496406,
                40.719644398426
              ]
            ]
          ]
        ]
      },
      "id": "nyc-building-1052821"
    },
    {
      "type": "Feature",
      "properties": {
        "building_id": "nyc-building-1053109",
        "object_id": 1053109,
        "bin": "1001893",
        "base_bbl": "1001740014",
        "name": "NYC Building 1001893",
        "use": "feature_code_2100",
        "feature_code": 2100,
        "construction_year": 1866,
        "height_roof_ft": 86.17,
        "height_m": 26.264616,
        "ground_elevation_ft": 21,
        "geometry_source": "Photogrammetric",
        "last_edited_date": "2020-01-28 17:23:54+00:00"
      },
      "geometry": {
        "type": "MultiPolygon",
        "coordinates": [
          [
            [
              [
                -74.005290640068,
                40.717941598494
              ],
              [
                -74.005208370771,
                40.717904191453
              ],
              [
                -74.005242793985,
                40.717860363862
              ],
              [
                -74.005255716879,
                40.717843911852
              ],
              [
                -74.00524278631,
                40.717838033011
              ],
              [
                -74.005231732894,
                40.717833006866
              ],
              [
                -74.005274873079,
                40.717778081882
              ],
              [
                -74.005298361134,
                40.717788761754
              ],
              [
                -74.005330821886,
                40.717803521417
              ],
              [
                -74.005447060993,
                40.717856374119
              ],
              [
                -74.005356576061,
                40.71797157973
              ],
              [
                -74.005290640068,
                40.717941598494
              ]
            ]
          ]
        ]
      },
      "id": "nyc-building-1053109"
    },
    {
      "type": "Feature",
      "properties": {
        "building_id": "nyc-building-1053743",
        "object_id": 1053743,
        "bin": "1002207",
        "base_bbl": "1001930020",
        "name": "NYC Building 1002207",
        "use": "feature_code_2100",
        "feature_code": 2100,
        "construction_year": 1868,
        "height_roof_ft": 74,
        "height_m": 22.5552,
        "ground_elevation_ft": 14,
        "geometry_source": "Photogrammetric",
        "last_edited_date": "2020-01-28 17:24:47+00:00"
      },
      "geometry": {
        "type": "MultiPolygon",
        "coordinates": [
          [
            [
              [
                -74.004296683273,
                40.719079575767
              ],
              [
                -74.004227606586,
                40.71904796412
              ],
              [
                -74.004259110277,
                40.719008111788
              ],
              [
                -74.004303422683,
                40.719028391426
              ],
              [
                -74.004308915112,
                40.719021443786
              ],
              [
                -74.004338084688,
                40.719034792751
              ],
              [
                -74.00445124192,
                40.71908657676
              ],
              [
                -74.004476960196,
                40.719098346328
              ],
              [
                -74.004439964169,
                40.719145146366
              ],
              [
                -74.004385038372,
                40.719120009835
              ],
              [
                -74.004296683273,
                40.719079575767
              ]
            ]
          ]
        ]
      },
      "id": "nyc-building-1053743"
    },
    {
      "type": "Feature",
      "properties": {
        "building_id": "nyc-building-1054681",
        "object_id": 1054681,
        "bin": "1002152",
        "base_bbl": "1001890041",
        "name": "NYC Building 1002152",
        "use": "feature_code_2100",
        "feature_code": 2100,
        "construction_year": 1892,
        "height_roof_ft": 84.82,
        "height_m": 25.853136,
        "ground_elevation_ft": 10,
        "geometry_source": "Photogrammetric",
        "last_edited_date": "2020-01-28 17:15:09+00:00"
      },
      "geometry": {
        "type": "MultiPolygon",
        "coordinates": [
          [
            [
              [
                -74.006414090143,
                40.719653084972
              ],
              [
                -74.006433267161,
                40.719539652967
              ],
              [
                -74.006300313903,
                40.71947737475
              ],
              [
                -74.006345694644,
                40.719421292998
              ],
              [
                -74.006481034005,
                40.719484689462
              ],
              [
                -74.006530065351,
                40.719507655998
              ],
              [
                -74.006502766836,
                40.719669124381
              ],
              [
                -74.00641286585,
                40.71966032604
              ],
              [
                -74.006414090143,
                40.719653084972
              ]
            ]
          ]
        ]
      },
      "id": "nyc-building-1054681"
    },
    {
      "type": "Feature",
      "properties": {
        "building_id": "nyc-building-1055838",
        "object_id": 1055838,
        "bin": "1001554",
        "base_bbl": "1001430025",
        "name": "NYC Building 1001554",
        "use": "feature_code_2100",
        "feature_code": 2100,
        "construction_year": 1882,
        "height_roof_ft": 106.25,
        "height_m": 32.385,
        "ground_elevation_ft": 17,
        "geometry_source": "Photogrammetric",
        "last_edited_date": "2020-01-28 17:22:33+00:00"
      },
      "geometry": {
        "type": "MultiPolygon",
        "coordinates": [
          [
            [
              [
                -74.009737661205,
                40.717941154161
              ],
              [
                -74.009780707878,
                40.717741634379
              ],
              [
                -74.009788945569,
                40.717703452047
              ],
              [
                -74.009835344403,
                40.717709247377
              ],
              [
                -74.009833019172,
                40.717720030285
              ],
              [
                -74.009873488417,
                40.717725084986
              ],
              [
                -74.00987261557,
                40.717729132854
              ],
              [
                -74.009824530764,
                40.717952004229
              ],
              [
                -74.009737661205,
                40.717941154161
              ]
            ]
          ]
        ]
      },
      "id": "nyc-building-1055838"
    },
    {
      "type": "Feature",
      "properties": {
        "building_id": "nyc-building-1063295",
        "object_id": 1063295,
        "bin": "1002005",
        "base_bbl": "1001790045",
        "name": "NYC Building 1002005",
        "use": "feature_code_2100",
        "feature_code": 2100,
        "construction_year": 1877,
        "height_roof_ft": 80,
        "height_m": 24.384,
        "ground_elevation_ft": 10,
        "geometry_source": "Other (Manual)",
        "last_edited_date": "2020-01-28 17:23:55+00:00"
      },
      "geometry": {
        "type": "MultiPolygon",
        "coordinates": [
          [
            [
              [
                -74.007310709549,
                40.718732249229
              ],
              [
                -74.007466627268,
                40.718535581328
              ],
              [
                -74.007539758829,
                40.718569144875
              ],
              [
                -74.007383842431,
                40.718765813774
              ],
              [
                -74.007310709549,
                40.718732249229
              ]
            ]
          ]
        ]
      },
      "id": "nyc-building-1063295"
    },
    {
      "type": "Feature",
      "properties": {
        "building_id": "nyc-building-1063519",
        "object_id": 1063519,
        "bin": "1079240",
        "base_bbl": "1001640031",
        "name": "NYC Building 1079240",
        "use": "feature_code_2100",
        "feature_code": 2100,
        "construction_year": 1915,
        "height_roof_ft": 60,
        "height_m": 18.288,
        "ground_elevation_ft": 28,
        "geometry_source": "Other (Manual)",
        "last_edited_date": "2017-08-22 19:11:55+00:00"
      },
      "geometry": {
        "type": "MultiPolygon",
        "coordinates": [
          [
            [
              [
                -73.998897811389,
                40.715102046592
              ],
              [
                -73.998929036176,
                40.715045995511
              ],
              [
                -73.998972792941,
                40.715058583244
              ],
              [
                -73.999010727003,
                40.715069496862
              ],
              [
                -73.999069529381,
                40.715086413441
              ],
              [
                -73.99909455407,
                40.715093613221
              ],
              [
                -73.999112390304,
                40.715098745369
              ],
              [
                -73.999161118942,
                40.71511276308
              ],
              [
                -73.999163283529,
                40.715113386249
              ],
              [
                -73.999161989953,
                40.715115506941
              ],
              [
                -73.999122821662,
                40.715179753571
              ],
              [
                -73.999056088734,
                40.71515670718
              ],
              [
                -73.999040496382,
                40.7151513229
              ],
              [
                -73.998934862554,
                40.715114842293
              ],
              [
                -73.998897811389,
                40.715102046592
              ]
            ]
          ]
        ]
      },
      "id": "nyc-building-1063519"
    },
    {
      "type": "Feature",
      "properties": {
        "building_id": "nyc-building-1064109",
        "object_id": 1064109,
        "bin": "1088220",
        "base_bbl": "1002800026",
        "name": "NYC Building 1088220",
        "use": "feature_code_2100",
        "feature_code": 2100,
        "construction_year": 2005,
        "height_roof_ft": 16,
        "height_m": 4.8768,
        "ground_elevation_ft": 37,
        "geometry_source": "Other (Manual)",
        "last_edited_date": "2017-08-22 17:32:15+00:00"
      },
      "geometry": {
        "type": "MultiPolygon",
        "coordinates": [
          [
            [
              [
                -73.994633766108,
                40.713445839298
              ],
              [
                -73.994898616901,
                40.713423785219
              ],
              [
                -73.994934285286,
                40.713420815108
              ],
              [
                -73.994939991264,
                40.713460489158
              ],
              [
                -73.9949443157,
                40.713490561002
              ],
              [
                -73.994724917986,
                40.713508830629
              ],
              [
                -73.994643796211,
                40.713515585218
              ],
              [
                -73.994633766108,
                40.713445839298
              ]
            ]
          ]
        ]
      },
      "id": "nyc-building-1064109"
    },
    {
      "type": "Feature",
      "properties": {
        "building_id": "nyc-building-1065669",
        "object_id": 1065669,
        "bin": "1002154",
        "base_bbl": "1001890043",
        "name": "NYC Building 1002154",
        "use": "feature_code_2100",
        "feature_code": 2100,
        "construction_year": 1882,
        "height_roof_ft": 133,
        "height_m": 40.5384,
        "ground_elevation_ft": 9,
        "geometry_source": "Other (Manual)",
        "last_edited_date": "2020-01-28 17:25:48+00:00"
      },
      "geometry": {
        "type": "MultiPolygon",
        "coordinates": [
          [
            [
              [
                -74.006591555475,
                40.719452460237
              ],
              [
                -74.006394984147,
                40.719360379775
              ],
              [
                -74.006534269996,
                40.719188247571
              ],
              [
                -74.006730876258,
                40.719207489144
              ],
              [
                -74.006689392333,
                40.719452869727
              ],
              [
                -74.006623888619,
                40.719446459183
              ],
              [
                -74.006607009966,
                40.71945969855
              ],
              [
                -74.006591555475,
                40.719452460237
              ]
            ]
          ]
        ]
      },
      "id": "nyc-building-1065669"
    },
    {
      "type": "Feature",
      "properties": {
        "building_id": "nyc-building-1071935",
        "object_id": 1071935,
        "bin": "1002325",
        "base_bbl": "1001950011",
        "name": "NYC Building 1002325",
        "use": "feature_code_2100",
        "feature_code": 2100,
        "construction_year": 1869,
        "height_roof_ft": 103,
        "height_m": 31.3944,
        "ground_elevation_ft": 14,
        "geometry_source": "Other (Manual)",
        "last_edited_date": "2020-01-28 17:15:19+00:00"
      },
      "geometry": {
        "type": "MultiPolygon",
        "coordinates": [
          [
            [
              [
                -74.001888256244,
                40.717996327793
              ],
              [
                -74.001735442774,
                40.718179035602
              ],
              [
                -74.001723826691,
                40.718192925245
              ],
              [
                -74.001618370909,
                40.718144253306
              ],
              [
                -74.001619460917,
                40.718142950252
              ],
              [
                -74.001698591111,
                40.718048339715
              ],
              [
                -74.001780086893,
                40.717950900583
              ],
              [
                -74.001797415078,
                40.717952344732
              ],
              [
                -74.001888256244,
                40.717996327793
              ]
            ]
          ]
        ]
      },
      "id": "nyc-building-1071935"
    },
    {
      "type": "Feature",
      "properties": {
        "building_id": "nyc-building-1072665",
        "object_id": 1072665,
        "bin": "1082491",
        "base_bbl": "1003070024",
        "name": "NYC Building 1082491",
        "use": "feature_code_2100",
        "feature_code": 2100,
        "construction_year": 1910,
        "height_roof_ft": 72,
        "height_m": 21.9456,
        "ground_elevation_ft": 41,
        "geometry_source": "Other (Manual)",
        "last_edited_date": "2017-08-22 18:14:38+00:00"
      },
      "geometry": {
        "type": "MultiPolygon",
        "coordinates": [
          [
            [
              [
                -73.992316251513,
                40.71729187101
              ],
              [
                -73.992018299448,
                40.717202019447
              ],
              [
                -73.99198698332,
                40.717262137136
              ],
              [
                -73.991869118185,
                40.71722659294
              ],
              [
                -73.991866458186,
                40.717231701347
              ],
              [
                -73.991837900831,
                40.717223089548
              ],
              [
                -73.991690176702,
                40.717178540648
              ],
              [
                -73.991789419548,
                40.716988021409
              ],
              [
                -73.991941768346,
                40.717033964496
              ],
              [
                -73.991928982181,
                40.71705851061
              ],
              [
                -73.992070779345,
                40.717101271284
              ],
              [
                -73.99205112367,
                40.71713900401
              ],
              [
                -73.992178866073,
                40.717177526679
              ],
              [
                -73.992349075498,
                40.717228855489
              ],
              [
                -73.992316251513,
                40.71729187101
              ]
            ]
          ]
        ]
      },
      "id": "nyc-building-1072665"
    },
    {
      "type": "Feature",
      "properties": {
        "building_id": "nyc-building-1074060",
        "object_id": 1074060,
        "bin": "1091694",
        "base_bbl": "1001350014",
        "name": "NYC Building 1091694",
        "use": "feature_code_2100",
        "feature_code": 2100,
        "construction_year": 2020,
        "height_roof_ft": 25,
        "height_m": 7.62,
        "ground_elevation_ft": 29,
        "geometry_source": "Other (Manual)",
        "last_edited_date": "2021-11-29 18:34:17+00:00"
      },
      "geometry": {
        "type": "MultiPolygon",
        "coordinates": [
          [
            [
              [
                -74.007886122759,
                40.714630859585
              ],
              [
                -74.007965044667,
                40.714665385127
              ],
              [
                -74.007862361166,
                40.714793482608
              ],
              [
                -74.007785312441,
                40.714757533162
              ],
              [
                -74.007884686232,
                40.714632668809
              ],
              [
                -74.007886122759,
                40.714630859585
              ]
            ]
          ]
        ]
      },
      "id": "nyc-building-1074060"
    },
    {
      "type": "Feature",
      "properties": {
        "building_id": "nyc-building-1075490",
        "object_id": 1075490,
        "bin": "1000796",
        "base_bbl": "1000190013",
        "name": "ROBERT AND ANNE DICKEY HOUSE",
        "use": "feature_code_2100",
        "feature_code": 2100,
        "construction_year": 1810,
        "height_roof_ft": 50,
        "height_m": 15.24,
        "ground_elevation_ft": 17,
        "geometry_source": "Other (Manual)",
        "last_edited_date": "2021-10-04 19:54:43+00:00"
      },
      "geometry": {
        "type": "MultiPolygon",
        "coordinates": [
          [
            [
              [
                -74.013530131227,
                40.707184721353
              ],
              [
                -74.013597485119,
                40.707087521215
              ],
              [
                -74.013599629499,
                40.707088317914
              ],
              [
                -74.013685057986,
                40.707120053517
              ],
              [
                -74.013773896031,
                40.707153055669
              ],
              [
                -74.01381340383,
                40.707167732872
              ],
              [
                -74.013765837501,
                40.707279305634
              ],
              [
                -74.01373331054,
                40.707266253005
              ],
              [
                -74.013646022132,
                40.707231226289
              ],
              [
                -74.013558756302,
                40.707196207609
              ],
              [
                -74.013530131227,
                40.707184721353
              ]
            ]
          ]
        ]
      },
      "id": "nyc-building-1075490"
    },
    {
      "type": "Feature",
      "properties": {
        "building_id": "nyc-building-1075595",
        "object_id": 1075595,
        "bin": "1090972",
        "base_bbl": "1000190013",
        "name": "NYC Building 1090972",
        "use": "feature_code_1006",
        "feature_code": 1006,
        "construction_year": null,
        "height_roof_ft": 504,
        "height_m": 153.6192,
        "ground_elevation_ft": 18,
        "geometry_source": "Other (Manual)",
        "last_edited_date": "2021-10-04 19:52:02+00:00"
      },
      "geometry": {
        "type": "MultiPolygon",
        "coordinates": [
          [
            [
              [
                -74.013765837501,
                40.707279305634
              ],
              [
                -74.013768526287,
                40.707280385026
              ],
              [
                -74.013617524061,
                40.707627186332
              ],
              [
                -74.013321972323,
                40.70751469482
              ],
              [
                -74.013541954986,
                40.707189466558
              ],
              [
                -74.013590663072,
                40.70720901182
              ],
              [
                -74.01362901905,
                40.707186926744
              ],
              [
                -74.013726868444,
                40.707226227842
              ],
              [
                -74.013713849991,
                40.70725844429
              ],
              [
                -74.013765837501,
                40.707279305634
              ]
            ]
          ]
        ]
      },
      "id": "nyc-building-1075595"
    },
    {
      "type": "Feature",
      "properties": {
        "building_id": "nyc-building-1076514",
        "object_id": 1076514,
        "bin": "1090860",
        "base_bbl": "1001260008",
        "name": "NYC Building 1090860",
        "use": "feature_code_5100",
        "feature_code": 5100,
        "construction_year": 2023,
        "height_roof_ft": 643,
        "height_m": 195.9864,
        "ground_elevation_ft": 26,
        "geometry_source": "Other (Manual)",
        "last_edited_date": "2023-08-09 19:44:31+00:00"
      },
      "geometry": {
        "type": "MultiPolygon",
        "coordinates": [
          [
            [
              [
                -74.009928832833,
                40.713729931057
              ],
              [
                -74.00996158732,
                40.713744712811
              ],
              [
                -74.009875669,
                40.71385494542
              ],
              [
                -74.009610894528,
                40.713735458365
              ],
              [
                -74.009729562771,
                40.713583204459
              ],
              [
                -74.009730076517,
                40.713584063503
              ],
              [
                -74.009919493439,
                40.713669543617
              ],
              [
                -74.009887103579,
                40.713711099568
              ],
              [
                -74.009902897918,
                40.713718227553
              ],
              [
                -74.009928832833,
                40.713729931057
              ]
            ]
          ]
        ]
      },
      "id": "nyc-building-1076514"
    },
    {
      "type": "Feature",
      "properties": {
        "building_id": "nyc-building-1077442",
        "object_id": 1077442,
        "bin": "1002311",
        "base_bbl": "1001940007",
        "name": "NYC Building 1002311",
        "use": "feature_code_2100",
        "feature_code": 2100,
        "construction_year": 1859,
        "height_roof_ft": 84,
        "height_m": 25.6032,
        "ground_elevation_ft": 16,
        "geometry_source": "Other (Manual)",
        "last_edited_date": "2020-01-28 17:15:38+00:00"
      },
      "geometry": {
        "type": "MultiPolygon",
        "coordinates": [
          [
            [
              [
                -74.003239781802,
                40.719339242723
              ],
              [
                -74.003303181146,
                40.719258901922
              ],
              [
                -74.003414945639,
                40.71911727275
              ],
              [
                -74.003568273208,
                40.719187316068
              ],
              [
                -74.003511541979,
                40.719259207327
              ],
              [
                -74.003390262233,
                40.7194128956
              ],
              [
                -74.003293058851,
                40.719368490675
              ],
              [
                -74.00329590632,
                40.719364881349
              ],
              [
                -74.003239781802,
                40.719339242723
              ]
            ]
          ]
        ]
      },
      "id": "nyc-building-1077442"
    },
    {
      "type": "Feature",
      "properties": {
        "building_id": "nyc-building-1077941",
        "object_id": 1077941,
        "bin": "1001439",
        "base_bbl": "1001330011",
        "name": "NYC Building 1001439",
        "use": "feature_code_2100",
        "feature_code": 2100,
        "construction_year": 1856,
        "height_roof_ft": 88,
        "height_m": 26.8224,
        "ground_elevation_ft": 25,
        "geometry_source": "Other (Manual)",
        "last_edited_date": "2020-01-28 17:21:35+00:00"
      },
      "geometry": {
        "type": "MultiPolygon",
        "coordinates": [
          [
            [
              [
                -74.009388082271,
                40.714418628002
              ],
              [
                -74.009537790748,
                40.714230741268
              ],
              [
                -74.009613494056,
                40.714265664875
              ],
              [
                -74.009449556976,
                40.7144714109
              ],
              [
                -74.009447498098,
                40.714473995535
              ],
              [
                -74.00937179464,
                40.714439070919
              ],
              [
                -74.009388082271,
                40.714418628002
              ]
            ]
          ]
        ]
      },
      "id": "nyc-building-1077941"
    },
    {
      "type": "Feature",
      "properties": {
        "building_id": "nyc-building-1078536",
        "object_id": 1078536,
        "bin": "1089707",
        "base_bbl": "1000560015",
        "name": "NYC Building 1089707",
        "use": "feature_code_2100",
        "feature_code": 2100,
        "construction_year": 2016,
        "height_roof_ft": 53,
        "height_m": 16.1544,
        "ground_elevation_ft": 5,
        "geometry_source": "Other (Manual)",
        "last_edited_date": "2023-08-14 20:34:50+00:00"
      },
      "geometry": {
        "type": "MultiPolygon",
        "coordinates": [
          [
            [
              [
                -74.013465746664,
                40.710423178482
              ],
              [
                -74.013657656305,
                40.710196478322
              ],
              [
                -74.013658361673,
                40.710196783512
              ],
              [
                -74.014329952875,
                40.710487519201
              ],
              [
                -74.014246232869,
                40.710752566201
              ],
              [
                -74.0142389471,
                40.710749246018
              ],
              [
                -74.013967027259,
                40.710625331198
              ],
              [
                -74.013960606505,
                40.710632916081
              ],
              [
                -74.013940963273,
                40.710656120129
              ],
              [
                -74.013476358099,
                40.710428380393
              ],
              [
                -74.013465746664,
                40.710423178482
              ]
            ]
          ]
        ]
      },
      "id": "nyc-building-1078536"
    },
    {
      "type": "Feature",
      "properties": {
        "building_id": "nyc-building-1078933",
        "object_id": 1078933,
        "bin": "1091686",
        "base_bbl": "1001780029",
        "name": "NYC Building 1091686",
        "use": "feature_code_2100",
        "feature_code": 2100,
        "construction_year": 2019,
        "height_roof_ft": 120,
        "height_m": 36.576,
        "ground_elevation_ft": 17,
        "geometry_source": "Other (Manual)",
        "last_edited_date": "2021-08-04 16:25:58+00:00"
      },
      "geometry": {
        "type": "MultiPolygon",
        "coordinates": [
          [
            [
              [
                -74.005406461154,
                40.718658704852
              ],
              [
                -74.005390841061,
                40.718677989107
              ],
              [
                -74.005389500234,
                40.718679646109
              ],
              [
                -74.005381461272,
                40.718675938184
              ],
              [
                -74.005370013564,
                40.718670658128
              ],
              [
                -74.005370034858,
                40.718670531155
              ],
              [
                -74.005456546178,
                40.718408516475
              ],
              [
                -74.005561811069,
                40.718457055233
              ],
              [
                -74.005404412354,
                40.718657751308
              ],
              [
                -74.005406461154,
                40.718658704852
              ]
            ]
          ]
        ]
      },
      "id": "nyc-building-1078933"
    },
    {
      "type": "Feature",
      "properties": {
        "building_id": "nyc-building-1079977",
        "object_id": 1079977,
        "bin": "1002035",
        "base_bbl": "1001800027",
        "name": "NYC Building 1002035",
        "use": "feature_code_2100",
        "feature_code": 2100,
        "construction_year": 1887,
        "height_roof_ft": 68,
        "height_m": 20.7264,
        "ground_elevation_ft": 15,
        "geometry_source": "Other (Manual)",
        "last_edited_date": "2020-01-28 17:19:33+00:00"
      },
      "geometry": {
        "type": "MultiPolygon",
        "coordinates": [
          [
            [
              [
                -74.009673566288,
                40.71864661018
              ],
              [
                -74.009722944861,
                40.718401662775
              ],
              [
                -74.00972362254,
                40.718398298412
              ],
              [
                -74.009740615431,
                40.718387266627
              ],
              [
                -74.00979804668,
                40.718393968751
              ],
              [
                -74.009811990979,
                40.718408610758
              ],
              [
                -74.009761935049,
                40.718656922564
              ],
              [
                -74.009673566288,
                40.71864661018
              ]
            ]
          ]
        ]
      },
      "id": "nyc-building-1079977"
    },
    {
      "type": "Feature",
      "properties": {
        "building_id": "nyc-building-1080005",
        "object_id": 1080005,
        "bin": "1066447",
        "base_bbl": "1001810026",
        "name": "NYC Building 1066447",
        "use": "feature_code_2100",
        "feature_code": 2100,
        "construction_year": 1885,
        "height_roof_ft": 146,
        "height_m": 44.5008,
        "ground_elevation_ft": 18,
        "geometry_source": "Other (Manual)",
        "last_edited_date": "2020-01-28 17:18:54+00:00"
      },
      "geometry": {
        "type": "MultiPolygon",
        "coordinates": [
          [
            [
              [
                -74.008923079503,
                40.71895490009
              ],
              [
                -74.008933660158,
                40.718890770347
              ],
              [
                -74.008929382745,
                40.718890361848
              ],
              [
                -74.008943265174,
                40.718806228818
              ],
              [
                -74.008947542582,
                40.718806637317
              ],
              [
                -74.008958395186,
                40.718740866821
              ],
              [
                -74.009068688069,
                40.718751401355
              ],
              [
                -74.009067831885,
                40.718756591963
              ],
              [
                -74.009114400453,
                40.718761040406
              ],
              [
                -74.009311816878,
                40.718779896593
              ],
              [
                -74.009277359664,
                40.71898873936
              ],
              [
                -74.009236611723,
                40.718984847031
              ],
              [
                -74.008923079503,
                40.71895490009
              ]
            ]
          ]
        ]
      },
      "id": "nyc-building-1080005"
    },
    {
      "type": "Feature",
      "properties": {
        "building_id": "nyc-building-1080477",
        "object_id": 1080477,
        "bin": "1066410",
        "base_bbl": "1001450006",
        "name": "NYC Building 1066410",
        "use": "feature_code_2100",
        "feature_code": 2100,
        "construction_year": 1858,
        "height_roof_ft": 74,
        "height_m": 22.5552,
        "ground_elevation_ft": 26,
        "geometry_source": "Other (Manual)",
        "last_edited_date": "2020-01-28 17:23:01+00:00"
      },
      "geometry": {
        "type": "MultiPolygon",
        "coordinates": [
          [
            [
              [
                -74.007974087697,
                40.715536288909
              ],
              [
                -74.008099136591,
                40.715379331111
              ],
              [
                -74.008126105384,
                40.715345479022
              ],
              [
                -74.008196500302,
                40.715257120445
              ],
              [
                -74.008260281558,
                40.715177063205
              ],
              [
                -74.008335290523,
                40.715211659912
              ],
              [
                -74.008317054661,
                40.715234549506
              ],
              [
                -74.008192296462,
                40.715391144617
              ],
              [
                -74.00817682826,
                40.715410560723
              ],
              [
                -74.008051951072,
                40.715567304271
              ],
              [
                -74.008049096918,
                40.715570886701
              ],
              [
                -74.008043424118,
                40.715568270214
              ],
              [
                -74.007974087697,
                40.715536288909
              ]
            ]
          ]
        ]
      },
      "id": "nyc-building-1080477"
    },
    {
      "type": "Feature",
      "properties": {
        "building_id": "nyc-building-1080776",
        "object_id": 1080776,
        "bin": "1002609",
        "base_bbl": "1002030021",
        "name": "NYC Building 1002609",
        "use": "feature_code_2100",
        "feature_code": 2100,
        "construction_year": 1920,
        "height_roof_ft": 75,
        "height_m": 22.86,
        "ground_elevation_ft": 43,
        "geometry_source": "Other (Manual)",
        "last_edited_date": "2017-08-22 18:07:00+00:00"
      },
      "geometry": {
        "type": "MultiPolygon",
        "coordinates": [
          [
            [
              [
                -73.995786145917,
                40.7170350383
              ],
              [
                -73.995822757013,
                40.716976664956
              ],
              [
                -73.995824872171,
                40.716973292622
              ],
              [
                -73.995865801099,
                40.716908012507
              ],
              [
                -73.996192465194,
                40.717026600257
              ],
              [
                -73.996225319014,
                40.717038526795
              ],
              [
                -73.996184384441,
                40.717103804335
              ],
              [
                -73.996145664361,
                40.717165552835
              ],
              [
                -73.995786145917,
                40.7170350383
              ]
            ]
          ]
        ]
      },
      "id": "nyc-building-1080776"
    },
    {
      "type": "Feature",
      "properties": {
        "building_id": "nyc-building-1081923",
        "object_id": 1081923,
        "bin": "1086597",
        "base_bbl": "1002380026",
        "name": "NYC Building 1086597",
        "use": "feature_code_2100",
        "feature_code": 2100,
        "construction_year": 1899,
        "height_roof_ft": 96,
        "height_m": 29.2608,
        "ground_elevation_ft": 34,
        "geometry_source": "Other (Manual)",
        "last_edited_date": "2019-01-22 17:36:55+00:00"
      },
      "geometry": {
        "type": "MultiPolygon",
        "coordinates": [
          [
            [
              [
                -73.996040969124,
                40.718257376448
              ],
              [
                -73.996070042867,
                40.718196193184
              ],
              [
                -73.996137799176,
                40.718219672675
              ],
              [
                -73.996250290141,
                40.718258654071
              ],
              [
                -73.9963220232,
                40.718283511363
              ],
              [
                -73.996379529222,
                40.718303438771
              ],
              [
                -73.996344643221,
                40.718366727321
              ],
              [
                -73.996310910042,
                40.718427925812
              ],
              [
                -73.996233742104,
                40.718401185369
              ],
              [
                -73.99608141958,
                40.718348401392
              ],
              [
                -73.996009549252,
                40.718323496219
              ],
              [
                -73.996037969656,
                40.718263688921
              ],
              [
                -73.996040969124,
                40.718257376448
              ]
            ]
          ]
        ]
      },
      "id": "nyc-building-1081923"
    },
    {
      "type": "Feature",
      "properties": {
        "building_id": "nyc-building-1082516",
        "object_id": 1082516,
        "bin": "1001616",
        "base_bbl": "1001470019",
        "name": "NYC Building 1001616",
        "use": "feature_code_2100",
        "feature_code": 2100,
        "construction_year": 1866,
        "height_roof_ft": 75,
        "height_m": 22.86,
        "ground_elevation_ft": 17,
        "geometry_source": "Other (Manual)",
        "last_edited_date": "2020-01-28 17:17:16+00:00"
      },
      "geometry": {
        "type": "MultiPolygon",
        "coordinates": [
          [
            [
              [
                -74.007545573683,
                40.716876946294
              ],
              [
                -74.007706755567,
                40.716671753443
              ],
              [
                -74.007784799377,
                40.716707244506
              ],
              [
                -74.007634163615,
                40.716899011958
              ],
              [
                -74.007623617648,
                40.716912437465
              ],
              [
                -74.007609331852,
                40.716905940328
              ],
              [
                -74.007545573683,
                40.716876946294
              ]
            ]
          ]
        ]
      },
      "id": "nyc-building-1082516"
    },
    {
      "type": "Feature",
      "properties": {
        "building_id": "nyc-building-1083025",
        "object_id": 1083025,
        "bin": "1079278",
        "base_bbl": "1001780013",
        "name": "NYC Building 1079278",
        "use": "feature_code_2100",
        "feature_code": 2100,
        "construction_year": 1882,
        "height_roof_ft": 97,
        "height_m": 29.5656,
        "ground_elevation_ft": 9,
        "geometry_source": "Other (Manual)",
        "last_edited_date": "2020-01-28 17:26:16+00:00"
      },
      "geometry": {
        "type": "MultiPolygon",
        "coordinates": [
          [
            [
              [
                -74.006018780089,
                40.718917091597
              ],
              [
                -74.006060697929,
                40.718864486104
              ],
              [
                -74.006106757801,
                40.718885733004
              ],
              [
                -74.006151809271,
                40.718906514376
              ],
              [
                -74.006151215053,
                40.718880071831
              ],
              [
                -74.00618176608,
                40.71884173188
              ],
              [
                -74.006190382514,
                40.718830918993
              ],
              [
                -74.006204066318,
                40.718813745529
              ],
              [
                -74.006236377017,
                40.718773197418
              ],
              [
                -74.006302902549,
                40.718803884977
              ],
              [
                -74.006417094242,
                40.718856560305
              ],
              [
                -74.006274765291,
                40.719035176212
              ],
              [
                -74.006035387213,
                40.718924752267
              ],
              [
                -74.006018780089,
                40.718917091597
              ]
            ]
          ]
        ]
      },
      "id": "nyc-building-1083025"
    },
    {
      "type": "Feature",
      "properties": {
        "building_id": "nyc-building-1083279",
        "object_id": 1083279,
        "bin": "1066488",
        "base_bbl": "1001930037",
        "name": "NYC Building 1066488",
        "use": "feature_code_2100",
        "feature_code": 2100,
        "construction_year": 1870,
        "height_roof_ft": 79,
        "height_m": 24.0792,
        "ground_elevation_ft": 20,
        "geometry_source": "Other (Manual)",
        "last_edited_date": "2020-01-28 17:14:36+00:00"
      },
      "geometry": {
        "type": "MultiPolygon",
        "coordinates": [
          [
            [
              [
                -74.003180710559,
                40.718848979708
              ],
              [
                -74.003322240204,
                40.718669952509
              ],
              [
                -74.003356422456,
                40.718626714426
              ],
              [
                -74.00343547229,
                40.718662891886
              ],
              [
                -74.003433441453,
                40.718665461102
              ],
              [
                -74.003259760562,
                40.718885157287
              ],
              [
                -74.003180710559,
                40.718848979708
              ]
            ]
          ]
        ]
      },
      "id": "nyc-building-1083279"
    },
    {
      "type": "Feature",
      "properties": {
        "building_id": "nyc-building-1083313",
        "object_id": 1083313,
        "bin": "1001348",
        "base_bbl": "1000970056",
        "name": "NYC Building 1001348",
        "use": "feature_code_2100",
        "feature_code": 2100,
        "construction_year": 1837,
        "height_roof_ft": 57,
        "height_m": 17.3736,
        "ground_elevation_ft": 6,
        "geometry_source": "Other (Manual)",
        "last_edited_date": "2020-01-28 17:24:53+00:00"
      },
      "geometry": {
        "type": "MultiPolygon",
        "coordinates": [
          [
            [
              [
                -74.002071474419,
                40.707981535796
              ],
              [
                -74.002028577319,
                40.707931336656
              ],
              [
                -74.002144780021,
                40.707873834196
              ],
              [
                -74.002257986791,
                40.708006312555
              ],
              [
                -74.002273872839,
                40.708024903298
              ],
              [
                -74.002217865401,
                40.708053915265
              ],
              [
                -74.002155317591,
                40.708086314151
              ],
              [
                -74.002117432076,
                40.708041979981
              ],
              [
                -74.002121434136,
                40.708039999682
              ],
              [
                -74.002071474419,
                40.707981535796
              ]
            ]
          ]
        ]
      },
      "id": "nyc-building-1083313"
    },
    {
      "type": "Feature",
      "properties": {
        "building_id": "nyc-building-1083526",
        "object_id": 1083526,
        "bin": "1001992",
        "base_bbl": "1001790010",
        "name": "NYC Building 1001992",
        "use": "feature_code_2100",
        "feature_code": 2100,
        "construction_year": 1887,
        "height_roof_ft": 86,
        "height_m": 26.2128,
        "ground_elevation_ft": 12,
        "geometry_source": "Other (Manual)",
        "last_edited_date": "2020-01-28 17:25:52+00:00"
      },
      "geometry": {
        "type": "MultiPolygon",
        "coordinates": [
          [
            [
              [
                -74.008210125623,
                40.718377285855
              ],
              [
                -74.008384389776,
                40.718154922938
              ],
              [
                -74.00838619675,
                40.7181526175
              ],
              [
                -74.008410491469,
                40.718163639772
              ],
              [
                -74.008467658539,
                40.718189575675
              ],
              [
                -74.008394255356,
                40.718283238607
              ],
              [
                -74.008291587589,
                40.718414244154
              ],
              [
                -74.008243359016,
                40.718392363422
              ],
              [
                -74.008210125623,
                40.718377285855
              ]
            ]
          ]
        ]
      },
      "id": "nyc-building-1083526"
    },
    {
      "type": "Feature",
      "properties": {
        "building_id": "nyc-building-1083565",
        "object_id": 1083565,
        "bin": "1002006",
        "base_bbl": "1001790046",
        "name": "NYC Building 1002006",
        "use": "feature_code_2100",
        "feature_code": 2100,
        "construction_year": 1877,
        "height_roof_ft": 82,
        "height_m": 24.9936,
        "ground_elevation_ft": 8,
        "geometry_source": "Other (Manual)",
        "last_edited_date": "2020-01-28 17:18:39+00:00"
      },
      "geometry": {
        "type": "MultiPolygon",
        "coordinates": [
          [
            [
              [
                -74.007383842431,
                40.718765813774
              ],
              [
                -74.007539758829,
                40.718569144875
              ],
              [
                -74.007579633416,
                40.718587446023
              ],
              [
                -74.007614819747,
                40.718603594349
              ],
              [
                -74.007487717683,
                40.718763916892
              ],
              [
                -74.007458903489,
                40.718800262448
              ],
              [
                -74.007383842431,
                40.718765813774
              ]
            ]
          ]
        ]
      },
      "id": "nyc-building-1083565"
    },
    {
      "type": "Feature",
      "properties": {
        "building_id": "nyc-building-1083808",
        "object_id": 1083808,
        "bin": "1002095",
        "base_bbl": "1001810010",
        "name": "NYC Building 1002095",
        "use": "feature_code_2100",
        "feature_code": 2100,
        "construction_year": 1866,
        "height_roof_ft": 68,
        "height_m": 20.7264,
        "ground_elevation_ft": 16,
        "geometry_source": "Other (Manual)",
        "last_edited_date": "2020-01-28 17:18:05+00:00"
      },
      "geometry": {
        "type": "MultiPolygon",
        "coordinates": [
          [
            [
              [
                -74.009916264918,
                40.719260732864
              ],
              [
                -74.009807070599,
                40.719250304409
              ],
              [
                -74.009829766349,
                40.719112745067
              ],
              [
                -74.009824411865,
                40.719112233134
              ],
              [
                -74.009801990333,
                40.719118643075
              ],
              [
                -74.00980066593,
                40.719126669433
              ],
              [
                -74.00978129202,
                40.719124818732
              ],
              [
                -74.009749553324,
                40.719121787607
              ],
              [
                -74.009727803986,
                40.71911971017
              ],
              [
                -74.00973602952,
                40.719069854538
              ],
              [
                -74.009736806428,
                40.719065141203
              ],
              [
                -74.009836056057,
                40.719074620538
              ],
              [
                -74.009840953961,
                40.719044935707
              ],
              [
                -74.009999902961,
                40.719060116313
              ],
              [
                -74.0101756493,
                40.719076901725
              ],
              [
                -74.010141768137,
                40.719282270524
              ],
              [
                -74.009943757017,
                40.719263358181
              ],
              [
                -74.009916264918,
                40.719260732864
              ]
            ]
          ]
        ]
      },
      "id": "nyc-building-1083808"
    },
    {
      "type": "Feature",
      "properties": {
        "building_id": "nyc-building-1083809",
        "object_id": 1083809,
        "bin": "1002315",
        "base_bbl": "1001940010",
        "name": "NYC Building 1002315",
        "use": "feature_code_2100",
        "feature_code": 2100,
        "construction_year": 1855,
        "height_roof_ft": 70,
        "height_m": 21.336,
        "ground_elevation_ft": 15,
        "geometry_source": "Other (Manual)",
        "last_edited_date": "2020-01-28 17:22:29+00:00"
      },
      "geometry": {
        "type": "MultiPolygon",
        "coordinates": [
          [
            [
              [
                -74.003468617063,
                40.719448689436
              ],
              [
                -74.003646629053,
                40.719223110684
              ],
              [
                -74.003722765752,
                40.719257891345
              ],
              [
                -74.003544755111,
                40.719483471114
              ],
              [
                -74.003468617063,
                40.719448689436
              ]
            ]
          ]
        ]
      },
      "id": "nyc-building-1083809"
    },
    {
      "type": "Feature",
      "properties": {
        "building_id": "nyc-building-1083905",
        "object_id": 1083905,
        "bin": "1087358",
        "base_bbl": "1004190072",
        "name": "NYC Building 1087358",
        "use": "feature_code_2100",
        "feature_code": 2100,
        "construction_year": 2000,
        "height_roof_ft": 58,
        "height_m": 17.6784,
        "ground_elevation_ft": 42,
        "geometry_source": "Other (Manual)",
        "last_edited_date": "2017-08-22 17:38:53+00:00"
      },
      "geometry": {
        "type": "MultiPolygon",
        "coordinates": [
          [
            [
              [
                -73.991782069779,
                40.718899743599
              ],
              [
                -73.991817993423,
                40.71882851131
              ],
              [
                -73.991822847164,
                40.718818887003
              ],
              [
                -73.991879120859,
                40.71870730158
              ],
              [
                -73.991959289288,
                40.718730706059
              ],
              [
                -73.991903015708,
                40.718842292421
              ],
              [
                -73.991862238405,
                40.718923149044
              ],
              [
                -73.991782069779,
                40.718899743599
              ]
            ]
          ]
        ]
      },
      "id": "nyc-building-1083905"
    },
    {
      "type": "Feature",
      "properties": {
        "building_id": "nyc-building-1086144",
        "object_id": 1086144,
        "bin": "1083350",
        "base_bbl": "1000940001",
        "name": "NYC Building 1083350",
        "use": "feature_code_2100",
        "feature_code": 2100,
        "construction_year": 1971,
        "height_roof_ft": 243.232363,
        "height_m": 74.137224,
        "ground_elevation_ft": 14,
        "geometry_source": null,
        "last_edited_date": "2023-01-05 19:47:39+00:00"
      },
      "geometry": {
        "type": "MultiPolygon",
        "coordinates": [
          [
            [
              [
                -74.0028483131,
                40.709509862767
              ],
              [
                -74.002828308713,
                40.709527529489
              ],
              [
                -74.002758668096,
                40.709481859956
              ],
              [
                -74.002620358823,
                40.709603994115
              ],
              [
                -74.002576823259,
                40.709575445293
              ],
              [
                -74.002515508107,
                40.709629588983
              ],
              [
                -74.002524035812,
                40.70963518097
              ],
              [
                -74.002348602813,
                40.709790096014
              ],
              [
                -74.002346414673,
                40.709788660644
              ],
              [
                -74.002306700359,
                40.709762618666
              ],
              [
                -74.002294671563,
                40.709773241336
              ],
              [
                -74.002185978354,
                40.709701965297
              ],
              [
                -74.002198805919,
                40.709690638423
              ],
              [
                -74.002157126072,
                40.709663306899
              ],
              [
                -74.002330900127,
                40.709509857309
              ],
              [
                -74.002391028194,
                40.709549285855
              ],
              [
                -74.002419132722,
                40.709524468981
              ],
              [
                -74.002453564587,
                40.709494063393
              ],
              [
                -74.002435734089,
                40.709482371535
              ],
              [
                -74.002429190995,
                40.709478080738
              ],
              [
                -74.002441826774,
                40.709466923137
              ],
              [
                -74.002496201518,
                40.709418906715
              ],
              [
                -74.002571862158,
                40.709352094323
              ],
              [
                -74.002503107093,
                40.709307007245
              ],
              [
                -74.002522571896,
                40.709289819664
              ],
              [
                -74.002591326957,
                40.709334905829
              ],
              [
                -74.00260282904,
                40.709324748704
              ],
              [
                -74.002645140802,
                40.709352495189
              ],
              [
                -74.002658117323,
                40.709341035885
              ],
              [
                -74.002663261623,
                40.709344409982
              ],
              [
                -74.002766654237,
                40.709412209728
              ],
              [
                -74.002766553653,
                40.709412298881
              ],
              [
                -74.002752777198,
                40.709424465118
              ],
              [
                -74.002754355876,
                40.709425500668
              ],
              [
                -74.00279345597,
                40.709451139979
              ],
              [
                -74.002793355386,
                40.709451229132
              ],
              [
                -74.002778668938,
                40.709464196849
              ],
              [
                -74.002780247617,
                40.709465232398
              ],
              [
                -74.0028483131,
                40.709509862767
              ]
            ]
          ]
        ]
      },
      "id": "nyc-building-1086144"
    },
    {
      "type": "Feature",
      "properties": {
        "building_id": "nyc-building-1086914",
        "object_id": 1086914,
        "bin": "1091023",
        "base_bbl": "1002530001",
        "name": "NYC Building 1091023",
        "use": "feature_code_2100",
        "feature_code": 2100,
        "construction_year": 1935,
        "height_roof_ft": 121.88,
        "height_m": 37.149024,
        "ground_elevation_ft": 16,
        "geometry_source": "Other (Manual)",
        "last_edited_date": "2023-06-08 17:17:01+00:00"
      },
      "geometry": {
        "type": "MultiPolygon",
        "coordinates": [
          [
            [
              [
                -73.994511506911,
                40.710915382283
              ],
              [
                -73.994404080871,
                40.710924232738
              ],
              [
                -73.994401135851,
                40.710904302486
              ],
              [
                -73.994334605207,
                40.710909994964
              ],
              [
                -73.994333362157,
                40.710901580529
              ],
              [
                -73.994289970908,
                40.710905292993
              ],
              [
                -73.994279206939,
                40.710832433015
              ],
              [
                -73.994275086335,
                40.710804543985
              ],
              [
                -73.994331293929,
                40.710799736235
              ],
              [
                -73.994324584316,
                40.710754321334
              ],
              [
                -73.99424611314,
                40.710761035252
              ],
              [
                -73.994228033789,
                40.710629238257
              ],
              [
                -73.994413834449,
                40.710600427464
              ],
              [
                -73.994428691757,
                40.710661213578
              ],
              [
                -73.994490591774,
                40.710651914277
              ],
              [
                -73.994479312779,
                40.710608440667
              ],
              [
                -73.99461524865,
                40.71058801901
              ],
              [
                -73.99462652773,
                40.710631492607
              ],
              [
                -73.99468794959,
                40.710622265219
              ],
              [
                -73.994703216139,
                40.710703899947
              ],
              [
                -73.99461582757,
                40.710717028047
              ],
              [
                -73.994619227625,
                40.710730132442
              ],
              [
                -73.994559088485,
                40.710739167145
              ],
              [
                -73.99455392217,
                40.710719254802
              ],
              [
                -73.99442726288,
                40.710738076627
              ],
              [
                -73.994435061865,
                40.710790858655
              ],
              [
                -73.994451151603,
                40.71078948165
              ],
              [
                -73.994457417776,
                40.710831893318
              ],
              [
                -73.994498650414,
                40.710828366193
              ],
              [
                -73.994502280272,
                40.710852932306
              ],
              [
                -73.994511506911,
                40.710915382283
              ]
            ]
          ]
        ]
      },
      "id": "nyc-building-1086914"
    },
    {
      "type": "Feature",
      "properties": {
        "building_id": "nyc-building-1086916",
        "object_id": 1086916,
        "bin": "1091021",
        "base_bbl": "1002530001",
        "name": "NYC Building 1091021",
        "use": "feature_code_2100",
        "feature_code": 2100,
        "construction_year": 1935,
        "height_roof_ft": 121.88,
        "height_m": 37.149024,
        "ground_elevation_ft": 16,
        "geometry_source": "Other (Manual)",
        "last_edited_date": "2023-06-08 17:15:31+00:00"
      },
      "geometry": {
        "type": "MultiPolygon",
        "coordinates": [
          [
            [
              [
                -73.994393322502,
                40.711219574599
              ],
              [
                -73.994500322885,
                40.711212005561
              ],
              [
                -73.994501506824,
                40.711220018364
              ],
              [
                -73.994555581038,
                40.711215392306
              ],
              [
                -73.994567409968,
                40.711294131741
              ],
              [
                -73.994570792709,
                40.711316651878
              ],
              [
                -73.994516169298,
                40.711321403088
              ],
              [
                -73.994522311429,
                40.711362287477
              ],
              [
                -73.994660555817,
                40.711350262243
              ],
              [
                -73.994654256291,
                40.711308335962
              ],
              [
                -73.994653423609,
                40.711302790577
              ],
              [
                -73.994788401596,
                40.711291049599
              ],
              [
                -73.994794422063,
                40.711331122608
              ],
              [
                -73.994795532715,
                40.711338520355
              ],
              [
                -73.994818500653,
                40.711336522257
              ],
              [
                -73.99482148052,
                40.711336263044
              ],
              [
                -73.994834640598,
                40.711406629559
              ],
              [
                -73.994806137746,
                40.711409108284
              ],
              [
                -73.994808563683,
                40.711425255455
              ],
              [
                -73.99481339072,
                40.711457388604
              ],
              [
                -73.9948110712,
                40.711457590214
              ],
              [
                -73.994678412401,
                40.711469129611
              ],
              [
                -73.994671605436,
                40.711423812885
              ],
              [
                -73.994625160616,
                40.711427853121
              ],
              [
                -73.994629671762,
                40.711457879067
              ],
              [
                -73.994562215136,
                40.711463747233
              ],
              [
                -73.994559702915,
                40.711447025527
              ],
              [
                -73.994535359787,
                40.711449142376
              ],
              [
                -73.99453839952,
                40.711469377001
              ],
              [
                -73.994542494291,
                40.711496636561
              ],
              [
                -73.994362401126,
                40.711512302179
              ],
              [
                -73.994356170366,
                40.711512843982
              ],
              [
                -73.994355939729,
                40.7115113095
              ],
              [
                -73.994355323513,
                40.711507212145
              ],
              [
                -73.994336473984,
                40.711381734027
              ],
              [
                -73.994416369555,
                40.711374784183
              ],
              [
                -73.994414162526,
                40.711360093141
              ],
              [
                -73.994409347515,
                40.711328041922
              ],
              [
                -73.99435089097,
                40.711333043208
              ],
              [
                -73.994339048208,
                40.711252885446
              ],
              [
                -73.994336138676,
                40.711233190228
              ],
              [
                -73.994394595134,
                40.711228189849
              ],
              [
                -73.994393322502,
                40.711219574599
              ]
            ]
          ]
        ]
      },
      "id": "nyc-building-1086916"
    },
    {
      "type": "Feature",
      "properties": {
        "building_id": "nyc-building-1087104",
        "object_id": 1087104,
        "bin": "1091024",
        "base_bbl": "1001210998",
        "name": "NYC Building 1091024",
        "use": "feature_code_2100",
        "feature_code": 2100,
        "construction_year": 1990,
        "height_roof_ft": 20,
        "height_m": 6.096,
        "ground_elevation_ft": 40,
        "geometry_source": "Photogrammetric",
        "last_edited_date": "2023-07-13 16:03:43+00:00"
      },
      "geometry": {
        "type": "MultiPolygon",
        "coordinates": [
          [
            [
              [
                -74.004363903523,
                40.712487311581
              ],
              [
                -74.004380530078,
                40.712475774505
              ],
              [
                -74.004400783444,
                40.712475773732
              ],
              [
                -74.004412470249,
                40.712481047576
              ],
              [
                -74.004413199394,
                40.712501127138
              ],
              [
                -74.004400350555,
                40.712515379114
              ],
              [
                -74.0043774841,
                40.712514717211
              ],
              [
                -74.004363762709,
                40.712505603662
              ],
              [
                -74.004363903523,
                40.712487311581
              ]
            ]
          ]
        ]
      },
      "id": "nyc-building-1087104"
    },
    {
      "type": "Feature",
      "properties": {
        "building_id": "nyc-building-1087116",
        "object_id": 1087116,
        "bin": "1091025",
        "base_bbl": "1001210998",
        "name": "NYC Building 1091025",
        "use": "feature_code_2100",
        "feature_code": 2100,
        "construction_year": 1990,
        "height_roof_ft": 20,
        "height_m": 6.096,
        "ground_elevation_ft": 40,
        "geometry_source": "Photogrammetric",
        "last_edited_date": "2023-07-13 16:03:43+00:00"
      },
      "geometry": {
        "type": "MultiPolygon",
        "coordinates": [
          [
            [
              [
                -74.004215021571,
                40.712365133124
              ],
              [
                -74.004231648121,
                40.712353596069
              ],
              [
                -74.00425190145,
                40.712353595322
              ],
              [
                -74.004263588222,
                40.712358869182
              ],
              [
                -74.00426431732,
                40.712378948745
              ],
              [
                -74.004251468473,
                40.712393200705
              ],
              [
                -74.004228602061,
                40.712392538771
              ],
              [
                -74.004214880716,
                40.712383425205
              ],
              [
                -74.004215021571,
                40.712365133124
              ]
            ]
          ]
        ]
      },
      "id": "nyc-building-1087116"
    },
    {
      "type": "Feature",
      "properties": {
        "building_id": "nyc-building-110192",
        "object_id": 110192,
        "bin": "1003873",
        "base_bbl": "1002990031",
        "name": "NYC Building 1003873",
        "use": "feature_code_2100",
        "feature_code": 2100,
        "construction_year": null,
        "height_roof_ft": 76.52,
        "height_m": 23.323296,
        "ground_elevation_ft": 42,
        "geometry_source": "Photogrammetric",
        "last_edited_date": "2019-01-22 17:36:30+00:00"
      },
      "geometry": {
        "type": "MultiPolygon",
        "coordinates": [
          [
            [
              [
                -73.991797809686,
                40.715274193187
              ],
              [
                -73.991810041585,
                40.715250455701
              ],
              [
                -73.991826501899,
                40.715218512162
              ],
              [
                -73.991853850108,
                40.715226670924
              ],
              [
                -73.991992323816,
                40.715267983449
              ],
              [
                -73.992069147218,
                40.715290903155
              ],
              [
                -73.992040455177,
                40.715346583339
              ],
              [
                -73.991797809686,
                40.715274193187
              ]
            ]
          ]
        ]
      },
      "id": "nyc-building-110192"
    },
    {
      "type": "Feature",
      "properties": {
        "building_id": "nyc-building-110485",
        "object_id": 110485,
        "bin": "1001423",
        "base_bbl": "1001320007",
        "name": "NYC Building 1001423",
        "use": "feature_code_2100",
        "feature_code": 2100,
        "construction_year": null,
        "height_roof_ft": 48.97,
        "height_m": 14.926056,
        "ground_elevation_ft": 16,
        "geometry_source": "Photogrammetric",
        "last_edited_date": "2017-08-22 18:44:17+00:00"
      },
      "geometry": {
        "type": "MultiPolygon",
        "coordinates": [
          [
            [
              [
                -74.010559612039,
                40.715011046204
              ],
              [
                -74.01055492156,
                40.715008935837
              ],
              [
                -74.010487126825,
                40.714978429137
              ],
              [
                -74.01050894109,
                40.714950360936
              ],
              [
                -74.010541939332,
                40.71490790425
              ],
              [
                -74.010669756241,
                40.714743445742
              ],
              [
                -74.010683484401,
                40.714749622872
              ],
              [
                -74.010820357816,
                40.71481121311
              ],
              [
                -74.010703140598,
                40.714962032567
              ],
              [
                -74.01065954297,
                40.715018127612
              ],
              [
                -74.010637728746,
                40.715046196741
              ],
              [
                -74.010559612039,
                40.715011046204
              ]
            ]
          ]
        ]
      },
      "id": "nyc-building-110485"
    },
    {
      "type": "Feature",
      "properties": {
        "building_id": "nyc-building-111489",
        "object_id": 111489,
        "bin": "1003792",
        "base_bbl": "1002930020",
        "name": "NYC Building 1003792",
        "use": "feature_code_2100",
        "feature_code": 2100,
        "construction_year": 1910,
        "height_roof_ft": 61.27,
        "height_m": 18.675096,
        "ground_elevation_ft": 42,
        "geometry_source": "Photogrammetric",
        "last_edited_date": "2017-08-22 19:22:34+00:00"
      },
      "geometry": {
        "type": "MultiPolygon",
        "coordinates": [
          [
            [
              [
                -73.993003366315,
                40.714620601166
              ],
              [
                -73.993067259058,
                40.714639586892
              ],
              [
                -73.993073862655,
                40.714641549502
              ],
              [
                -73.993080808683,
                40.714651013385
              ],
              [
                -73.993116914279,
                40.71466174243
              ],
              [
                -73.993112364076,
                40.714670609485
              ],
              [
                -73.993137527588,
                40.714678087026
              ],
              [
                -73.993139359555,
                40.714678631043
              ],
              [
                -73.993139720588,
                40.714677926866
              ],
              [
                -73.993143910938,
                40.714669763987
              ],
              [
                -73.993165133593,
                40.714676070624
              ],
              [
                -73.993188759822,
                40.714683091503
              ],
              [
                -73.993192055279,
                40.714676670157
              ],
              [
                -73.993222912341,
                40.714685839174
              ],
              [
                -73.993259706742,
                40.714696772631
              ],
              [
                -73.993304155684,
                40.714709775895
              ],
              [
                -73.993285063619,
                40.714746973973
              ],
              [
                -73.993240705802,
                40.714733792406
              ],
              [
                -73.993230554282,
                40.714753571524
              ],
              [
                -73.993162903953,
                40.714733469033
              ],
              [
                -73.993164958882,
                40.714729463684
              ],
              [
                -73.993120109972,
                40.71471613706
              ],
              [
                -73.993126234519,
                40.71470420386
              ],
              [
                -73.993099237848,
                40.714696182298
              ],
              [
                -73.993093052927,
                40.71470823346
              ],
              [
                -73.99305694731,
                40.714697505308
              ],
              [
                -73.99304434074,
                40.714699069635
              ],
              [
                -73.993019300308,
                40.714691629002
              ],
              [
                -73.992973844348,
                40.714678121281
              ],
              [
                -73.993003366315,
                40.714620601166
              ]
            ]
          ]
        ]
      },
      "id": "nyc-building-111489"
    },
    {
      "type": "Feature",
      "properties": {
        "building_id": "nyc-building-111549",
        "object_id": 111549,
        "bin": "1077421",
        "base_bbl": "1001110100",
        "name": "NYC Building 1077421",
        "use": "feature_code_2100",
        "feature_code": 2100,
        "construction_year": 1950,
        "height_roof_ft": 165.258761,
        "height_m": 50.37087,
        "ground_elevation_ft": 17,
        "geometry_source": "Photogrammetric",
        "last_edited_date": "2017-08-22 17:51:07+00:00"
      },
      "geometry": {
        "type": "MultiPolygon",
        "coordinates": [
          [
            [
              [
                -73.997164702901,
                40.711812732424
              ],
              [
                -73.997251546935,
                40.711711228941
              ],
              [
                -73.997249378041,
                40.711703365628
              ],
              [
                -73.997240900073,
                40.711672637292
              ],
              [
                -73.997203070481,
                40.711678680609
              ],
              [
                -73.997179180805,
                40.711592084197
              ],
              [
                -73.997218207982,
                40.711585850909
              ],
              [
                -73.997215123266,
                40.711574670091
              ],
              [
                -73.99720799541,
                40.711548830658
              ],
              [
                -73.997074217278,
                40.711480538895
              ],
              [
                -73.997135596021,
                40.711410917435
              ],
              [
                -73.997212510736,
                40.711450180697
              ],
              [
                -73.997236605322,
                40.711446594542
              ],
              [
                -73.99724248459,
                40.711445719387
              ],
              [
                -73.997265266751,
                40.711442328606
              ],
              [
                -73.997296143602,
                40.711407304862
              ],
              [
                -73.997309681357,
                40.711391948766
              ],
              [
                -73.997318150291,
                40.711382343214
              ],
              [
                -73.997409459914,
                40.711428953947
              ],
              [
                -73.997377993743,
                40.711464646787
              ],
              [
                -73.997368353168,
                40.711475582372
              ],
              [
                -73.997361639321,
                40.711483196939
              ],
              [
                -73.997379839988,
                40.711492004351
              ],
              [
                -73.997380647066,
                40.71149239429
              ],
              [
                -73.997464638726,
                40.711535775581
              ],
              [
                -73.99747717769,
                40.711582228711
              ],
              [
                -73.997494281685,
                40.711645591733
              ],
              [
                -73.997426939471,
                40.711724301205
              ],
              [
                -73.997498001648,
                40.711759504641
              ],
              [
                -73.997469051403,
                40.711793342506
              ],
              [
                -73.997462402618,
                40.711801114669
              ],
              [
                -73.997465156081,
                40.711810877168
              ],
              [
                -73.997496512917,
                40.711822082911
              ],
              [
                -73.997514764867,
                40.71188678231
              ],
              [
                -73.997205696002,
                40.71191660015
              ],
              [
                -73.997192267275,
                40.711868997919
              ],
              [
                -73.997232627674,
                40.711850184521
              ],
              [
                -73.997232576795,
                40.711850000816
              ],
              [
                -73.997237056097,
                40.711849268808
              ],
              [
                -73.997236828913,
                40.711848463746
              ],
              [
                -73.997164702901,
                40.711812732424
              ]
            ]
          ]
        ]
      },
      "id": "nyc-building-111549"
    },
    {
      "type": "Feature",
      "properties": {
        "building_id": "nyc-building-111883",
        "object_id": 111883,
        "bin": "1003568",
        "base_bbl": "1002830028",
        "name": "NYC Building 1003568",
        "use": "feature_code_2100",
        "feature_code": 2100,
        "construction_year": 1972,
        "height_roof_ft": 42.613564,
        "height_m": 12.988614,
        "ground_elevation_ft": 33,
        "geometry_source": "Photogrammetric",
        "last_edited_date": "2017-08-22 18:59:50+00:00"
      },
      "geometry": {
        "type": "MultiPolygon",
        "coordinates": [
          [
            [
              [
                -73.990760251663,
                40.713795745525
              ],
              [
                -73.990746656763,
                40.713696824239
              ],
              [
                -73.990744864448,
                40.713683779297
              ],
              [
                -73.99083021888,
                40.71367698727
              ],
              [
                -73.990832011212,
                40.713690032211
              ],
              [
                -73.990836510776,
                40.713689674166
              ],
              [
                -73.990837356105,
                40.71369582382
              ],
              [
                -73.990841050725,
                40.713722704357
              ],
              [
                -73.990864584047,
                40.713893937426
              ],
              [
                -73.990774729762,
                40.713901087521
              ],
              [
                -73.990760251663,
                40.713795745525
              ]
            ]
          ]
        ]
      },
      "id": "nyc-building-111883"
    },
    {
      "type": "Feature",
      "properties": {
        "building_id": "nyc-building-111884",
        "object_id": 111884,
        "bin": "1085600",
        "base_bbl": "1000760023",
        "name": "NYC Building 1085600",
        "use": "feature_code_2100",
        "feature_code": 2100,
        "construction_year": 1920,
        "height_roof_ft": 10.683886,
        "height_m": 3.256448,
        "ground_elevation_ft": 26,
        "geometry_source": "Photogrammetric",
        "last_edited_date": "2017-08-22 18:59:50+00:00"
      },
      "geometry": {
        "type": "MultiPolygon",
        "coordinates": [
          [
            [
              [
                -74.005775327594,
                40.708591239325
              ],
              [
                -74.005830387522,
                40.708551940939
              ],
              [
                -74.005980537194,
                40.708673766102
              ],
              [
                -74.005925478437,
                40.708713062759
              ],
              [
                -74.005775327594,
                40.708591239325
              ]
            ]
          ]
        ]
      },
      "id": "nyc-building-111884"
    },
    {
      "type": "Feature",
      "properties": {
        "building_id": "nyc-building-114871",
        "object_id": 114871,
        "bin": "1002139",
        "base_bbl": "1001890020",
        "name": "NYC Building 1002139",
        "use": "feature_code_2100",
        "feature_code": 2100,
        "construction_year": null,
        "height_roof_ft": 76.327463,
        "height_m": 23.264611,
        "ground_elevation_ft": 18,
        "geometry_source": "Photogrammetric",
        "last_edited_date": "2018-12-07 18:34:15+00:00"
      },
      "geometry": {
        "type": "MultiPolygon",
        "coordinates": [
          [
            [
              [
                -74.00818364568,
                40.719770193028
              ],
              [
                -74.008188894524,
                40.719739021504
              ],
              [
                -74.00819026646,
                40.719730873592
              ],
              [
                -74.008195978425,
                40.719731430601
              ],
              [
                -74.008220607574,
                40.719733831405
              ],
              [
                -74.008224148579,
                40.719712805146
              ],
              [
                -74.008465605156,
                40.719736342278
              ],
              [
                -74.008455443603,
                40.719796688897
              ],
              [
                -74.00818364568,
                40.719770193028
              ]
            ]
          ]
        ]
      },
      "id": "nyc-building-114871"
    },
    {
      "type": "Feature",
      "properties": {
        "building_id": "nyc-building-117580",
        "object_id": 117580,
        "bin": "1001133",
        "base_bbl": "1000700020",
        "name": "NYC Building 1001133",
        "use": "feature_code_2100",
        "feature_code": 2100,
        "construction_year": 1975,
        "height_roof_ft": 15.01,
        "height_m": 4.575048,
        "ground_elevation_ft": 8,
        "geometry_source": "Photogrammetric",
        "last_edited_date": "2017-08-22 19:22:08+00:00"
      },
      "geometry": {
        "type": "MultiPolygon",
        "coordinates": [
          [
            [
              [
                -74.006226672834,
                40.706943076482
              ],
              [
                -74.006140782782,
                40.706869674105
              ],
              [
                -74.006152712446,
                40.706861444594
              ],
              [
                -74.006195056693,
                40.706832234232
              ],
              [
                -74.006196127545,
                40.706831494855
              ],
              [
                -74.006233945274,
                40.706863242145
              ],
              [
                -74.006357798706,
                40.706967214725
              ],
              [
                -74.006355566604,
                40.706976253282
              ],
              [
                -74.006304958167,
                40.706995994376
              ],
              [
                -74.006278524479,
                40.707006304877
              ],
              [
                -74.006226672834,
                40.706943076482
              ]
            ]
          ]
        ]
      },
      "id": "nyc-building-117580"
    },
    {
      "type": "Feature",
      "properties": {
        "building_id": "nyc-building-11954",
        "object_id": 11954,
        "bin": "1002375",
        "base_bbl": "1001990020",
        "name": "NYC Building 1002375",
        "use": "feature_code_2100",
        "feature_code": 2100,
        "construction_year": 1920,
        "height_roof_ft": 57.33,
        "height_m": 17.474184,
        "ground_elevation_ft": 27,
        "geometry_source": "Photogrammetric",
        "last_edited_date": "2017-08-22 17:47:23+00:00"
      },
      "geometry": {
        "type": "MultiPolygon",
        "coordinates": [
          [
            [
              [
                -73.999211867989,
                40.716718329337
              ],
              [
                -73.999103081104,
                40.716679453514
              ],
              [
                -73.998981730246,
                40.716636087533
              ],
              [
                -73.998981592959,
                40.716636038904
              ],
              [
                -73.998981808363,
                40.716635689508
              ],
              [
                -73.999020133771,
                40.716573602356
              ],
              [
                -73.999118098453,
                40.716608610484
              ],
              [
                -73.999239752328,
                40.716652084384
              ],
              [
                -73.999281786985,
                40.716667105165
              ],
              [
                -73.999243246364,
                40.716729542701
              ],
              [
                -73.999224401348,
                40.71672280766
              ],
              [
                -73.999211867989,
                40.716718329337
              ]
            ]
          ]
        ]
      },
      "id": "nyc-building-11954"
    },
    {
      "type": "Feature",
      "properties": {
        "building_id": "nyc-building-121137",
        "object_id": 121137,
        "bin": "1004051",
        "base_bbl": "1003100040",
        "name": "NYC Building 1004051",
        "use": "feature_code_2100",
        "feature_code": 2100,
        "construction_year": 1915,
        "height_roof_ft": 64.42,
        "height_m": 19.635216,
        "ground_elevation_ft": 34,
        "geometry_source": "Photogrammetric",
        "last_edited_date": "2017-08-22 18:59:47+00:00"
      },
      "geometry": {
        "type": "MultiPolygon",
        "coordinates": [
          [
            [
              [
                -73.990192114297,
                40.715983235798
              ],
              [
                -73.990220120316,
                40.715929100395
              ],
              [
                -73.990227574927,
                40.71591468926
              ],
              [
                -73.990275025269,
                40.715928900629
              ],
              [
                -73.990308467352,
                40.715864258509
              ],
              [
                -73.990261017049,
                40.715850046253
              ],
              [
                -73.990265367633,
                40.715841636754
              ],
              [
                -73.990290840136,
                40.715792397194
              ],
              [
                -73.990442226622,
                40.71583773795
              ],
              [
                -73.990437142087,
                40.7158475675
              ],
              [
                -73.990343501149,
                40.716028576683
              ],
              [
                -73.990192114297,
                40.715983235798
              ]
            ]
          ]
        ]
      },
      "id": "nyc-building-121137"
    },
    {
      "type": "Feature",
      "properties": {
        "building_id": "nyc-building-12259",
        "object_id": 12259,
        "bin": "1005653",
        "base_bbl": "1004240002",
        "name": "NYC Building 1005653",
        "use": "feature_code_2100",
        "feature_code": 2100,
        "construction_year": 1900,
        "height_roof_ft": 34.27,
        "height_m": 10.445496,
        "ground_elevation_ft": 37,
        "geometry_source": "Photogrammetric",
        "last_edited_date": "2017-08-22 19:16:11+00:00"
      },
      "geometry": {
        "type": "MultiPolygon",
        "coordinates": [
          [
            [
              [
                -73.993924092079,
                40.719453099435
              ],
              [
                -73.993941448508,
                40.719419677022
              ],
              [
                -73.99417874642,
                40.719491009648
              ],
              [
                -73.994164158374,
                40.71952526521
              ],
              [
                -73.993924092079,
                40.719453099435
              ]
            ]
          ]
        ]
      },
      "id": "nyc-building-12259"
    },
    {
      "type": "Feature",
      "properties": {
        "building_id": "nyc-building-124182",
        "object_id": 124182,
        "bin": "1001092",
        "base_bbl": "1000640024",
        "name": "NYC Building 1001092",
        "use": "feature_code_2100",
        "feature_code": 2100,
        "construction_year": 1900,
        "height_roof_ft": 68.62,
        "height_m": 20.915376,
        "ground_elevation_ft": 27,
        "geometry_source": "Photogrammetric",
        "last_edited_date": "2017-08-22 18:22:32+00:00"
      },
      "geometry": {
        "type": "MultiPolygon",
        "coordinates": [
          [
            [
              [
                -74.009256277246,
                40.709209859498
              ],
              [
                -74.009367279335,
                40.70926746162
              ],
              [
                -74.009292307213,
                40.709351122485
              ],
              [
                -74.009233906907,
                40.709297329748
              ],
              [
                -74.009232547028,
                40.709296077246
              ],
              [
                -74.009215285202,
                40.709280176502
              ],
              [
                -74.00920044134,
                40.709266503428
              ],
              [
                -74.009224781263,
                40.709241812164
              ],
              [
                -74.009256277246,
                40.709209859498
              ]
            ]
          ]
        ]
      },
      "id": "nyc-building-124182"
    },
    {
      "type": "Feature",
      "properties": {
        "building_id": "nyc-building-13564",
        "object_id": 13564,
        "bin": "1001457",
        "base_bbl": "1001340020",
        "name": "NYC Building 1001457",
        "use": "feature_code_2100",
        "feature_code": 2100,
        "construction_year": 1915,
        "height_roof_ft": 74.1,
        "height_m": 22.58568,
        "ground_elevation_ft": 33,
        "geometry_source": "Photogrammetric",
        "last_edited_date": "2017-08-22 18:17:23+00:00"
      },
      "geometry": {
        "type": "MultiPolygon",
        "coordinates": [
          [
            [
              [
                -74.007608746854,
                40.71391818446
              ],
              [
                -74.007736422528,
                40.713755236652
              ],
              [
                -74.007742383921,
                40.713747627837
              ],
              [
                -74.007818634827,
                40.7137822194
              ],
              [
                -74.007684996702,
                40.713952776112
              ],
              [
                -74.007608746854,
                40.71391818446
              ]
            ]
          ]
        ]
      },
      "id": "nyc-building-13564"
    },
    {
      "type": "Feature",
      "properties": {
        "building_id": "nyc-building-141459",
        "object_id": 141459,
        "bin": "1003334",
        "base_bbl": "1002770012",
        "name": "NYC Building 1003334",
        "use": "feature_code_2100",
        "feature_code": 2100,
        "construction_year": 1984,
        "height_roof_ft": 54.28,
        "height_m": 16.544544,
        "ground_elevation_ft": 28,
        "geometry_source": "Photogrammetric",
        "last_edited_date": "2017-08-22 19:21:24+00:00"
      },
      "geometry": {
        "type": "MultiPolygon",
        "coordinates": [
          [
            [
              [
                -73.995462684013,
                40.712583663819
              ],
              [
                -73.995457059421,
                40.712544502184
              ],
              [
                -73.995423787525,
                40.712312829153
              ],
              [
                -73.995513698364,
                40.712305353047
              ],
              [
                -73.995521781001,
                40.712361624481
              ],
              [
                -73.995540084973,
                40.71248908079
              ],
              [
                -73.995548157008,
                40.712545286483
              ],
              [
                -73.995549078479,
                40.712551704459
              ],
              [
                -73.995553073101,
                40.71257951779
              ],
              [
                -73.995463161896,
                40.712586993926
              ],
              [
                -73.995462684013,
                40.712583663819
              ]
            ]
          ]
        ]
      },
      "id": "nyc-building-141459"
    },
    {
      "type": "Feature",
      "properties": {
        "building_id": "nyc-building-142008",
        "object_id": 142008,
        "bin": "1075618",
        "base_bbl": "1000750021",
        "name": "NYC Building 1075618",
        "use": "feature_code_2100",
        "feature_code": 2100,
        "construction_year": 1987,
        "height_roof_ft": 375.6,
        "height_m": 114.48288,
        "ground_elevation_ft": 10,
        "geometry_source": "Photogrammetric",
        "last_edited_date": "2017-08-22 18:59:07+00:00"
      },
      "geometry": {
        "type": "MultiPolygon",
        "coordinates": [
          [
            [
              [
                -74.004838669614,
                40.708008852534
              ],
              [
                -74.004775287054,
                40.708032676409
              ],
              [
                -74.00477180097,
                40.708033986797
              ],
              [
                -74.00466622322,
                40.708073670359
              ],
              [
                -74.004648226318,
                40.708051587848
              ],
              [
                -74.004560082266,
                40.707943428258
              ],
              [
                -74.004480904346,
                40.707846270698
              ],
              [
                -74.004479240409,
                40.707844228403
              ],
              [
                -74.004498706107,
                40.707836634531
              ],
              [
                -74.004864082941,
                40.707694101134
              ],
              [
                -74.004869190999,
                40.707703730086
              ],
              [
                -74.004898359979,
                40.707758714972
              ],
              [
                -74.004957404646,
                40.707870020149
              ],
              [
                -74.004999070612,
                40.707948562746
              ],
              [
                -74.004838669614,
                40.708008852534
              ]
            ]
          ]
        ]
      },
      "id": "nyc-building-142008"
    },
    {
      "type": "Feature",
      "properties": {
        "building_id": "nyc-building-149114",
        "object_id": 149114,
        "bin": "1003994",
        "base_bbl": "1003080027",
        "name": "NYC Building 1003994",
        "use": "feature_code_2100",
        "feature_code": 2100,
        "construction_year": 1910,
        "height_roof_ft": 68.09,
        "height_m": 20.753832,
        "ground_elevation_ft": 37,
        "geometry_source": "Photogrammetric",
        "last_edited_date": "2017-08-22 18:22:15+00:00"
      },
      "geometry": {
        "type": "MultiPolygon",
        "coordinates": [
          [
            [
              [
                -73.991442756975,
                40.716143602957
              ],
              [
                -73.991420106151,
                40.716187631725
              ],
              [
                -73.991400968252,
                40.716192532676
              ],
              [
                -73.991352518749,
                40.716286709825
              ],
              [
                -73.991283958539,
                40.716266290086
              ],
              [
                -73.991359788289,
                40.71611889126
              ],
              [
                -73.991442756975,
                40.716143602957
              ]
            ]
          ]
        ]
      },
      "id": "nyc-building-149114"
    },
    {
      "type": "Feature",
      "properties": {
        "building_id": "nyc-building-154694",
        "object_id": 154694,
        "bin": "1001802",
        "base_bbl": "1001630035",
        "name": "NYC Building 1001802",
        "use": "feature_code_2100",
        "feature_code": 2100,
        "construction_year": 1920,
        "height_roof_ft": 66.68,
        "height_m": 20.324064,
        "ground_elevation_ft": 39,
        "geometry_source": "Photogrammetric",
        "last_edited_date": "2017-08-22 18:04:36+00:00"
      },
      "geometry": {
        "type": "MultiPolygon",
        "coordinates": [
          [
            [
              [
                -73.997092156061,
                40.714944697802
              ],
              [
                -73.997131683276,
                40.714887570406
              ],
              [
                -73.997296000841,
                40.714929882164
              ],
              [
                -73.997398162721,
                40.714956189328
              ],
              [
                -73.997440362924,
                40.714967055833
              ],
              [
                -73.997422141625,
                40.715008025953
              ],
              [
                -73.997413503809,
                40.715027446169
              ],
              [
                -73.997346135868,
                40.715010098104
              ],
              [
                -73.997295998113,
                40.71499718722
              ],
              [
                -73.997092156061,
                40.714944697802
              ]
            ]
          ]
        ]
      },
      "id": "nyc-building-154694"
    },
    {
      "type": "Feature",
      "properties": {
        "building_id": "nyc-building-159674",
        "object_id": 159674,
        "bin": "1077619",
        "base_bbl": "1004130020",
        "name": "NYC Building 1077619",
        "use": "feature_code_2100",
        "feature_code": 2100,
        "construction_year": 1920,
        "height_roof_ft": 111,
        "height_m": 33.8328,
        "ground_elevation_ft": 39,
        "geometry_source": "Other (Manual)",
        "last_edited_date": "2017-08-22 19:36:02+00:00"
      },
      "geometry": {
        "type": "MultiPolygon",
        "coordinates": [
          [
            [
              [
                -73.99132327908,
                40.717905168587
              ],
              [
                -73.991352403719,
                40.717848787135
              ],
              [
                -73.991513006706,
                40.717896814285
              ],
              [
                -73.991483882182,
                40.717953195777
              ],
              [
                -73.99132327908,
                40.717905168587
              ]
            ]
          ]
        ]
      },
      "id": "nyc-building-159674"
    },
    {
      "type": "Feature",
      "properties": {
        "building_id": "nyc-building-160317",
        "object_id": 160317,
        "bin": "1001815",
        "base_bbl": "1001640026",
        "name": "NYC Building 1001815",
        "use": "feature_code_2100",
        "feature_code": 2100,
        "construction_year": 1915,
        "height_roof_ft": 66.031029,
        "height_m": 20.126258,
        "ground_elevation_ft": 30,
        "geometry_source": "Photogrammetric",
        "last_edited_date": "2017-08-22 18:58:40+00:00"
      },
      "geometry": {
        "type": "MultiPolygon",
        "coordinates": [
          [
            [
              [
                -73.998783458074,
                40.715440616667
              ],
              [
                -73.99873440385,
                40.715424771658
              ],
              [
                -73.998720529873,
                40.715420290565
              ],
              [
                -73.9987918955,
                40.715292180214
              ],
              [
                -73.998806154081,
                40.715297104354
              ],
              [
                -73.998865073715,
                40.715317451982
              ],
              [
                -73.998855119083,
                40.715335296399
              ],
              [
                -73.998962630259,
                40.7153700229
              ],
              [
                -73.9990550817,
                40.715399885521
              ],
              [
                -73.999010081673,
                40.715491304964
              ],
              [
                -73.998900148866,
                40.715455795942
              ],
              [
                -73.99879410037,
                40.715421541266
              ],
              [
                -73.998783458074,
                40.715440616667
              ]
            ]
          ]
        ]
      },
      "id": "nyc-building-160317"
    },
    {
      "type": "Feature",
      "properties": {
        "building_id": "nyc-building-163970",
        "object_id": 163970,
        "bin": "1003858",
        "base_bbl": "1002980035",
        "name": "NYC Building 1003858",
        "use": "feature_code_2100",
        "feature_code": 2100,
        "construction_year": 1910,
        "height_roof_ft": 34.3,
        "height_m": 10.45464,
        "ground_elevation_ft": 39,
        "geometry_source": "Photogrammetric",
        "last_edited_date": "2017-08-22 18:39:03+00:00"
      },
      "geometry": {
        "type": "MultiPolygon",
        "coordinates": [
          [
            [
              [
                -73.991369160198,
                40.715005479246
              ],
              [
                -73.991337896145,
                40.714996152113
              ],
              [
                -73.991356100331,
                40.714960824652
              ],
              [
                -73.991339273043,
                40.714955804843
              ],
              [
                -73.991387289498,
                40.714862625417
              ],
              [
                -73.99145572048,
                40.714883041486
              ],
              [
                -73.991389501127,
                40.715011548409
              ],
              [
                -73.991369160198,
                40.715005479246
              ]
            ]
          ]
        ]
      },
      "id": "nyc-building-163970"
    },
    {
      "type": "Feature",
      "properties": {
        "building_id": "nyc-building-164266",
        "object_id": 164266,
        "bin": "1002388",
        "base_bbl": "1002000010",
        "name": "NYC Building 1002388",
        "use": "feature_code_2100",
        "feature_code": 2100,
        "construction_year": 1910,
        "height_roof_ft": 48.4,
        "height_m": 14.75232,
        "ground_elevation_ft": 32,
        "geometry_source": "Photogrammetric",
        "last_edited_date": "2017-08-22 17:37:32+00:00"
      },
      "geometry": {
        "type": "MultiPolygon",
        "coordinates": [
          [
            [
              [
                -73.998450835106,
                40.716529714248
              ],
              [
                -73.998478156284,
                40.716484859293
              ],
              [
                -73.998482008752,
                40.716478535059
              ],
              [
                -73.998489285239,
                40.716466589885
              ],
              [
                -73.99881654365,
                40.716581995005
              ],
              [
                -73.99877809376,
                40.716645119476
              ],
              [
                -73.99854462759,
                40.716562789413
              ],
              [
                -73.998450835106,
                40.716529714248
              ]
            ]
          ]
        ]
      },
      "id": "nyc-building-164266"
    },
    {
      "type": "Feature",
      "properties": {
        "building_id": "nyc-building-186721",
        "object_id": 186721,
        "bin": "1000873",
        "base_bbl": "1000370013",
        "name": "NYC Building 1000873",
        "use": "feature_code_2100",
        "feature_code": 2100,
        "construction_year": 1961,
        "height_roof_ft": 103.23,
        "height_m": 31.464504,
        "ground_elevation_ft": 6,
        "geometry_source": "Photogrammetric",
        "last_edited_date": "2017-08-22 17:37:03+00:00"
      },
      "geometry": {
        "type": "MultiPolygon",
        "coordinates": [
          [
            [
              [
                -74.00587381726,
                40.705062966464
              ],
              [
                -74.00590199927,
                40.705040457633
              ],
              [
                -74.005954621887,
                40.704998428942
              ],
              [
                -74.005968364292,
                40.705005963712
              ],
              [
                -74.005985636675,
                40.705015433496
              ],
              [
                -74.006246450734,
                40.705158424488
              ],
              [
                -74.006266661503,
                40.705169505085
              ],
              [
                -74.006173148967,
                40.705242085077
              ],
              [
                -74.006165085446,
                40.705237259667
              ],
              [
                -74.006047381125,
                40.705166826091
              ],
              [
                -74.00587381726,
                40.705062966464
              ]
            ]
          ]
        ]
      },
      "id": "nyc-building-186721"
    },
    {
      "type": "Feature",
      "properties": {
        "building_id": "nyc-building-193705",
        "object_id": 193705,
        "bin": "1002604",
        "base_bbl": "1002030005",
        "name": "NYC Building 1002604",
        "use": "feature_code_2100",
        "feature_code": 2100,
        "construction_year": 1958,
        "height_roof_ft": 12.55,
        "height_m": 3.82524,
        "ground_elevation_ft": 43,
        "geometry_source": "Photogrammetric",
        "last_edited_date": "2017-08-22 17:50:01+00:00"
      },
      "geometry": {
        "type": "MultiPolygon",
        "coordinates": [
          [
            [
              [
                -73.996375569769,
                40.717093071023
              ],
              [
                -73.996311686984,
                40.717069879956
              ],
              [
                -73.99626884206,
                40.717054326765
              ],
              [
                -73.996225319014,
                40.717038526795
              ],
              [
                -73.996192465194,
                40.717026600257
              ],
              [
                -73.996217798348,
                40.716986199698
              ],
              [
                -73.996269793773,
                40.716903280607
              ],
              [
                -73.996348925705,
                40.716932006718
              ],
              [
                -73.996388916668,
                40.71686823204
              ],
              [
                -73.996421092304,
                40.716879911762
              ],
              [
                -73.996463966454,
                40.71681153644
              ],
              [
                -73.996491770252,
                40.716821629308
              ],
              [
                -73.996526336514,
                40.716766504718
              ],
              [
                -73.996706763643,
                40.716832003229
              ],
              [
                -73.99651540396,
                40.717137178727
              ],
              [
                -73.996512004604,
                40.717142599696
              ],
              [
                -73.996500497444,
                40.717138422781
              ],
              [
                -73.996375569769,
                40.717093071023
              ]
            ]
          ]
        ]
      },
      "id": "nyc-building-193705"
    },
    {
      "type": "Feature",
      "properties": {
        "building_id": "nyc-building-195419",
        "object_id": 195419,
        "bin": "1001243",
        "base_bbl": "1000890002",
        "name": "NYC Building 1001243",
        "use": "feature_code_2100",
        "feature_code": 2100,
        "construction_year": 1960,
        "height_roof_ft": 70.74,
        "height_m": 21.561552,
        "ground_elevation_ft": 36,
        "geometry_source": "Photogrammetric",
        "last_edited_date": "2017-08-22 18:58:13+00:00"
      },
      "geometry": {
        "type": "MultiPolygon",
        "coordinates": [
          [
            [
              [
                -74.007855877314,
                40.710541099144
              ],
              [
                -74.007963726873,
                40.710432363128
              ],
              [
                -74.008039915421,
                40.710471012267
              ],
              [
                -74.00788324683,
                40.710628969139
              ],
              [
                -74.007810284957,
                40.710587066132
              ],
              [
                -74.007855877314,
                40.710541099144
              ]
            ]
          ]
        ]
      },
      "id": "nyc-building-195419"
    },
    {
      "type": "Feature",
      "properties": {
        "building_id": "nyc-building-199843",
        "object_id": 199843,
        "bin": "1003518",
        "base_bbl": "1002810053",
        "name": "NYC Building 1003518",
        "use": "feature_code_2100",
        "feature_code": 2100,
        "construction_year": 1910,
        "height_roof_ft": 40.17,
        "height_m": 12.243816,
        "ground_elevation_ft": 39,
        "geometry_source": "Photogrammetric",
        "last_edited_date": "2017-08-22 17:50:00+00:00"
      },
      "geometry": {
        "type": "MultiPolygon",
        "coordinates": [
          [
            [
              [
                -73.996287174456,
                40.713871069761
              ],
              [
                -73.996378127529,
                40.713864243184
              ],
              [
                -73.996400899716,
                40.714039919113
              ],
              [
                -73.996309946405,
                40.714046744807
              ],
              [
                -73.996287174456,
                40.713871069761
              ]
            ]
          ]
        ]
      },
      "id": "nyc-building-199843"
    },
    {
      "type": "Feature",
      "properties": {
        "building_id": "nyc-building-201257",
        "object_id": 201257,
        "bin": "1001801",
        "base_bbl": "1001630033",
        "name": "NYC Building 1001801",
        "use": "feature_code_2100",
        "feature_code": 2100,
        "construction_year": 1915,
        "height_roof_ft": 50.41,
        "height_m": 15.364968,
        "ground_elevation_ft": 40,
        "geometry_source": "Photogrammetric",
        "last_edited_date": "2017-08-22 19:39:24+00:00"
      },
      "geometry": {
        "type": "MultiPolygon",
        "coordinates": [
          [
            [
              [
                -73.997086097432,
                40.714953454213
              ],
              [
                -73.997092156061,
                40.714944697802
              ],
              [
                -73.997295998113,
                40.71499718722
              ],
              [
                -73.997346135868,
                40.715010098104
              ],
              [
                -73.997295994233,
                40.715092907883
              ],
              [
                -73.997269775903,
                40.715136208312
              ],
              [
                -73.997166821278,
                40.715100116067
              ],
              [
                -73.997020186221,
                40.715048710329
              ],
              [
                -73.997086097432,
                40.714953454213
              ]
            ]
          ]
        ]
      },
      "id": "nyc-building-201257"
    },
    {
      "type": "Feature",
      "properties": {
        "building_id": "nyc-building-204390",
        "object_id": 204390,
        "bin": "1001284",
        "base_bbl": "1000930026",
        "name": "NYC Building 1001284",
        "use": "feature_code_2100",
        "feature_code": 2100,
        "construction_year": 1900,
        "height_roof_ft": 56.521289,
        "height_m": 17.227689,
        "ground_elevation_ft": 28,
        "geometry_source": "Photogrammetric",
        "last_edited_date": "2017-08-22 18:57:39+00:00"
      },
      "geometry": {
        "type": "MultiPolygon",
        "coordinates": [
          [
            [
              [
                -74.005525747877,
                40.710232355737
              ],
              [
                -74.005586433144,
                40.710182855315
              ],
              [
                -74.005680550396,
                40.710257446343
              ],
              [
                -74.005619185714,
                40.710319256833
              ],
              [
                -74.005618323089,
                40.710320125869
              ],
              [
                -74.005617368008,
                40.710319220001
              ],
              [
                -74.005577679532,
                40.710281591376
              ],
              [
                -74.005525747877,
                40.710232355737
              ]
            ]
          ]
        ]
      },
      "id": "nyc-building-204390"
    },
    {
      "type": "Feature",
      "properties": {
        "building_id": "nyc-building-210345",
        "object_id": 210345,
        "bin": "1001514",
        "base_bbl": "1001410012",
        "name": "NYC Building 1001514",
        "use": "feature_code_2100",
        "feature_code": 2100,
        "construction_year": 1915,
        "height_roof_ft": 55.87,
        "height_m": 17.029176,
        "ground_elevation_ft": 16,
        "geometry_source": "Photogrammetric",
        "last_edited_date": "2017-08-22 18:57:39+00:00"
      },
      "geometry": {
        "type": "MultiPolygon",
        "coordinates": [
          [
            [
              [
                -74.010205008498,
                40.716920293493
              ],
              [
                -74.010304173655,
                40.716794061032
              ],
              [
                -74.010308315066,
                40.716795944529
              ],
              [
                -74.01037844331,
                40.716827838804
              ],
              [
                -74.01029927813,
                40.716928613015
              ],
              [
                -74.010279278243,
                40.716954071328
              ],
              [
                -74.010205008498,
                40.716920293493
              ]
            ]
          ]
        ]
      },
      "id": "nyc-building-210345"
    },
    {
      "type": "Feature",
      "properties": {
        "building_id": "nyc-building-210958",
        "object_id": 210958,
        "bin": "1003907",
        "base_bbl": "1003030010",
        "name": "NYC Building 1003907",
        "use": "feature_code_2100",
        "feature_code": 2100,
        "construction_year": 1910,
        "height_roof_ft": 63.36,
        "height_m": 19.312128,
        "ground_elevation_ft": 40,
        "geometry_source": "Photogrammetric",
        "last_edited_date": "2017-08-22 17:49:37+00:00"
      },
      "geometry": {
        "type": "MultiPolygon",
        "coordinates": [
          [
            [
              [
                -73.995167605742,
                40.716754249318
              ],
              [
                -73.995200477708,
                40.716690531484
              ],
              [
                -73.995218020551,
                40.716695770482
              ],
              [
                -73.995342083308,
                40.71673282346
              ],
              [
                -73.995466219579,
                40.716769898819
              ],
              [
                -73.995528525649,
                40.716788506697
              ],
              [
                -73.995492294013,
                40.716851221324
              ],
              [
                -73.995433554939,
                40.716833677971
              ],
              [
                -73.99530180044,
                40.716794328477
              ],
              [
                -73.995170224803,
                40.716755031971
              ],
              [
                -73.995167605742,
                40.716754249318
              ]
            ]
          ]
        ]
      },
      "id": "nyc-building-210958"
    },
    {
      "type": "Feature",
      "properties": {
        "building_id": "nyc-building-211355",
        "object_id": 211355,
        "bin": "1001711",
        "base_bbl": "1001620047",
        "name": "NYC Building 1001711",
        "use": "feature_code_2100",
        "feature_code": 2100,
        "construction_year": 1920,
        "height_roof_ft": 24.12,
        "height_m": 7.351776,
        "ground_elevation_ft": 41,
        "geometry_source": "Photogrammetric",
        "last_edited_date": "2017-08-22 18:57:59+00:00"
      },
      "geometry": {
        "type": "MultiPolygon",
        "coordinates": [
          [
            [
              [
                -73.997993425346,
                40.714546001573
              ],
              [
                -73.997990865517,
                40.714545046988
              ],
              [
                -73.997973839052,
                40.714538700792
              ],
              [
                -73.998047475513,
                40.714435933996
              ],
              [
                -73.998057644977,
                40.71444015216
              ],
              [
                -73.99806805705,
                40.714444472084
              ],
              [
                -73.998081553221,
                40.714450071684
              ],
              [
                -73.998081682067,
                40.714578896925
              ],
              [
                -73.998028767078,
                40.714559174851
              ],
              [
                -73.997993425346,
                40.714546001573
              ]
            ]
          ]
        ]
      },
      "id": "nyc-building-211355"
    },
    {
      "type": "Feature",
      "properties": {
        "building_id": "nyc-building-214803",
        "object_id": 214803,
        "bin": "1084871",
        "base_bbl": "1002980026",
        "name": "NYC Building 1084871",
        "use": "feature_code_2100",
        "feature_code": 2100,
        "construction_year": 1900,
        "height_roof_ft": 52.5,
        "height_m": 16.002,
        "ground_elevation_ft": 37,
        "geometry_source": "Photogrammetric",
        "last_edited_date": "2017-08-22 18:04:01+00:00"
      },
      "geometry": {
        "type": "MultiPolygon",
        "coordinates": [
          [
            [
              [
                -73.990935454238,
                40.715245738143
              ],
              [
                -73.990957105926,
                40.715203722026
              ],
              [
                -73.991112430042,
                40.715250063582
              ],
              [
                -73.99109077962,
                40.715292078827
              ],
              [
                -73.990935454238,
                40.715245738143
              ]
            ]
          ]
        ]
      },
      "id": "nyc-building-214803"
    },
    {
      "type": "Feature",
      "properties": {
        "building_id": "nyc-building-215724",
        "object_id": 215724,
        "bin": "1001789",
        "base_bbl": "1001630018",
        "name": "NYC Building 1001789",
        "use": "feature_code_2100",
        "feature_code": 2100,
        "construction_year": 1945,
        "height_roof_ft": 75.19,
        "height_m": 22.917912,
        "ground_elevation_ft": 34,
        "geometry_source": "Photogrammetric",
        "last_edited_date": "2017-08-22 18:38:01+00:00"
      },
      "geometry": {
        "type": "MultiPolygon",
        "coordinates": [
          [
            [
              [
                -73.998254294453,
                40.715481340859
              ],
              [
                -73.998284060537,
                40.715432179739
              ],
              [
                -73.998353582812,
                40.715317360267
              ],
              [
                -73.998384179592,
                40.715266827654
              ],
              [
                -73.998420430714,
                40.71527953526
              ],
              [
                -73.998403628067,
                40.715307286059
              ],
              [
                -73.998412731387,
                40.715310477594
              ],
              [
                -73.998409279014,
                40.715316177778
              ],
              [
                -73.998396128747,
                40.715337897908
              ],
              [
                -73.998376024006,
                40.715371101248
              ],
              [
                -73.998371253399,
                40.715369428933
              ],
              [
                -73.998353404159,
                40.715363171933
              ],
              [
                -73.998344495667,
                40.715377884345
              ],
              [
                -73.998360231215,
                40.715383400196
              ],
              [
                -73.998523043871,
                40.715440474948
              ],
              [
                -73.998455577565,
                40.715551900524
              ],
              [
                -73.998274884658,
                40.71548855876
              ],
              [
                -73.998254294453,
                40.715481340859
              ]
            ]
          ]
        ]
      },
      "id": "nyc-building-215724"
    },
    {
      "type": "Feature",
      "properties": {
        "building_id": "nyc-building-219022",
        "object_id": 219022,
        "bin": "1002628",
        "base_bbl": "1002040035",
        "name": "NYC Building 1002628",
        "use": "feature_code_2100",
        "feature_code": 2100,
        "construction_year": 1915,
        "height_roof_ft": 61.09,
        "height_m": 18.620232,
        "ground_elevation_ft": 38,
        "geometry_source": "Photogrammetric",
        "last_edited_date": "2017-08-22 18:20:50+00:00"
      },
      "geometry": {
        "type": "MultiPolygon",
        "coordinates": [
          [
            [
              [
                -73.997426552941,
                40.717082216623
              ],
              [
                -73.99742660857,
                40.717082125673
              ],
              [
                -73.997540723299,
                40.716897510053
              ],
              [
                -73.997605343681,
                40.716920633816
              ],
              [
                -73.997491174646,
                40.71710534135
              ],
              [
                -73.997426635786,
                40.717082246342
              ],
              [
                -73.997426552941,
                40.717082216623
              ]
            ]
          ]
        ]
      },
      "id": "nyc-building-219022"
    },
    {
      "type": "Feature",
      "properties": {
        "building_id": "nyc-building-220790",
        "object_id": 220790,
        "bin": "1079083",
        "base_bbl": "1004230026",
        "name": "NYC Building 1079083",
        "use": "feature_code_2100",
        "feature_code": 2100,
        "construction_year": 1900,
        "height_roof_ft": 37.01,
        "height_m": 11.280648,
        "ground_elevation_ft": 34,
        "geometry_source": "Photogrammetric",
        "last_edited_date": "2017-08-22 18:38:26+00:00"
      },
      "geometry": {
        "type": "MultiPolygon",
        "coordinates": [
          [
            [
              [
                -73.993898478358,
                40.71836937298
              ],
              [
                -73.993923010489,
                40.718321278933
              ],
              [
                -73.993936154886,
                40.718295510629
              ],
              [
                -73.994019721378,
                40.718320186274
              ],
              [
                -73.993989323824,
                40.718379779549
              ],
              [
                -73.993982044928,
                40.718394049552
              ],
              [
                -73.993898478358,
                40.71836937298
              ]
            ]
          ]
        ]
      },
      "id": "nyc-building-220790"
    },
    {
      "type": "Feature",
      "properties": {
        "building_id": "nyc-building-223391",
        "object_id": 223391,
        "bin": "1003604",
        "base_bbl": "1002830079",
        "name": "NYC Building 1003604",
        "use": "feature_code_2100",
        "feature_code": 2100,
        "construction_year": 1910,
        "height_roof_ft": 57.59,
        "height_m": 17.553432,
        "ground_elevation_ft": 36,
        "geometry_source": "Photogrammetric",
        "last_edited_date": "2017-08-22 18:38:15+00:00"
      },
      "geometry": {
        "type": "MultiPolygon",
        "coordinates": [
          [
            [
              [
                -73.99091846471,
                40.714311507557
              ],
              [
                -73.990985101975,
                40.71430602148
              ],
              [
                -73.991008478154,
                40.714304097115
              ],
              [
                -73.991015698769,
                40.714354872968
              ],
              [
                -73.991027495104,
                40.714437826221
              ],
              [
                -73.990937482665,
                40.714445236678
              ],
              [
                -73.990925526824,
                40.714361167671
              ],
              [
                -73.99091846471,
                40.714311507557
              ]
            ]
          ]
        ]
      },
      "id": "nyc-building-223391"
    },
    {
      "type": "Feature",
      "properties": {
        "building_id": "nyc-building-230057",
        "object_id": 230057,
        "bin": "1077397",
        "base_bbl": "1001440001",
        "name": "NYC Building 1077397",
        "use": "feature_code_2100",
        "feature_code": 2100,
        "construction_year": 1915,
        "height_roof_ft": 17.36,
        "height_m": 5.291328,
        "ground_elevation_ft": 16,
        "geometry_source": "Photogrammetric",
        "last_edited_date": "2017-08-22 18:03:51+00:00"
      },
      "geometry": {
        "type": "MultiPolygon",
        "coordinates": [
          [
            [
              [
                -74.008715238349,
                40.716405677049
              ],
              [
                -74.008868491846,
                40.716475515227
              ],
              [
                -74.00881326437,
                40.716545677328
              ],
              [
                -74.008731859484,
                40.716649095436
              ],
              [
                -74.008592426405,
                40.716585554216
              ],
              [
                -74.008578606914,
                40.716579257077
              ],
              [
                -74.008597542359,
                40.716555201233
              ],
              [
                -74.008612904175,
                40.716535686026
              ],
              [
                -74.008715238349,
                40.716405677049
              ]
            ]
          ]
        ]
      },
      "id": "nyc-building-230057"
    },
    {
      "type": "Feature",
      "properties": {
        "building_id": "nyc-building-231026",
        "object_id": 231026,
        "bin": "1079594",
        "base_bbl": "1002380027",
        "name": "NYC Building 1079594",
        "use": "feature_code_2100",
        "feature_code": 2100,
        "construction_year": 1900,
        "height_roof_ft": 62.08,
        "height_m": 18.921984,
        "ground_elevation_ft": 36,
        "geometry_source": "Photogrammetric",
        "last_edited_date": "2017-08-22 18:38:03+00:00"
      },
      "geometry": {
        "type": "MultiPolygon",
        "coordinates": [
          [
            [
              [
                -73.996288704357,
                40.718194479561
              ],
              [
                -73.996286788837,
                40.718183140276
              ],
              [
                -73.996255755842,
                40.71817238628
              ],
              [
                -73.996260121146,
                40.71816509229
              ],
              [
                -73.996226594496,
                40.718153473716
              ],
              [
                -73.996222228006,
                40.718160768605
              ],
              [
                -73.996189851742,
                40.718149548984
              ],
              [
                -73.996176213478,
                40.718155498202
              ],
              [
                -73.996108457221,
                40.718132018734
              ],
              [
                -73.996143917105,
                40.718072777166
              ],
              [
                -73.996146531793,
                40.718068408879
              ],
              [
                -73.996214962603,
                40.71809212248
              ],
              [
                -73.996218781365,
                40.718101219559
              ],
              [
                -73.99625115761,
                40.718112439172
              ],
              [
                -73.996248164159,
                40.718117440508
              ],
              [
                -73.996281690795,
                40.718129058175
              ],
              [
                -73.996284684244,
                40.718124056839
              ],
              [
                -73.99631571722,
                40.718134810827
              ],
              [
                -73.996326197686,
                40.718130668815
              ],
              [
                -73.996398511743,
                40.718155726892
              ],
              [
                -73.99636427475,
                40.718212926219
              ],
              [
                -73.996360437362,
                40.718219336829
              ],
              [
                -73.996288704357,
                40.718194479561
              ]
            ]
          ]
        ]
      },
      "id": "nyc-building-231026"
    },
    {
      "type": "Feature",
      "properties": {
        "building_id": "nyc-building-238489",
        "object_id": 238489,
        "bin": "1002613",
        "base_bbl": "1002030026",
        "name": "NYC Building 1002613",
        "use": "feature_code_2100",
        "feature_code": 2100,
        "construction_year": 1920,
        "height_roof_ft": 87.205929,
        "height_m": 26.580367,
        "ground_elevation_ft": 44,
        "geometry_source": "Photogrammetric",
        "last_edited_date": "2017-08-22 19:38:33+00:00"
      },
      "geometry": {
        "type": "MultiPolygon",
        "coordinates": [
          [
            [
              [
                -73.996388916668,
                40.71686823204
              ],
              [
                -73.996246620654,
                40.716816575123
              ],
              [
                -73.995983120224,
                40.716720917636
              ],
              [
                -73.995998727531,
                40.716696028975
              ],
              [
                -73.99599875002,
                40.716695992055
              ],
              [
                -73.996060562465,
                40.716597418024
              ],
              [
                -73.996383349452,
                40.716714597607
              ],
              [
                -73.996440457618,
                40.716735329132
              ],
              [
                -73.996526336514,
                40.716766504718
              ],
              [
                -73.996491770252,
                40.716821629308
              ],
              [
                -73.996463966454,
                40.71681153644
              ],
              [
                -73.996421092304,
                40.716879911762
              ],
              [
                -73.996388916668,
                40.71686823204
              ]
            ]
          ]
        ]
      },
      "id": "nyc-building-238489"
    },
    {
      "type": "Feature",
      "properties": {
        "building_id": "nyc-building-242236",
        "object_id": 242236,
        "bin": "1001184",
        "base_bbl": "1000760028",
        "name": "NYC Building 1001184",
        "use": "feature_code_2100",
        "feature_code": 2100,
        "construction_year": 1900,
        "height_roof_ft": 36.037334,
        "height_m": 10.984179,
        "ground_elevation_ft": 25,
        "geometry_source": "Photogrammetric",
        "last_edited_date": "2017-08-22 18:38:03+00:00"
      },
      "geometry": {
        "type": "MultiPolygon",
        "coordinates": [
          [
            [
              [
                -74.005578649274,
                40.708761598743
              ],
              [
                -74.005673306541,
                40.708836723767
              ],
              [
                -74.005720431701,
                40.708874124168
              ],
              [
                -74.005550812765,
                40.709016836489
              ],
              [
                -74.005545379584,
                40.709013274329
              ],
              [
                -74.005438101899,
                40.708942925209
              ],
              [
                -74.00536431689,
                40.708894539702
              ],
              [
                -74.005545568153,
                40.708762294636
              ],
              [
                -74.005563260861,
                40.708749384954
              ],
              [
                -74.005565141365,
                40.70875087791
              ],
              [
                -74.005578649274,
                40.708761598743
              ]
            ]
          ]
        ]
      },
      "id": "nyc-building-242236"
    },
    {
      "type": "Feature",
      "properties": {
        "building_id": "nyc-building-249521",
        "object_id": 249521,
        "bin": "1002404",
        "base_bbl": "1002010006",
        "name": "NYC Building 1002404",
        "use": "feature_code_2100",
        "feature_code": 2100,
        "construction_year": 1910,
        "height_roof_ft": 40.32,
        "height_m": 12.289536,
        "ground_elevation_ft": 36,
        "geometry_source": "Photogrammetric",
        "last_edited_date": "2017-08-22 18:20:26+00:00"
      },
      "geometry": {
        "type": "MultiPolygon",
        "coordinates": [
          [
            [
              [
                -73.997780730182,
                40.716070418707
              ],
              [
                -73.997774505035,
                40.716068187122
              ],
              [
                -73.997761702061,
                40.716063596072
              ],
              [
                -73.997774288101,
                40.716043275399
              ],
              [
                -73.997797000712,
                40.716006604351
              ],
              [
                -73.997976866083,
                40.716071101301
              ],
              [
                -73.998093326253,
                40.716112861753
              ],
              [
                -73.998103135027,
                40.716116379308
              ],
              [
                -73.998067836579,
                40.716173370222
              ],
              [
                -73.99797381885,
                40.716139657102
              ],
              [
                -73.997780730182,
                40.716070418707
              ]
            ]
          ]
        ]
      },
      "id": "nyc-building-249521"
    },
    {
      "type": "Feature",
      "properties": {
        "building_id": "nyc-building-252862",
        "object_id": 252862,
        "bin": "1003291",
        "base_bbl": "1002760007",
        "name": "NYC Building 1003291",
        "use": "feature_code_2100",
        "feature_code": 2100,
        "construction_year": 1900,
        "height_roof_ft": 65.75,
        "height_m": 20.0406,
        "ground_elevation_ft": 20,
        "geometry_source": "Photogrammetric",
        "last_edited_date": "2017-08-22 19:19:06+00:00"
      },
      "geometry": {
        "type": "MultiPolygon",
        "coordinates": [
          [
            [
              [
                -73.995808105071,
                40.711760646022
              ],
              [
                -73.995805275555,
                40.711740961651
              ],
              [
                -73.995813000579,
                40.711728118846
              ],
              [
                -73.995809501536,
                40.71170377971
              ],
              [
                -73.995817894429,
                40.711703081219
              ],
              [
                -73.995813020847,
                40.711669176807
              ],
              [
                -73.995804627959,
                40.711669875298
              ],
              [
                -73.995803145777,
                40.711659561693
              ],
              [
                -73.995797639352,
                40.711621255559
              ],
              [
                -73.995786690925,
                40.711611666519
              ],
              [
                -73.995778715798,
                40.711556186651
              ],
              [
                -73.99582924582,
                40.711551981304
              ],
              [
                -73.995865071742,
                40.711548999203
              ],
              [
                -73.995867501444,
                40.711565903681
              ],
              [
                -73.995873046941,
                40.711604479066
              ],
              [
                -73.995864593056,
                40.711615682919
              ],
              [
                -73.99587158171,
                40.711664302654
              ],
              [
                -73.99585369653,
                40.711665790556
              ],
              [
                -73.995855990198,
                40.711681748592
              ],
              [
                -73.995858570132,
                40.711699695867
              ],
              [
                -73.995876456505,
                40.711698207064
              ],
              [
                -73.995879954388,
                40.711722546197
              ],
              [
                -73.995891632919,
                40.711733774184
              ],
              [
                -73.995898970568,
                40.711784819005
              ],
              [
                -73.995818507816,
                40.711791516814
              ],
              [
                -73.995812613138,
                40.711792007378
              ],
              [
                -73.995812513774,
                40.711791313981
              ],
              [
                -73.995808105071,
                40.711760646022
              ]
            ]
          ]
        ]
      },
      "id": "nyc-building-252862"
    },
    {
      "type": "Feature",
      "properties": {
        "building_id": "nyc-building-254182",
        "object_id": 254182,
        "bin": "1077395",
        "base_bbl": "1001160046",
        "name": "NYC Building 1077395",
        "use": "feature_code_2100",
        "feature_code": 2100,
        "construction_year": 1910,
        "height_roof_ft": 42.444906,
        "height_m": 12.937207,
        "ground_elevation_ft": 15,
        "geometry_source": "Photogrammetric",
        "last_edited_date": "2019-03-26 19:27:40+00:00"
      },
      "geometry": {
        "type": "MultiPolygon",
        "coordinates": [
          [
            [
              [
                -73.998868357784,
                40.71197054295
              ],
              [
                -73.998944767207,
                40.711963407126
              ],
              [
                -73.99897395722,
                40.712070208877
              ],
              [
                -73.998964147734,
                40.71207176127
              ],
              [
                -73.998979248657,
                40.712127010446
              ],
              [
                -73.998994250202,
                40.712181899415
              ],
              [
                -73.998927989664,
                40.712188719288
              ],
              [
                -73.998913221294,
                40.712134686698
              ],
              [
                -73.998898847007,
                40.712082094928
              ],
              [
                -73.99889421652,
                40.712065154473
              ],
              [
                -73.998868357784,
                40.71197054295
              ]
            ]
          ]
        ]
      },
      "id": "nyc-building-254182"
    },
    {
      "type": "Feature",
      "properties": {
        "building_id": "nyc-building-254974",
        "object_id": 254974,
        "bin": "1001874",
        "base_bbl": "1001730004",
        "name": "NYC Building 1001874",
        "use": "feature_code_2100",
        "feature_code": 2100,
        "construction_year": 1880,
        "height_roof_ft": 86,
        "height_m": 26.2128,
        "ground_elevation_ft": 22,
        "geometry_source": "Other (Manual)",
        "last_edited_date": "2017-08-22 19:06:48+00:00"
      },
      "geometry": {
        "type": "MultiPolygon",
        "coordinates": [
          [
            [
              [
                -74.005202431605,
                40.716977319978
              ],
              [
                -74.005363432957,
                40.716774501463
              ],
              [
                -74.005510512752,
                40.716842097621
              ],
              [
                -74.00543365365,
                40.716938915136
              ],
              [
                -74.005349505766,
                40.717044913639
              ],
              [
                -74.005314449887,
                40.717089072684
              ],
              [
                -74.005323858036,
                40.7170933965
              ],
              [
                -74.005427113412,
                40.717140851268
              ],
              [
                -74.005431858327,
                40.71714303208
              ],
              [
                -74.005259434045,
                40.717360228749
              ],
              [
                -74.00515143353,
                40.71731059481
              ],
              [
                -74.00508295241,
                40.717279121421
              ],
              [
                -74.004994934264,
                40.717238668953
              ],
              [
                -74.005163475163,
                40.717026363521
              ],
              [
                -74.005176498518,
                40.717009959241
              ],
              [
                -74.005188975136,
                40.716994260084
              ],
              [
                -74.005202431605,
                40.716977319978
              ]
            ]
          ]
        ]
      },
      "id": "nyc-building-254974"
    },
    {
      "type": "Feature",
      "properties": {
        "building_id": "nyc-building-258223",
        "object_id": 258223,
        "bin": "1087524",
        "base_bbl": "1000970018",
        "name": "NYC Building 1087524",
        "use": "feature_code_2100",
        "feature_code": 2100,
        "construction_year": 2004,
        "height_roof_ft": 87.21,
        "height_m": 26.581608,
        "ground_elevation_ft": 5,
        "geometry_source": "Photogrammetric",
        "last_edited_date": "2017-08-22 18:03:38+00:00"
      },
      "geometry": {
        "type": "MultiPolygon",
        "coordinates": [
          [
            [
              [
                -74.002100690715,
                40.707355170175
              ],
              [
                -74.002246780733,
                40.707280335815
              ],
              [
                -74.00217446969,
                40.707198586077
              ],
              [
                -74.002183361194,
                40.707194032022
              ],
              [
                -74.002180326977,
                40.707190349889
              ],
              [
                -74.002177516422,
                40.707186938805
              ],
              [
                -74.002254595786,
                40.707147456196
              ],
              [
                -74.002316859865,
                40.707115561545
              ],
              [
                -74.00233553258,
                40.707136671857
              ],
              [
                -74.002346223897,
                40.707131194729
              ],
              [
                -74.002419189873,
                40.70709381839
              ],
              [
                -74.002464837073,
                40.707150886432
              ],
              [
                -74.00247667101,
                40.707164265977
              ],
              [
                -74.002472089188,
                40.707166613709
              ],
              [
                -74.00253896167,
                40.707242214688
              ],
              [
                -74.002169078865,
                40.707431686259
              ],
              [
                -74.002100690715,
                40.707355170175
              ]
            ]
          ]
        ]
      },
      "id": "nyc-building-258223"
    },
    {
      "type": "Feature",
      "properties": {
        "building_id": "nyc-building-260802",
        "object_id": 260802,
        "bin": "1006932",
        "base_bbl": "1004700025",
        "name": "NYC Building 1006932",
        "use": "feature_code_2100",
        "feature_code": 2100,
        "construction_year": 1900,
        "height_roof_ft": 55.91,
        "height_m": 17.041368,
        "ground_elevation_ft": 32,
        "geometry_source": "Photogrammetric",
        "last_edited_date": "2017-08-22 18:20:26+00:00"
      },
      "geometry": {
        "type": "MultiPolygon",
        "coordinates": [
          [
            [
              [
                -73.995661418677,
                40.719103995321
              ],
              [
                -73.995687206609,
                40.719039648545
              ],
              [
                -73.995688450498,
                40.719040079036
              ],
              [
                -73.9958483051,
                40.719095412243
              ],
              [
                -73.995935043724,
                40.719125436538
              ],
              [
                -73.995908022757,
                40.719189356483
              ],
              [
                -73.995858831605,
                40.719172328783
              ],
              [
                -73.995661418677,
                40.719103995321
              ]
            ]
          ]
        ]
      },
      "id": "nyc-building-260802"
    },
    {
      "type": "Feature",
      "properties": {
        "building_id": "nyc-building-26188",
        "object_id": 26188,
        "bin": "1003981",
        "base_bbl": "1003070019",
        "name": "NYC Building 1003981",
        "use": "feature_code_2100",
        "feature_code": 2100,
        "construction_year": 1910,
        "height_roof_ft": 35.77,
        "height_m": 10.902696,
        "ground_elevation_ft": 41,
        "geometry_source": "Photogrammetric",
        "last_edited_date": "2017-08-22 17:34:03+00:00"
      },
      "geometry": {
        "type": "MultiPolygon",
        "coordinates": [
          [
            [
              [
                -73.991882647567,
                40.717465238109
              ],
              [
                -73.99197802756,
                40.717282132343
              ],
              [
                -73.992034904483,
                40.717299284707
              ],
              [
                -73.991941895777,
                40.717477837706
              ],
              [
                -73.991939523438,
                40.717482390519
              ],
              [
                -73.991882647567,
                40.717465238109
              ]
            ]
          ]
        ]
      },
      "id": "nyc-building-26188"
    },
    {
      "type": "Feature",
      "properties": {
        "building_id": "nyc-building-262149",
        "object_id": 262149,
        "bin": "1003401",
        "base_bbl": "1002800004",
        "name": "NYC Building 1003401",
        "use": "feature_code_2100",
        "feature_code": 2100,
        "construction_year": 1910,
        "height_roof_ft": 54.32,
        "height_m": 16.556736,
        "ground_elevation_ft": 30,
        "geometry_source": "Photogrammetric",
        "last_edited_date": "2017-08-22 18:03:27+00:00"
      },
      "geometry": {
        "type": "MultiPolygon",
        "coordinates": [
          [
            [
              [
                -73.996374953949,
                40.713115256833
              ],
              [
                -73.996365856665,
                40.713052010977
              ],
              [
                -73.996362240234,
                40.713026871304
              ],
              [
                -73.996352171733,
                40.712956873386
              ],
              [
                -73.996438723517,
                40.712949664804
              ],
              [
                -73.996463776139,
                40.713123827954
              ],
              [
                -73.996377224132,
                40.713131036554
              ],
              [
                -73.996374953949,
                40.713115256833
              ]
            ]
          ]
        ]
      },
      "id": "nyc-building-262149"
    },
    {
      "type": "Feature",
      "properties": {
        "building_id": "nyc-building-264387",
        "object_id": 264387,
        "bin": "1079634",
        "base_bbl": "1002930023",
        "name": "NYC Building 1079634",
        "use": "feature_code_2100",
        "feature_code": 2100,
        "construction_year": 1900,
        "height_roof_ft": 12.27,
        "height_m": 3.739896,
        "ground_elevation_ft": 41,
        "geometry_source": "Photogrammetric",
        "last_edited_date": "2017-08-22 17:36:12+00:00"
      },
      "geometry": {
        "type": "MultiPolygon",
        "coordinates": [
          [
            [
              [
                -73.993003366315,
                40.714620601166
              ],
              [
                -73.992999111849,
                40.714619336591
              ],
              [
                -73.993087918932,
                40.714446301648
              ],
              [
                -73.993102279726,
                40.714418321844
              ],
              [
                -73.993246795505,
                40.714411319034
              ],
              [
                -73.993302898729,
                40.714427990761
              ],
              [
                -73.993293424353,
                40.714446451576
              ],
              [
                -73.99328213535,
                40.71446844769
              ],
              [
                -73.993231793074,
                40.714453488163
              ],
              [
                -73.993132796592,
                40.714511893019
              ],
              [
                -73.993067259058,
                40.714639586892
              ],
              [
                -73.993003366315,
                40.714620601166
              ]
            ]
          ]
        ]
      },
      "id": "nyc-building-264387"
    },
    {
      "type": "Feature",
      "properties": {
        "building_id": "nyc-building-266071",
        "object_id": 266071,
        "bin": "1002004",
        "base_bbl": "1001790043",
        "name": "NYC Building 1002004",
        "use": "feature_code_2100",
        "feature_code": 2100,
        "construction_year": 1881,
        "height_roof_ft": 78.63,
        "height_m": 23.966424,
        "ground_elevation_ft": 10,
        "geometry_source": "Photogrammetric",
        "last_edited_date": "2020-01-28 17:23:26+00:00"
      },
      "geometry": {
        "type": "MultiPolygon",
        "coordinates": [
          [
            [
              [
                -74.007232827023,
                40.718696555656
              ],
              [
                -74.007388744889,
                40.71849988786
              ],
              [
                -74.007466479419,
                40.718535564654
              ],
              [
                -74.007310561699,
                40.718732232555
              ],
              [
                -74.007232827023,
                40.718696555656
              ]
            ]
          ]
        ]
      },
      "id": "nyc-building-266071"
    },
    {
      "type": "Feature",
      "properties": {
        "building_id": "nyc-building-266480",
        "object_id": 266480,
        "bin": "1087662",
        "base_bbl": "1002380006",
        "name": "NYC Building 1087662",
        "use": "feature_code_2100",
        "feature_code": 2100,
        "construction_year": 1912,
        "height_roof_ft": 88,
        "height_m": 26.8224,
        "ground_elevation_ft": 34,
        "geometry_source": "Other (Manual)",
        "last_edited_date": "2017-08-22 18:59:49+00:00"
      },
      "geometry": {
        "type": "MultiPolygon",
        "coordinates": [
          [
            [
              [
                -73.996453006017,
                40.718701365655
              ],
              [
                -73.996429884632,
                40.718693352202
              ],
              [
                -73.996304922021,
                40.718650046336
              ],
              [
                -73.996228640289,
                40.718623610291
              ],
              [
                -73.996279771171,
                40.718530850411
              ],
              [
                -73.996317085013,
                40.718463156666
              ],
              [
                -73.99629559462,
                40.718455709659
              ],
              [
                -73.996310910042,
                40.718427925812
              ],
              [
                -73.996344643221,
                40.718366727321
              ],
              [
                -73.996379529222,
                40.718303438771
              ],
              [
                -73.996412956892,
                40.718242796765
              ],
              [
                -73.996415176248,
                40.718238769753
              ],
              [
                -73.996537171074,
                40.718281043428
              ],
              [
                -73.996640900765,
                40.718316987659
              ],
              [
                -73.996644608738,
                40.718318272795
              ],
              [
                -73.996726820918,
                40.718346761896
              ],
              [
                -73.996679171956,
                40.718432428759
              ],
              [
                -73.996655798401,
                40.718474452187
              ],
              [
                -73.996626137988,
                40.718536564906
              ],
              [
                -73.996534032692,
                40.718729446024
              ],
              [
                -73.996453006017,
                40.718701365655
              ]
            ]
          ]
        ]
      },
      "id": "nyc-building-266480"
    },
    {
      "type": "Feature",
      "properties": {
        "building_id": "nyc-building-269405",
        "object_id": 269405,
        "bin": "1002629",
        "base_bbl": "1002050002",
        "name": "NYC Building 1002629",
        "use": "feature_code_2100",
        "feature_code": 2100,
        "construction_year": 1920,
        "height_roof_ft": 45.46,
        "height_m": 13.856208,
        "ground_elevation_ft": 29,
        "geometry_source": "Photogrammetric",
        "last_edited_date": "2017-08-22 19:18:38+00:00"
      },
      "geometry": {
        "type": "MultiPolygon",
        "coordinates": [
          [
            [
              [
                -73.998269833985,
                40.717296810448
              ],
              [
                -73.998218306192,
                40.717278862494
              ],
              [
                -73.998187889919,
                40.717268267517
              ],
              [
                -73.998194424446,
                40.717257407466
              ],
              [
                -73.998214848234,
                40.717223462151
              ],
              [
                -73.9982618089,
                40.717145411143
              ],
              [
                -73.998401414737,
                40.717194038015
              ],
              [
                -73.998426860257,
                40.717202901186
              ],
              [
                -73.998381134209,
                40.717278901816
              ],
              [
                -73.998352941516,
                40.717325758566
              ],
              [
                -73.998269833985,
                40.717296810448
              ]
            ]
          ]
        ]
      },
      "id": "nyc-building-269405"
    },
    {
      "type": "Feature",
      "properties": {
        "building_id": "nyc-building-273093",
        "object_id": 273093,
        "bin": "1001393",
        "base_bbl": "1001160049",
        "name": "NYC Building 1001393",
        "use": "feature_code_2100",
        "feature_code": 2100,
        "construction_year": 1905,
        "height_roof_ft": 66.381842,
        "height_m": 20.233185,
        "ground_elevation_ft": 17,
        "geometry_source": "Photogrammetric",
        "last_edited_date": "2017-08-22 19:18:51+00:00"
      },
      "geometry": {
        "type": "MultiPolygon",
        "coordinates": [
          [
            [
              [
                -73.998838510105,
                40.712197928846
              ],
              [
                -73.998927989664,
                40.712188719288
              ],
              [
                -73.998994250202,
                40.712181899415
              ],
              [
                -73.999146135779,
                40.71216626777
              ],
              [
                -73.999154939348,
                40.712165361021
              ],
              [
                -73.998993626798,
                40.712321489394
              ],
              [
                -73.998923713057,
                40.712389156748
              ],
              [
                -73.998895525888,
                40.712393273617
              ],
              [
                -73.998892039474,
                40.712393782372
              ],
              [
                -73.998888589965,
                40.712381159879
              ],
              [
                -73.99885203945,
                40.712247429162
              ],
              [
                -73.998838510105,
                40.712197928846
              ]
            ]
          ]
        ]
      },
      "id": "nyc-building-273093"
    },
    {
      "type": "Feature",
      "properties": {
        "building_id": "nyc-building-273176",
        "object_id": 273176,
        "bin": "1003354",
        "base_bbl": "1002770048",
        "name": "NYC Building 1003354",
        "use": "feature_code_2100",
        "feature_code": 2100,
        "construction_year": 1910,
        "height_roof_ft": 17.18,
        "height_m": 5.236464,
        "ground_elevation_ft": 25,
        "geometry_source": "Photogrammetric",
        "last_edited_date": "2017-08-22 18:56:09+00:00"
      },
      "geometry": {
        "type": "MultiPolygon",
        "coordinates": [
          [
            [
              [
                -73.996732426636,
                40.712708070074
              ],
              [
                -73.99677779883,
                40.712704200056
              ],
              [
                -73.996975219112,
                40.712687362254
              ],
              [
                -73.997008663318,
                40.712684509409
              ],
              [
                -73.997011634459,
                40.712695284998
              ],
              [
                -73.99702168854,
                40.712731755944
              ],
              [
                -73.996739462235,
                40.712755827961
              ],
              [
                -73.996732426636,
                40.712708070074
              ]
            ]
          ]
        ]
      },
      "id": "nyc-building-273176"
    },
    {
      "type": "Feature",
      "properties": {
        "building_id": "nyc-building-284063",
        "object_id": 284063,
        "bin": "1005458",
        "base_bbl": "1004140019",
        "name": "NYC Building 1005458",
        "use": "feature_code_2100",
        "feature_code": 2100,
        "construction_year": 1900,
        "height_roof_ft": 57.09,
        "height_m": 17.401032,
        "ground_elevation_ft": 39,
        "geometry_source": "Photogrammetric",
        "last_edited_date": "2017-08-22 19:37:54+00:00"
      },
      "geometry": {
        "type": "MultiPolygon",
        "coordinates": [
          [
            [
              [
                -73.990905695312,
                40.719081592459
              ],
              [
                -73.99090274161,
                40.719069597433
              ],
              [
                -73.990831251905,
                40.719048001135
              ],
              [
                -73.990820888782,
                40.719055973425
              ],
              [
                -73.990738970069,
                40.719031227155
              ],
              [
                -73.990772533937,
                40.718966907319
              ],
              [
                -73.990854452583,
                40.718991654466
              ],
              [
                -73.990855353335,
                40.718999787944
              ],
              [
                -73.990927756663,
                40.719021659855
              ],
              [
                -73.990941117148,
                40.719017834639
              ],
              [
                -73.990978990533,
                40.719029275891
              ],
              [
                -73.991017804819,
                40.719041000863
              ],
              [
                -73.991004861664,
                40.719065804402
              ],
              [
                -73.991061497236,
                40.719082913098
              ],
              [
                -73.991040876751,
                40.719122428577
              ],
              [
                -73.990905695312,
                40.719081592459
              ]
            ]
          ]
        ]
      },
      "id": "nyc-building-284063"
    },
    {
      "type": "Feature",
      "properties": {
        "building_id": "nyc-building-284884",
        "object_id": 284884,
        "bin": "1002075",
        "base_bbl": "1001810016",
        "name": "NYC Building 1002075",
        "use": "feature_code_2100",
        "feature_code": 2100,
        "construction_year": 1915,
        "height_roof_ft": 77.39,
        "height_m": 23.588472,
        "ground_elevation_ft": 16,
        "geometry_source": "Photogrammetric",
        "last_edited_date": "2017-08-22 18:56:07+00:00"
      },
      "geometry": {
        "type": "MultiPolygon",
        "coordinates": [
          [
            [
              [
                -74.009498855116,
                40.71929038224
              ],
              [
                -74.009534652781,
                40.719073413102
              ],
              [
                -74.009538355281,
                40.719050973887
              ],
              [
                -74.009628950585,
                40.719059627449
              ],
              [
                -74.00973602952,
                40.719069854538
              ],
              [
                -74.009727803986,
                40.71911971017
              ],
              [
                -74.009725545392,
                40.719133400814
              ],
              [
                -74.009696530053,
                40.719309262059
              ],
              [
                -74.009498855116,
                40.71929038224
              ]
            ]
          ]
        ]
      },
      "id": "nyc-building-284884"
    },
    {
      "type": "Feature",
      "properties": {
        "building_id": "nyc-building-284896",
        "object_id": 284896,
        "bin": "1002310",
        "base_bbl": "1001940042",
        "name": "NYC Building 1002310",
        "use": "feature_code_2100",
        "feature_code": 2100,
        "construction_year": 1930,
        "height_roof_ft": 347,
        "height_m": 105.7656,
        "ground_elevation_ft": 18,
        "geometry_source": "Photogrammetric",
        "last_edited_date": "2017-08-22 19:37:52+00:00"
      },
      "geometry": {
        "type": "MultiPolygon",
        "coordinates": [
          [
            [
              [
                -74.002795766573,
                40.718996414906
              ],
              [
                -74.002600631681,
                40.718907271693
              ],
              [
                -74.002514028453,
                40.718867707909
              ],
              [
                -74.002531565482,
                40.718845483837
              ],
              [
                -74.002579838998,
                40.718784312918
              ],
              [
                -74.002607994267,
                40.718748634976
              ],
              [
                -74.002609923488,
                40.718749516531
              ],
              [
                -74.002704681434,
                40.718792805462
              ],
              [
                -74.003077101795,
                40.718962937568
              ],
              [
                -74.003049070953,
                40.718998458031
              ],
              [
                -74.002931618025,
                40.719147296479
              ],
              [
                -74.002912317648,
                40.71917175302
              ],
              [
                -74.002758163482,
                40.719101330633
              ],
              [
                -74.002776220044,
                40.71907844914
              ],
              [
                -74.002828983669,
                40.719011589489
              ],
              [
                -74.002795766573,
                40.718996414906
              ]
            ]
          ]
        ]
      },
      "id": "nyc-building-284896"
    },
    {
      "type": "Feature",
      "properties": {
        "building_id": "nyc-building-28588",
        "object_id": 28588,
        "bin": "1003891",
        "base_bbl": "1003000023",
        "name": "NYC Building 1003891",
        "use": "feature_code_2100",
        "feature_code": 2100,
        "construction_year": 1900,
        "height_roof_ft": 57.14,
        "height_m": 17.416272,
        "ground_elevation_ft": 41,
        "geometry_source": "Photogrammetric",
        "last_edited_date": "2017-08-22 19:34:27+00:00"
      },
      "geometry": {
        "type": "MultiPolygon",
        "coordinates": [
          [
            [
              [
                -73.992385312056,
                40.7158346626
              ],
              [
                -73.992418413566,
                40.715770011739
              ],
              [
                -73.99266432675,
                40.715842921282
              ],
              [
                -73.992709113607,
                40.71585619945
              ],
              [
                -73.992676009969,
                40.715920851294
              ],
              [
                -73.992385312056,
                40.7158346626
              ]
            ]
          ]
        ]
      },
      "id": "nyc-building-28588"
    },
    {
      "type": "Feature",
      "properties": {
        "building_id": "nyc-building-291069",
        "object_id": 291069,
        "bin": "1001015",
        "base_bbl": "1000420031",
        "name": "NYC Building 1001015",
        "use": "feature_code_2100",
        "feature_code": 2100,
        "construction_year": 1912,
        "height_roof_ft": 330.74,
        "height_m": 100.809552,
        "ground_elevation_ft": 14,
        "geometry_source": "Photogrammetric",
        "last_edited_date": "2017-08-22 18:02:56+00:00"
      },
      "geometry": {
        "type": "MultiPolygon",
        "coordinates": [
          [
            [
              [
                -74.007446491568,
                40.707109206002
              ],
              [
                -74.007465451125,
                40.707088366939
              ],
              [
                -74.007567629493,
                40.706976061984
              ],
              [
                -74.0076644737,
                40.706869617821
              ],
              [
                -74.007712253216,
                40.706817103104
              ],
              [
                -74.007835125916,
                40.706894313661
              ],
              [
                -74.007845854865,
                40.706901055059
              ],
              [
                -74.007954213109,
                40.706969144297
              ],
              [
                -74.008192864039,
                40.707119104132
              ],
              [
                -74.008189992467,
                40.707122383999
              ],
              [
                -74.008107301269,
                40.707216849902
              ],
              [
                -74.008099297051,
                40.707225994259
              ],
              [
                -74.008088912269,
                40.707237858327
              ],
              [
                -74.007943618508,
                40.707146561092
              ],
              [
                -74.007942720449,
                40.707147388724
              ],
              [
                -74.00787610781,
                40.707208778465
              ],
              [
                -74.007943099621,
                40.70725087367
              ],
              [
                -74.007909761682,
                40.707284664956
              ],
              [
                -74.007839810588,
                40.707355567007
              ],
              [
                -74.00783615093,
                40.707359275562
              ],
              [
                -74.007830813484,
                40.707364685297
              ],
              [
                -74.007626291765,
                40.707228729014
              ],
              [
                -74.007519118789,
                40.707157485802
              ],
              [
                -74.007446491568,
                40.707109206002
              ]
            ]
          ]
        ]
      },
      "id": "nyc-building-291069"
    },
    {
      "type": "Feature",
      "properties": {
        "building_id": "nyc-building-291587",
        "object_id": 291587,
        "bin": "1000817",
        "base_bbl": "1000240001",
        "name": "NYC Building 1000817",
        "use": "feature_code_2100",
        "feature_code": 2100,
        "construction_year": 1961,
        "height_roof_ft": 470,
        "height_m": 143.256,
        "ground_elevation_ft": 13,
        "geometry_source": "Photogrammetric",
        "last_edited_date": "2017-08-22 19:37:54+00:00"
      },
      "geometry": {
        "type": "MultiPolygon",
        "coordinates": [
          [
            [
              [
                -74.011578790028,
                40.705638104862
              ],
              [
                -74.011570102132,
                40.705638209295
              ],
              [
                -74.011574426903,
                40.705602682776
              ],
              [
                -74.011587025431,
                40.705499196513
              ],
              [
                -74.011590850358,
                40.705467783581
              ],
              [
                -74.01163190811,
                40.705130517111
              ],
              [
                -74.011641253486,
                40.70505375565
              ],
              [
                -74.012102126334,
                40.705071775073
              ],
              [
                -74.012485629496,
                40.705086769047
              ],
              [
                -74.01248313892,
                40.705132523415
              ],
              [
                -74.012482054008,
                40.705152443752
              ],
              [
                -74.012343480021,
                40.705444844928
              ],
              [
                -74.012242459454,
                40.705658005019
              ],
              [
                -74.012002861563,
                40.705633001439
              ],
              [
                -74.011957981995,
                40.705633541915
              ],
              [
                -74.011698711864,
                40.705636661821
              ],
              [
                -74.011578790028,
                40.705638104862
              ]
            ]
          ]
        ]
      },
      "id": "nyc-building-291587"
    },
    {
      "type": "Feature",
      "properties": {
        "building_id": "nyc-building-296268",
        "object_id": 296268,
        "bin": "1003610",
        "base_bbl": "1002830091",
        "name": "NYC Building 1003610",
        "use": "feature_code_2100",
        "feature_code": 2100,
        "construction_year": 1900,
        "height_roof_ft": 52.98,
        "height_m": 16.148304,
        "ground_elevation_ft": 40,
        "geometry_source": "Photogrammetric",
        "last_edited_date": "2017-08-22 18:55:52+00:00"
      },
      "geometry": {
        "type": "MultiPolygon",
        "coordinates": [
          [
            [
              [
                -73.992014248294,
                40.714227450453
              ],
              [
                -73.992056421647,
                40.714223977399
              ],
              [
                -73.99205145642,
                40.714189069664
              ],
              [
                -73.992096173046,
                40.714185386951
              ],
              [
                -73.992100354309,
                40.714214783506
              ],
              [
                -73.992109562323,
                40.714279525446
              ],
              [
                -73.992120596118,
                40.714357110592
              ],
              [
                -73.992033707123,
                40.714364265474
              ],
              [
                -73.992020533147,
                40.714271638043
              ],
              [
                -73.992014248294,
                40.714227450453
              ]
            ]
          ]
        ]
      },
      "id": "nyc-building-296268"
    },
    {
      "type": "Feature",
      "properties": {
        "building_id": "nyc-building-307949",
        "object_id": 307949,
        "bin": "1005665",
        "base_bbl": "1004240028",
        "name": "NYC Building 1005665",
        "use": "feature_code_2100",
        "feature_code": 2100,
        "construction_year": 1900,
        "height_roof_ft": 67.88,
        "height_m": 20.689824,
        "ground_elevation_ft": 39,
        "geometry_source": "Photogrammetric",
        "last_edited_date": "2017-08-22 19:17:54+00:00"
      },
      "geometry": {
        "type": "MultiPolygon",
        "coordinates": [
          [
            [
              [
                -73.993426176182,
                40.719796006092
              ],
              [
                -73.993415104945,
                40.71978541186
              ],
              [
                -73.993376141857,
                40.719773699395
              ],
              [
                -73.993380839153,
                40.719764652242
              ],
              [
                -73.993332187689,
                40.719750027856
              ],
              [
                -73.993327489204,
                40.719759074107
              ],
              [
                -73.993293428336,
                40.719748834231
              ],
              [
                -73.993275037886,
                40.719750572944
              ],
              [
                -73.993201473126,
                40.719728458405
              ],
              [
                -73.993232306346,
                40.719669083297
              ],
              [
                -73.993305871051,
                40.719691196916
              ],
              [
                -73.993317356407,
                40.719702756528
              ],
              [
                -73.993351418439,
                40.719712995497
              ],
              [
                -73.993348071852,
                40.719719439353
              ],
              [
                -73.993396723297,
                40.719734064632
              ],
              [
                -73.99340006988,
                40.719727620775
              ],
              [
                -73.993439031762,
                40.719739333232
              ],
              [
                -73.993457009233,
                40.719736630924
              ],
              [
                -73.993524077674,
                40.719756791729
              ],
              [
                -73.993493244673,
                40.719816167815
              ],
              [
                -73.993426176182,
                40.719796006092
              ]
            ]
          ]
        ]
      },
      "id": "nyc-building-307949"
    },
    {
      "type": "Feature",
      "properties": {
        "building_id": "nyc-building-311760",
        "object_id": 311760,
        "bin": "1001076",
        "base_bbl": "1000630018",
        "name": "NYC Building 1001076",
        "use": "feature_code_2100",
        "feature_code": 2100,
        "construction_year": 1920,
        "height_roof_ft": 77.15,
        "height_m": 23.51532,
        "ground_elevation_ft": 32,
        "geometry_source": "Photogrammetric",
        "last_edited_date": "2017-08-22 19:37:25+00:00"
      },
      "geometry": {
        "type": "MultiPolygon",
        "coordinates": [
          [
            [
              [
                -74.009867299308,
                40.710145619905
              ],
              [
                -74.009915079359,
                40.710084625983
              ],
              [
                -74.009923392094,
                40.710088396607
              ],
              [
                -74.009978198891,
                40.710113256781
              ],
              [
                -74.010241921814,
                40.710232880918
              ],
              [
                -74.010194143139,
                40.710293874974
              ],
              [
                -74.009906771814,
                40.710163524978
              ],
              [
                -74.009867299308,
                40.710145619905
              ]
            ]
          ]
        ]
      },
      "id": "nyc-building-311760"
    },
    {
      "type": "Feature",
      "properties": {
        "building_id": "nyc-building-330093",
        "object_id": 330093,
        "bin": "1002661",
        "base_bbl": "1002060031",
        "name": "NYC Building 1002661",
        "use": "feature_code_2100",
        "feature_code": 2100,
        "construction_year": 1910,
        "height_roof_ft": 20.26,
        "height_m": 6.175248,
        "ground_elevation_ft": 24,
        "geometry_source": "Photogrammetric",
        "last_edited_date": "2017-08-22 19:17:14+00:00"
      },
      "geometry": {
        "type": "MultiPolygon",
        "coordinates": [
          [
            [
              [
                -73.998770290297,
                40.717640039129
              ],
              [
                -73.998797229416,
                40.717596261111
              ],
              [
                -73.998817706247,
                40.717562982968
              ],
              [
                -73.998841441403,
                40.717524408954
              ],
              [
                -73.998856012224,
                40.717500729284
              ],
              [
                -73.998935419382,
                40.717529015969
              ],
              [
                -73.998958529539,
                40.717491459502
              ],
              [
                -73.999006282,
                40.717525627981
              ],
              [
                -73.999111281253,
                40.717600758403
              ],
              [
                -73.999040785041,
                40.717715327047
              ],
              [
                -73.998995967309,
                40.717699361521
              ],
              [
                -73.998985334202,
                40.717716642219
              ],
              [
                -73.998944115581,
                40.71770195903
              ],
              [
                -73.998801950711,
                40.717651317452
              ],
              [
                -73.998770290297,
                40.717640039129
              ]
            ]
          ]
        ]
      },
      "id": "nyc-building-330093"
    },
    {
      "type": "Feature",
      "properties": {
        "building_id": "nyc-building-332353",
        "object_id": 332353,
        "bin": "1081971",
        "base_bbl": "1002790015",
        "name": "NYC Building 1081971",
        "use": "feature_code_2100",
        "feature_code": 2100,
        "construction_year": 1830,
        "height_roof_ft": 62.529057,
        "height_m": 19.058857,
        "ground_elevation_ft": 27,
        "geometry_source": "Photogrammetric",
        "last_edited_date": "2017-08-22 17:35:23+00:00"
      },
      "geometry": {
        "type": "MultiPolygon",
        "coordinates": [
          [
            [
              [
                -73.998119762608,
                40.712820135407
              ],
              [
                -73.998135771137,
                40.712817504374
              ],
              [
                -73.998256267612,
                40.712797703128
              ],
              [
                -73.998288414826,
                40.712792420313
              ],
              [
                -73.998316763002,
                40.712841118551
              ],
              [
                -73.998262725476,
                40.712850528987
              ],
              [
                -73.998204635799,
                40.712860644435
              ],
              [
                -73.998134716325,
                40.712872820031
              ],
              [
                -73.998126366759,
                40.712843404712
              ],
              [
                -73.998119762608,
                40.712820135407
              ]
            ]
          ]
        ]
      },
      "id": "nyc-building-332353"
    },
    {
      "type": "Feature",
      "properties": {
        "building_id": "nyc-building-334308",
        "object_id": 334308,
        "bin": "1003309",
        "base_bbl": "1002760031",
        "name": "NYC Building 1003309",
        "use": "feature_code_2100",
        "feature_code": 2100,
        "construction_year": 1900,
        "height_roof_ft": 64.64,
        "height_m": 19.702272,
        "ground_elevation_ft": 28,
        "geometry_source": "Photogrammetric",
        "last_edited_date": "2017-08-22 17:47:44+00:00"
      },
      "geometry": {
        "type": "MultiPolygon",
        "coordinates": [
          [
            [
              [
                -73.99474876376,
                40.71207722492
              ],
              [
                -73.994745188207,
                40.712052345443
              ],
              [
                -73.994835006464,
                40.712044870763
              ],
              [
                -73.994846897101,
                40.712127598526
              ],
              [
                -73.994855682921,
                40.712188723793
              ],
              [
                -73.994765864474,
                40.712196198489
              ],
              [
                -73.99474876376,
                40.71207722492
              ]
            ]
          ]
        ]
      },
      "id": "nyc-building-334308"
    },
    {
      "type": "Feature",
      "properties": {
        "building_id": "nyc-building-335576",
        "object_id": 335576,
        "bin": "1002694",
        "base_bbl": "1002090033",
        "name": "NYC Building 1002694",
        "use": "feature_code_2100",
        "feature_code": 2100,
        "construction_year": 1867,
        "height_roof_ft": 76.654384,
        "height_m": 23.364256,
        "ground_elevation_ft": 13,
        "geometry_source": "Photogrammetric",
        "last_edited_date": "2020-01-28 17:20:46+00:00"
      },
      "geometry": {
        "type": "MultiPolygon",
        "coordinates": [
          [
            [
              [
                -74.000896469768,
                40.719265719507
              ],
              [
                -74.000924980198,
                40.719242422187
              ],
              [
                -74.001146771228,
                40.719061187146
              ],
              [
                -74.001216545091,
                40.719110617224
              ],
              [
                -74.000997432449,
                40.719289662334
              ],
              [
                -74.000979210177,
                40.71927675278
              ],
              [
                -74.000948020203,
                40.719302240176
              ],
              [
                -74.000925967901,
                40.719286617408
              ],
              [
                -74.000896469768,
                40.719265719507
              ]
            ]
          ]
        ]
      },
      "id": "nyc-building-335576"
    },
    {
      "type": "Feature",
      "properties": {
        "building_id": "nyc-building-335584",
        "object_id": 335584,
        "bin": "1001606",
        "base_bbl": "1001470002",
        "name": "NYC Building 1001606",
        "use": "feature_code_2100",
        "feature_code": 2100,
        "construction_year": 1862,
        "height_roof_ft": 76.48,
        "height_m": 23.311104,
        "ground_elevation_ft": 21,
        "geometry_source": "Other (Manual)",
        "last_edited_date": "2022-12-09 19:11:56+00:00"
      },
      "geometry": {
        "type": "MultiPolygon",
        "coordinates": [
          [
            [
              [
                -74.007273697473,
                40.716421189841
              ],
              [
                -74.00741371753,
                40.716243457986
              ],
              [
                -74.007649084068,
                40.716350494353
              ],
              [
                -74.007643028945,
                40.716358202223
              ],
              [
                -74.007577449641,
                40.716441688371
              ],
              [
                -74.007511527254,
                40.716527831908
              ],
              [
                -74.007273697473,
                40.716421189841
              ]
            ]
          ]
        ]
      },
      "id": "nyc-building-335584"
    },
    {
      "type": "Feature",
      "properties": {
        "building_id": "nyc-building-33613",
        "object_id": 33613,
        "bin": "1001819",
        "base_bbl": "1001640043",
        "name": "NYC Building 1001819",
        "use": "feature_code_2100",
        "feature_code": 2100,
        "construction_year": 1899,
        "height_roof_ft": 44.71769,
        "height_m": 13.629952,
        "ground_elevation_ft": 23,
        "geometry_source": "Photogrammetric",
        "last_edited_date": "2017-08-22 18:52:13+00:00"
      },
      "geometry": {
        "type": "MultiPolygon",
        "coordinates": [
          [
            [
              [
                -73.999246778983,
                40.71432768508
              ],
              [
                -73.999262387797,
                40.71432669732
              ],
              [
                -73.999291612459,
                40.714324848755
              ],
              [
                -73.999297229857,
                40.714376254436
              ],
              [
                -73.999317643583,
                40.714374963226
              ],
              [
                -73.999323646782,
                40.71442990161
              ],
              [
                -73.99932369885,
                40.714430381582
              ],
              [
                -73.999324760327,
                40.714440092695
              ],
              [
                -73.999316686667,
                40.714440603237
              ],
              [
                -73.999259513028,
                40.714444221136
              ],
              [
                -73.999250795273,
                40.714364438545
              ],
              [
                -73.999246778983,
                40.71432768508
              ]
            ]
          ]
        ]
      },
      "id": "nyc-building-33613"
    },
    {
      "type": "Feature",
      "properties": {
        "building_id": "nyc-building-338149",
        "object_id": 338149,
        "bin": "1006956",
        "base_bbl": "1004710003",
        "name": "NYC Building 1006956",
        "use": "feature_code_2100",
        "feature_code": 2100,
        "construction_year": 1910,
        "height_roof_ft": 32.96,
        "height_m": 10.046208,
        "ground_elevation_ft": 28,
        "geometry_source": "Photogrammetric",
        "last_edited_date": "2017-08-22 18:18:41+00:00"
      },
      "geometry": {
        "type": "MultiPolygon",
        "coordinates": [
          [
            [
              [
                -73.9976014871,
                40.719902698113
              ],
              [
                -73.997558454244,
                40.719886877052
              ],
              [
                -73.997588278357,
                40.719839916988
              ],
              [
                -73.997632798918,
                40.719856284679
              ],
              [
                -73.997772119913,
                40.719907505758
              ],
              [
                -73.997742295899,
                40.719954465869
              ],
              [
                -73.997641595412,
                40.71991744389
              ],
              [
                -73.9976014871,
                40.719902698113
              ]
            ]
          ]
        ]
      },
      "id": "nyc-building-338149"
    },
    {
      "type": "Feature",
      "properties": {
        "building_id": "nyc-building-339131",
        "object_id": 339131,
        "bin": "1001080",
        "base_bbl": "1000640002",
        "name": "NYC Building 1001080",
        "use": "feature_code_2100",
        "feature_code": 2100,
        "construction_year": 1900,
        "height_roof_ft": 17.2,
        "height_m": 5.24256,
        "ground_elevation_ft": 25,
        "geometry_source": "Photogrammetric",
        "last_edited_date": "2017-08-22 19:16:53+00:00"
      },
      "geometry": {
        "type": "MultiPolygon",
        "coordinates": [
          [
            [
              [
                -74.009072449201,
                40.709136410434
              ],
              [
                -74.009135191396,
                40.709080455808
              ],
              [
                -74.009135971147,
                40.709079760552
              ],
              [
                -74.009144688028,
                40.709071986647
              ],
              [
                -74.009166186636,
                40.709081893261
              ],
              [
                -74.009196953273,
                40.709047487676
              ],
              [
                -74.009200913426,
                40.709043058646
              ],
              [
                -74.009227700094,
                40.709058227413
              ],
              [
                -74.009202118892,
                40.709083037645
              ],
              [
                -74.009107045866,
                40.709175247649
              ],
              [
                -74.009105321417,
                40.709173312587
              ],
              [
                -74.009072449201,
                40.709136410434
              ]
            ]
          ]
        ]
      },
      "id": "nyc-building-339131"
    },
    {
      "type": "Feature",
      "properties": {
        "building_id": "nyc-building-346657",
        "object_id": 346657,
        "bin": "1079647",
        "base_bbl": "1003000001",
        "name": "NYC Building 1079647",
        "use": "feature_code_2100",
        "feature_code": 2100,
        "construction_year": 1925,
        "height_roof_ft": 88.88,
        "height_m": 27.090624,
        "ground_elevation_ft": 42,
        "geometry_source": "Photogrammetric",
        "last_edited_date": "2017-08-22 17:35:13+00:00"
      },
      "geometry": {
        "type": "MultiPolygon",
        "coordinates": [
          [
            [
              [
                -73.993043484858,
                40.715586045396
              ],
              [
                -73.993051266609,
                40.715572002405
              ],
              [
                -73.992956671998,
                40.71554165396
              ],
              [
                -73.992948246288,
                40.715556856762
              ],
              [
                -73.992928273122,
                40.715550735668
              ],
              [
                -73.992878139629,
                40.715535370771
              ],
              [
                -73.992913135123,
                40.715472220133
              ],
              [
                -73.993000350789,
                40.715500201625
              ],
              [
                -73.993008143193,
                40.715486140627
              ],
              [
                -73.993071541726,
                40.715371732805
              ],
              [
                -73.993150570211,
                40.715397087802
              ],
              [
                -73.993080509847,
                40.715523517982
              ],
              [
                -73.993205047069,
                40.715563472941
              ],
              [
                -73.993170899343,
                40.715625094651
              ],
              [
                -73.993043484858,
                40.715586045396
              ]
            ]
          ]
        ]
      },
      "id": "nyc-building-346657"
    },
    {
      "type": "Feature",
      "properties": {
        "building_id": "nyc-building-34955",
        "object_id": 34955,
        "bin": "1002605",
        "base_bbl": "1002030016",
        "name": "NYC Building 1002605",
        "use": "feature_code_2100",
        "feature_code": 2100,
        "construction_year": 1900,
        "height_roof_ft": 55.49,
        "height_m": 16.913352,
        "ground_elevation_ft": 41,
        "geometry_source": "Photogrammetric",
        "last_edited_date": "2017-08-22 17:33:15+00:00"
      },
      "geometry": {
        "type": "MultiPolygon",
        "coordinates": [
          [
            [
              [
                -73.995961834277,
                40.717392938878
              ],
              [
                -73.99602478253,
                40.717292553088
              ],
              [
                -73.996035174856,
                40.717275980456
              ],
              [
                -73.996060692848,
                40.717235286374
              ],
              [
                -73.996145152011,
                40.717265947102
              ],
              [
                -73.996046294779,
                40.717423600578
              ],
              [
                -73.995961834277,
                40.717392938878
              ]
            ]
          ]
        ]
      },
      "id": "nyc-building-34955"
    },
    {
      "type": "Feature",
      "properties": {
        "building_id": "nyc-building-351372",
        "object_id": 351372,
        "bin": "1077166",
        "base_bbl": "1002000027",
        "name": "NYC Building 1077166",
        "use": "feature_code_2100",
        "feature_code": 2100,
        "construction_year": 1910,
        "height_roof_ft": 54.15,
        "height_m": 16.50492,
        "ground_elevation_ft": 31,
        "geometry_source": "Photogrammetric",
        "last_edited_date": "2009-02-14 00:00:00+00:00"
      },
      "geometry": {
        "type": "MultiPolygon",
        "coordinates": [
          [
            [
              [
                -73.998492392384,
                40.716237742333
              ],
              [
                -73.998527886993,
                40.716179470767
              ],
              [
                -73.998621170119,
                40.716212366663
              ],
              [
                -73.998585675574,
                40.716270638258
              ],
              [
                -73.998492392384,
                40.716237742333
              ]
            ]
          ]
        ]
      },
      "id": "nyc-building-351372"
    },
    {
      "type": "Feature",
      "properties": {
        "building_id": "nyc-building-352004",
        "object_id": 352004,
        "bin": "1002608",
        "base_bbl": "1002030020",
        "name": "NYC Building 1002608",
        "use": "feature_code_2100",
        "feature_code": 2100,
        "construction_year": 1915,
        "height_roof_ft": 76.87,
        "height_m": 23.429976,
        "ground_elevation_ft": 42,
        "geometry_source": "Photogrammetric",
        "last_edited_date": "2017-08-22 17:47:45+00:00"
      },
      "geometry": {
        "type": "MultiPolygon",
        "coordinates": [
          [
            [
              [
                -73.996073547114,
                40.717214785797
              ],
              [
                -73.996060429231,
                40.717210023451
              ],
              [
                -73.995747626726,
                40.717096468794
              ],
              [
                -73.995786145917,
                40.7170350383
              ],
              [
                -73.996145664361,
                40.717165552835
              ],
              [
                -73.996142798791,
                40.717170121928
              ],
              [
                -73.996107145427,
                40.717226982547
              ],
              [
                -73.996073547114,
                40.717214785797
              ]
            ]
          ]
        ]
      },
      "id": "nyc-building-352004"
    },
    {
      "type": "Feature",
      "properties": {
        "building_id": "nyc-building-353825",
        "object_id": 353825,
        "bin": "1003806",
        "base_bbl": "1002970001",
        "name": "NYC Building 1003806",
        "use": "feature_code_2100",
        "feature_code": 2100,
        "construction_year": 1927,
        "height_roof_ft": 81.17,
        "height_m": 24.740616,
        "ground_elevation_ft": 38,
        "geometry_source": "Photogrammetric",
        "last_edited_date": "2017-08-22 18:18:13+00:00"
      },
      "geometry": {
        "type": "MultiPolygon",
        "coordinates": [
          [
            [
              [
                -73.990652498093,
                40.714761921657
              ],
              [
                -73.990698022284,
                40.714673625783
              ],
              [
                -73.990707062946,
                40.714656091771
              ],
              [
                -73.990781306509,
                40.714678243094
              ],
              [
                -73.990727926739,
                40.714781771405
              ],
              [
                -73.990720456968,
                40.714796258217
              ],
              [
                -73.990705225016,
                40.714825800938
              ],
              [
                -73.990730567009,
                40.714833366369
              ],
              [
                -73.990799522019,
                40.714853950365
              ],
              [
                -73.99084664274,
                40.714868016492
              ],
              [
                -73.990926145761,
                40.714891749435
              ],
              [
                -73.990720436669,
                40.715290719526
              ],
              [
                -73.990493165666,
                40.715222875439
              ],
              [
                -73.990470883918,
                40.715216224228
              ],
              [
                -73.99048508496,
                40.715188681488
              ],
              [
                -73.990508596681,
                40.715143082478
              ],
              [
                -73.990521575419,
                40.715146956642
              ],
              [
                -73.990525432279,
                40.71513947732
              ],
              [
                -73.990517814119,
                40.715098312557
              ],
              [
                -73.990571439517,
                40.714994308898
              ],
              [
                -73.990582040513,
                40.714973748409
              ],
              [
                -73.990558028661,
                40.71496658018
              ],
              [
                -73.990651075709,
                40.714786114658
              ],
              [
                -73.990641498211,
                40.714783255659
              ],
              [
                -73.990652498093,
                40.714761921657
              ]
            ]
          ]
        ]
      },
      "id": "nyc-building-353825"
    },
    {
      "type": "Feature",
      "properties": {
        "building_id": "nyc-building-354293",
        "object_id": 354293,
        "bin": "1001006",
        "base_bbl": "1000400016",
        "name": "NYC Building 1001006",
        "use": "feature_code_2100",
        "feature_code": 2100,
        "construction_year": 1902,
        "height_roof_ft": 299.09,
        "height_m": 91.162632,
        "ground_elevation_ft": 29,
        "geometry_source": "Photogrammetric",
        "last_edited_date": "2017-08-22 18:54:38+00:00"
      },
      "geometry": {
        "type": "MultiPolygon",
        "coordinates": [
          [
            [
              [
                -74.008705956014,
                40.706722035457
              ],
              [
                -74.008799815454,
                40.706611223981
              ],
              [
                -74.008910648422,
                40.706669456033
              ],
              [
                -74.008945025147,
                40.706631564345
              ],
              [
                -74.008986464915,
                40.706653336385
              ],
              [
                -74.009016500096,
                40.7066691164
              ],
              [
                -74.009112579634,
                40.706719596909
              ],
              [
                -74.009012577773,
                40.706829822887
              ],
              [
                -74.008970072652,
                40.706876673516
              ],
              [
                -74.008891369721,
                40.706830593248
              ],
              [
                -74.008738794936,
                40.706741262491
              ],
              [
                -74.008705956014,
                40.706722035457
              ]
            ]
          ]
        ]
      },
      "id": "nyc-building-354293"
    },
    {
      "type": "Feature",
      "properties": {
        "building_id": "nyc-building-356628",
        "object_id": 356628,
        "bin": "1001405",
        "base_bbl": "1001240012",
        "name": "NYC Building 1001405",
        "use": "feature_code_2100",
        "feature_code": 2100,
        "construction_year": 1920,
        "height_roof_ft": 69.31,
        "height_m": 21.125688,
        "ground_elevation_ft": 32,
        "geometry_source": "Photogrammetric",
        "last_edited_date": "2017-08-22 17:47:33+00:00"
      },
      "geometry": {
        "type": "MultiPolygon",
        "coordinates": [
          [
            [
              [
                -74.008592104596,
                40.713603527252
              ],
              [
                -74.008648992345,
                40.713531212884
              ],
              [
                -74.008698866199,
                40.71355392901
              ],
              [
                -74.008860201011,
                40.713348842502
              ],
              [
                -74.008900985378,
                40.713296996954
              ],
              [
                -74.008936639108,
                40.713251674188
              ],
              [
                -74.008964398682,
                40.713264317901
              ],
              [
                -74.009047832509,
                40.713302319228
              ],
              [
                -74.008753172287,
                40.713676889624
              ],
              [
                -74.008741493207,
                40.713671569394
              ],
              [
                -74.008592104596,
                40.713603527252
              ]
            ]
          ]
        ]
      },
      "id": "nyc-building-356628"
    },
    {
      "type": "Feature",
      "properties": {
        "building_id": "nyc-building-363113",
        "object_id": 363113,
        "bin": "1003758",
        "base_bbl": "1002920008",
        "name": "NYC Building 1003758",
        "use": "feature_code_2100",
        "feature_code": 2100,
        "construction_year": 1900,
        "height_roof_ft": 61.78,
        "height_m": 18.830544,
        "ground_elevation_ft": 44,
        "geometry_source": "Photogrammetric",
        "last_edited_date": "2017-08-22 17:47:33+00:00"
      },
      "geometry": {
        "type": "MultiPolygon",
        "coordinates": [
          [
            [
              [
                -73.994278079195,
                40.71520305061
              ],
              [
                -73.994107933704,
                40.715152997963
              ],
              [
                -73.994044332469,
                40.715134287487
              ],
              [
                -73.994022784129,
                40.715127948578
              ],
              [
                -73.99403931323,
                40.715095417593
              ],
              [
                -73.994080618155,
                40.71501412884
              ],
              [
                -73.994201646373,
                40.715049733077
              ],
              [
                -73.994400850246,
                40.715108334648
              ],
              [
                -73.994343016685,
                40.715222154546
              ],
              [
                -73.994278079195,
                40.71520305061
              ]
            ]
          ]
        ]
      },
      "id": "nyc-building-363113"
    },
    {
      "type": "Feature",
      "properties": {
        "building_id": "nyc-building-36731",
        "object_id": 36731,
        "bin": "1001804",
        "base_bbl": "1001630038",
        "name": "NYC Building 1001804",
        "use": "feature_code_2100",
        "feature_code": 2100,
        "construction_year": 1910,
        "height_roof_ft": 51.17,
        "height_m": 15.596616,
        "ground_elevation_ft": 40,
        "geometry_source": "Photogrammetric",
        "last_edited_date": "2017-08-22 18:15:09+00:00"
      },
      "geometry": {
        "type": "MultiPolygon",
        "coordinates": [
          [
            [
              [
                -73.997252027034,
                40.71470845189
              ],
              [
                -73.997252786873,
                40.714707321768
              ],
              [
                -73.997296009497,
                40.714716314388
              ],
              [
                -73.997593592876,
                40.714778230184
              ],
              [
                -73.997511518504,
                40.714907236479
              ],
              [
                -73.997429345453,
                40.71488607628
              ],
              [
                -73.997296004008,
                40.714851741265
              ],
              [
                -73.997176386186,
                40.714820939135
              ],
              [
                -73.997252027034,
                40.71470845189
              ]
            ]
          ]
        ]
      },
      "id": "nyc-building-36731"
    },
    {
      "type": "Feature",
      "properties": {
        "building_id": "nyc-building-368113",
        "object_id": 368113,
        "bin": "1084380",
        "base_bbl": "1002010016",
        "name": "NYC Building 1084380",
        "use": "feature_code_2100",
        "feature_code": 2100,
        "construction_year": 1920,
        "height_roof_ft": 35.24,
        "height_m": 10.741152,
        "ground_elevation_ft": 39,
        "geometry_source": "Photogrammetric",
        "last_edited_date": "2017-08-22 18:35:46+00:00"
      },
      "geometry": {
        "type": "MultiPolygon",
        "coordinates": [
          [
            [
              [
                -73.997408905237,
                40.716539684897
              ],
              [
                -73.997425120343,
                40.716513505625
              ],
              [
                -73.997483841409,
                40.716418700294
              ],
              [
                -73.997536691465,
                40.716437651775
              ],
              [
                -73.997492706057,
                40.716508665071
              ],
              [
                -73.997461755367,
                40.716558636412
              ],
              [
                -73.997424556948,
                40.716545298129
              ],
              [
                -73.997408905237,
                40.716539684897
              ]
            ]
          ]
        ]
      },
      "id": "nyc-building-368113"
    },
    {
      "type": "Feature",
      "properties": {
        "building_id": "nyc-building-36943",
        "object_id": 36943,
        "bin": "1005474",
        "base_bbl": "1004140056",
        "name": "NYC Building 1005474",
        "use": "feature_code_2100",
        "feature_code": 2100,
        "construction_year": 1863,
        "height_roof_ft": 55.35,
        "height_m": 16.87068,
        "ground_elevation_ft": 38,
        "geometry_source": "Photogrammetric",
        "last_edited_date": "2017-08-22 19:12:27+00:00"
      },
      "geometry": {
        "type": "MultiPolygon",
        "coordinates": [
          [
            [
              [
                -73.990122110659,
                40.718544410592
              ],
              [
                -73.99015581823,
                40.718479110288
              ],
              [
                -73.990189056632,
                40.718489043049
              ],
              [
                -73.990434049467,
                40.718562251717
              ],
              [
                -73.990422853552,
                40.718583941373
              ],
              [
                -73.990369164262,
                40.71856789791
              ],
              [
                -73.990346652807,
                40.718611509529
              ],
              [
                -73.990220783319,
                40.71857389631
              ],
              [
                -73.990122110659,
                40.718544410592
              ]
            ]
          ]
        ]
      },
      "id": "nyc-building-36943"
    },
    {
      "type": "Feature",
      "properties": {
        "building_id": "nyc-building-38285",
        "object_id": 38285,
        "bin": "1083122",
        "base_bbl": "1004700012",
        "name": "NYC Building 1083122",
        "use": "feature_code_2100",
        "feature_code": 2100,
        "construction_year": 1900,
        "height_roof_ft": 17.19,
        "height_m": 5.239512,
        "ground_elevation_ft": 31,
        "geometry_source": "Photogrammetric",
        "last_edited_date": "2009-02-14 00:00:00+00:00"
      },
      "geometry": {
        "type": "MultiPolygon",
        "coordinates": [
          [
            [
              [
                -73.995762905671,
                40.719727891316
              ],
              [
                -73.995787437599,
                40.719669631924
              ],
              [
                -73.9958664011,
                40.719696589748
              ],
              [
                -73.99585237613,
                40.719729897306
              ],
              [
                -73.995844814383,
                40.719747855903
              ],
              [
                -73.995762905671,
                40.719727891316
              ]
            ]
          ]
        ]
      },
      "id": "nyc-building-38285"
    },
    {
      "type": "Feature",
      "properties": {
        "building_id": "nyc-building-38491",
        "object_id": 38491,
        "bin": "1003385",
        "base_bbl": "1002790066",
        "name": "NYC Building 1003385",
        "use": "feature_code_2100",
        "feature_code": 2100,
        "construction_year": 1900,
        "height_roof_ft": 42.87,
        "height_m": 13.066776,
        "ground_elevation_ft": 31,
        "geometry_source": "Photogrammetric",
        "last_edited_date": "2017-08-22 17:58:57+00:00"
      },
      "geometry": {
        "type": "MultiPolygon",
        "coordinates": [
          [
            [
              [
                -73.997877080924,
                40.713148651919
              ],
              [
                -73.997935716447,
                40.713139365116
              ],
              [
                -73.99795798996,
                40.713223380461
              ],
              [
                -73.997981024404,
                40.713310263941
              ],
              [
                -73.997922489484,
                40.713314653791
              ],
              [
                -73.997886122622,
                40.713181708033
              ],
              [
                -73.997877080924,
                40.713148651919
              ]
            ]
          ]
        ]
      },
      "id": "nyc-building-38491"
    },
    {
      "type": "Feature",
      "properties": {
        "building_id": "nyc-building-386360",
        "object_id": 386360,
        "bin": "1079589",
        "base_bbl": "1002370033",
        "name": "NYC Building 1079589",
        "use": "feature_code_2100",
        "feature_code": 2100,
        "construction_year": 1900,
        "height_roof_ft": 40.58,
        "height_m": 12.368784,
        "ground_elevation_ft": 31,
        "geometry_source": "Photogrammetric",
        "last_edited_date": "2009-02-14 00:00:00+00:00"
      },
      "geometry": {
        "type": "MultiPolygon",
        "coordinates": [
          [
            [
              [
                -73.997335389867,
                40.718328209958
              ],
              [
                -73.997376572701,
                40.718260578992
              ],
              [
                -73.997458033565,
                40.718289295383
              ],
              [
                -73.997416850795,
                40.718356925478
              ],
              [
                -73.997335389867,
                40.718328209958
              ]
            ]
          ]
        ]
      },
      "id": "nyc-building-386360"
    },
    {
      "type": "Feature",
      "properties": {
        "building_id": "nyc-building-388562",
        "object_id": 388562,
        "bin": "1003801",
        "base_bbl": "1002940024",
        "name": "NYC Building 1003801",
        "use": "feature_code_2100",
        "feature_code": 2100,
        "construction_year": 1910,
        "height_roof_ft": 57.01,
        "height_m": 17.376648,
        "ground_elevation_ft": 40,
        "geometry_source": "Photogrammetric",
        "last_edited_date": "2017-08-22 18:17:21+00:00"
      },
      "geometry": {
        "type": "MultiPolygon",
        "coordinates": [
          [
            [
              [
                -73.991556345443,
                40.714690979017
              ],
              [
                -73.991582267686,
                40.714639922868
              ],
              [
                -73.991585739687,
                40.714633084645
              ],
              [
                -73.991616265159,
                40.714642057757
              ],
              [
                -73.991651266838,
                40.714573119914
              ],
              [
                -73.991646386255,
                40.714563111285
              ],
              [
                -73.99166354851,
                40.714529308263
              ],
              [
                -73.991727253185,
                40.714524595983
              ],
              [
                -73.991631552684,
                40.714713086638
              ],
              [
                -73.991556345443,
                40.714690979017
              ]
            ]
          ]
        ]
      },
      "id": "nyc-building-388562"
    },
    {
      "type": "Feature",
      "properties": {
        "building_id": "nyc-building-388773",
        "object_id": 388773,
        "bin": "1001984",
        "base_bbl": "1001780010",
        "name": "NYC Building 1001984",
        "use": "feature_code_2100",
        "feature_code": 2100,
        "construction_year": 1868,
        "height_roof_ft": 81.55,
        "height_m": 24.85644,
        "ground_elevation_ft": 11,
        "geometry_source": "Photogrammetric",
        "last_edited_date": "2020-01-28 17:24:49+00:00"
      },
      "geometry": {
        "type": "MultiPolygon",
        "coordinates": [
          [
            [
              [
                -74.005851659332,
                40.718908839838
              ],
              [
                -74.006034098633,
                40.718679887444
              ],
              [
                -74.006104210285,
                40.718712230068
              ],
              [
                -74.006019048187,
                40.718819104385
              ],
              [
                -74.005921771136,
                40.718941181671
              ],
              [
                -74.005851659332,
                40.718908839838
              ]
            ]
          ]
        ]
      },
      "id": "nyc-building-388773"
    },
    {
      "type": "Feature",
      "properties": {
        "building_id": "nyc-building-396754",
        "object_id": 396754,
        "bin": "1001695",
        "base_bbl": "1001620018",
        "name": "NYC Building 1001695",
        "use": "feature_code_2100",
        "feature_code": 2100,
        "construction_year": 1920,
        "height_roof_ft": 64.168905,
        "height_m": 19.558682,
        "ground_elevation_ft": 36,
        "geometry_source": "Photogrammetric",
        "last_edited_date": "2017-08-22 18:53:23+00:00"
      },
      "geometry": {
        "type": "MultiPolygon",
        "coordinates": [
          [
            [
              [
                -73.998617238811,
                40.714826385598
              ],
              [
                -73.998624509254,
                40.714868142358
              ],
              [
                -73.998768846861,
                40.714853591739
              ],
              [
                -73.998784291995,
                40.714944583987
              ],
              [
                -73.998784573634,
                40.714946245432
              ],
              [
                -73.998782676519,
                40.714945841983
              ],
              [
                -73.998580177687,
                40.714902790764
              ],
              [
                -73.998567743194,
                40.714831374723
              ],
              [
                -73.998617238811,
                40.714826385598
              ]
            ]
          ]
        ]
      },
      "id": "nyc-building-396754"
    },
    {
      "type": "Feature",
      "properties": {
        "building_id": "nyc-building-396968",
        "object_id": 396968,
        "bin": "1003338",
        "base_bbl": "1002770018",
        "name": "NYC Building 1003338",
        "use": "feature_code_2100",
        "feature_code": 2100,
        "construction_year": 1900,
        "height_roof_ft": 60.95,
        "height_m": 18.57756,
        "ground_elevation_ft": 29,
        "geometry_source": "Photogrammetric",
        "last_edited_date": "2017-08-22 17:47:00+00:00"
      },
      "geometry": {
        "type": "MultiPolygon",
        "coordinates": [
          [
            [
              [
                -73.994910617981,
                40.71252881585
              ],
              [
                -73.994917857588,
                40.712522149688
              ],
              [
                -73.99491414711,
                40.712496308467
              ],
              [
                -73.994929183979,
                40.71249505832
              ],
              [
                -73.994925425002,
                40.712468879405
              ],
              [
                -73.994910386956,
                40.712470130452
              ],
              [
                -73.994904043551,
                40.712425959216
              ],
              [
                -73.994895246195,
                40.712421779555
              ],
              [
                -73.994886022675,
                40.71235754571
              ],
              [
                -73.994972287445,
                40.712350372437
              ],
              [
                -73.994981512231,
                40.712414606275
              ],
              [
                -73.994971051392,
                40.712420387999
              ],
              [
                -73.994977393657,
                40.712464558331
              ],
              [
                -73.994964050306,
                40.712465668078
              ],
              [
                -73.994967810482,
                40.712491846091
              ],
              [
                -73.994981153837,
                40.712490737244
              ],
              [
                -73.994984865525,
                40.712516578464
              ],
              [
                -73.994997072222,
                40.71252295371
              ],
              [
                -73.995000349821,
                40.712545776398
              ],
              [
                -73.995005861776,
                40.712584157308
              ],
              [
                -73.994928161321,
                40.71259061868
              ],
              [
                -73.994919595524,
                40.712591330606
              ],
              [
                -73.994918844438,
                40.712586101307
              ],
              [
                -73.994910617981,
                40.71252881585
              ]
            ]
          ]
        ]
      },
      "id": "nyc-building-396968"
    },
    {
      "type": "Feature",
      "properties": {
        "building_id": "nyc-building-397777",
        "object_id": 397777,
        "bin": "1078951",
        "base_bbl": "1002980033",
        "name": "NYC Building 1078951",
        "use": "feature_code_2100",
        "feature_code": 2100,
        "construction_year": 1900,
        "height_roof_ft": 48.42,
        "height_m": 14.758416,
        "ground_elevation_ft": 39,
        "geometry_source": "Photogrammetric",
        "last_edited_date": "2017-08-22 18:01:05+00:00"
      },
      "geometry": {
        "type": "MultiPolygon",
        "coordinates": [
          [
            [
              [
                -73.991069643723,
                40.714991489491
              ],
              [
                -73.991066894601,
                40.714990669813
              ],
              [
                -73.991100558031,
                40.714925343084
              ],
              [
                -73.991175141672,
                40.714947595035
              ],
              [
                -73.991241362558,
                40.714819088235
              ],
              [
                -73.991315129556,
                40.714841096896
              ],
              [
                -73.99124890879,
                40.714969602838
              ],
              [
                -73.991285143253,
                40.714980413512
              ],
              [
                -73.991337896145,
                40.714996152113
              ],
              [
                -73.991369160198,
                40.715005479246
              ],
              [
                -73.991335496991,
                40.715070806054
              ],
              [
                -73.991069643723,
                40.714991489491
              ]
            ]
          ]
        ]
      },
      "id": "nyc-building-397777"
    },
    {
      "type": "Feature",
      "properties": {
        "building_id": "nyc-building-399795",
        "object_id": 399795,
        "bin": "1001468",
        "base_bbl": "1001350019",
        "name": "NYC Building 1001468",
        "use": "feature_code_2100",
        "feature_code": 2100,
        "construction_year": 1915,
        "height_roof_ft": 63.1,
        "height_m": 19.23288,
        "ground_elevation_ft": 32,
        "geometry_source": "Photogrammetric",
        "last_edited_date": "2017-08-22 17:34:23+00:00"
      },
      "geometry": {
        "type": "MultiPolygon",
        "coordinates": [
          [
            [
              [
                -74.007473372529,
                40.714623060791
              ],
              [
                -74.00761478478,
                40.714445375385
              ],
              [
                -74.007621952273,
                40.714448677983
              ],
              [
                -74.007688061068,
                40.714479139659
              ],
              [
                -74.007546650125,
                40.714656825155
              ],
              [
                -74.007473372529,
                40.714623060791
              ]
            ]
          ]
        ]
      },
      "id": "nyc-building-399795"
    },
    {
      "type": "Feature",
      "properties": {
        "building_id": "nyc-building-400383",
        "object_id": 400383,
        "bin": "1003366",
        "base_bbl": "1002790012",
        "name": "NYC Building 1003366",
        "use": "feature_code_2100",
        "feature_code": 2100,
        "construction_year": 1910,
        "height_roof_ft": 39,
        "height_m": 11.8872,
        "ground_elevation_ft": 24,
        "geometry_source": "Photogrammetric",
        "last_edited_date": "2017-08-22 19:35:48+00:00"
      },
      "geometry": {
        "type": "MultiPolygon",
        "coordinates": [
          [
            [
              [
                -73.998075784356,
                40.712665184694
              ],
              [
                -73.998190029608,
                40.712646410894
              ],
              [
                -73.998226283314,
                40.712640452778
              ],
              [
                -73.998240340109,
                40.712689977484
              ],
              [
                -73.99822634466,
                40.712692277174
              ],
              [
                -73.998175194868,
                40.712700683544
              ],
              [
                -73.998089839861,
                40.712714710318
              ],
              [
                -73.998075784356,
                40.712665184694
              ]
            ]
          ]
        ]
      },
      "id": "nyc-building-400383"
    },
    {
      "type": "Feature",
      "properties": {
        "building_id": "nyc-building-404176",
        "object_id": 404176,
        "bin": "1001492",
        "base_bbl": "1001370027",
        "name": "NYC Building 1001492",
        "use": "feature_code_2100",
        "feature_code": 2100,
        "construction_year": 1915,
        "height_roof_ft": 70.88,
        "height_m": 21.604224,
        "ground_elevation_ft": 18,
        "geometry_source": "Photogrammetric",
        "last_edited_date": "2017-08-22 18:53:39+00:00"
      },
      "geometry": {
        "type": "MultiPolygon",
        "coordinates": [
          [
            [
              [
                -74.010196840293,
                40.715855824359
              ],
              [
                -74.010290767679,
                40.715734573979
              ],
              [
                -74.010332711862,
                40.715680428833
              ],
              [
                -74.010406231012,
                40.715713401602
              ],
              [
                -74.010400679168,
                40.715720569267
              ],
              [
                -74.01038202037,
                40.715744655102
              ],
              [
                -74.010270360752,
                40.715888797214
              ],
              [
                -74.010265180423,
                40.715895484866
              ],
              [
                -74.010191659959,
                40.715862512008
              ],
              [
                -74.010196840293,
                40.715855824359
              ]
            ]
          ]
        ]
      },
      "id": "nyc-building-404176"
    },
    {
      "type": "Feature",
      "properties": {
        "building_id": "nyc-building-404181",
        "object_id": 404181,
        "bin": "1002366",
        "base_bbl": "1001980030",
        "name": "NYC Building 1002366",
        "use": "feature_code_2100",
        "feature_code": 2100,
        "construction_year": 1920,
        "height_roof_ft": 87.17,
        "height_m": 26.569416,
        "ground_elevation_ft": 20,
        "geometry_source": "Photogrammetric",
        "last_edited_date": "2017-08-22 19:15:23+00:00"
      },
      "geometry": {
        "type": "MultiPolygon",
        "coordinates": [
          [
            [
              [
                -73.999830790399,
                40.717542744522
              ],
              [
                -73.999823185013,
                40.717554984246
              ],
              [
                -73.999744309446,
                40.717681920915
              ],
              [
                -73.999617676884,
                40.717591768692
              ],
              [
                -73.999470609989,
                40.717487068494
              ],
              [
                -73.999460481419,
                40.717479857162
              ],
              [
                -73.999482759231,
                40.717444005251
              ],
              [
                -73.999494310592,
                40.717425415169
              ],
              [
                -73.999496194789,
                40.717422382259
              ],
              [
                -73.999588111974,
                40.717455447556
              ],
              [
                -73.999626529181,
                40.717469266916
              ],
              [
                -73.999823828891,
                40.717540240193
              ],
              [
                -73.999830790399,
                40.717542744522
              ]
            ]
          ]
        ]
      },
      "id": "nyc-building-404181"
    },
    {
      "type": "Feature",
      "properties": {
        "building_id": "nyc-building-416188",
        "object_id": 416188,
        "bin": "1003552",
        "base_bbl": "1002820079",
        "name": "NYC Building 1003552",
        "use": "feature_code_2100",
        "feature_code": 2100,
        "construction_year": 1970,
        "height_roof_ft": 22.2,
        "height_m": 6.76656,
        "ground_elevation_ft": 38,
        "geometry_source": "Photogrammetric",
        "last_edited_date": "2017-08-22 17:34:05+00:00"
      },
      "geometry": {
        "type": "MultiPolygon",
        "coordinates": [
          [
            [
              [
                -73.993647169316,
                40.714111007125
              ],
              [
                -73.993736321776,
                40.714103906979
              ],
              [
                -73.993754450806,
                40.714235670675
              ],
              [
                -73.993665293439,
                40.714242771735
              ],
              [
                -73.993647169316,
                40.714111007125
              ]
            ]
          ]
        ]
      },
      "id": "nyc-building-416188"
    },
    {
      "type": "Feature",
      "properties": {
        "building_id": "nyc-building-418112",
        "object_id": 418112,
        "bin": "1003883",
        "base_bbl": "1003000012",
        "name": "NYC Building 1003883",
        "use": "feature_code_2100",
        "feature_code": 2100,
        "construction_year": 1910,
        "height_roof_ft": 60.55,
        "height_m": 18.45564,
        "ground_elevation_ft": 40,
        "geometry_source": "Photogrammetric",
        "last_edited_date": "2017-08-22 19:14:41+00:00"
      },
      "geometry": {
        "type": "MultiPolygon",
        "coordinates": [
          [
            [
              [
                -73.992745142318,
                40.716263554798
              ],
              [
                -73.992662507909,
                40.716239055681
              ],
              [
                -73.992679362271,
                40.7162061431
              ],
              [
                -73.992654376935,
                40.716198734811
              ],
              [
                -73.992663568824,
                40.716180785524
              ],
              [
                -73.992852176723,
                40.716236702869
              ],
              [
                -73.992858808876,
                40.716238669995
              ],
              [
                -73.992859845593,
                40.716238977133
              ],
              [
                -73.992833798276,
                40.716289839041
              ],
              [
                -73.992745142318,
                40.716263554798
              ]
            ]
          ]
        ]
      },
      "id": "nyc-building-418112"
    },
    {
      "type": "Feature",
      "properties": {
        "building_id": "nyc-building-424339",
        "object_id": 424339,
        "bin": "1002213",
        "base_bbl": "1001930030",
        "name": "NYC Building 1002213",
        "use": "feature_code_2100",
        "feature_code": 2100,
        "construction_year": 1888,
        "height_roof_ft": 98,
        "height_m": 29.8704,
        "ground_elevation_ft": 17,
        "geometry_source": "Other (Manual)",
        "last_edited_date": "2017-08-22 19:18:08+00:00"
      },
      "geometry": {
        "type": "MultiPolygon",
        "coordinates": [
          [
            [
              [
                -74.003682723148,
                40.719078723562
              ],
              [
                -74.003872263945,
                40.718838962848
              ],
              [
                -74.004025014956,
                40.718908867802
              ],
              [
                -74.003847750649,
                40.719133100861
              ],
              [
                -74.003835475693,
                40.719148628765
              ],
              [
                -74.003804415979,
                40.719134415246
              ],
              [
                -74.003803663217,
                40.719134070375
              ],
              [
                -74.003682723148,
                40.719078723562
              ]
            ]
          ]
        ]
      },
      "id": "nyc-building-424339"
    },
    {
      "type": "Feature",
      "properties": {
        "building_id": "nyc-building-426210",
        "object_id": 426210,
        "bin": "1077118",
        "base_bbl": "1001640062",
        "name": "NYC Building 1077118",
        "use": "feature_code_2100",
        "feature_code": 2100,
        "construction_year": 1900,
        "height_roof_ft": 41.821288,
        "height_m": 12.747129,
        "ground_elevation_ft": 23,
        "geometry_source": "Photogrammetric",
        "last_edited_date": "2017-08-22 17:46:39+00:00"
      },
      "geometry": {
        "type": "MultiPolygon",
        "coordinates": [
          [
            [
              [
                -73.999160212712,
                40.714145106861
              ],
              [
                -73.99915552311,
                40.714106922476
              ],
              [
                -73.999153526806,
                40.714090670046
              ],
              [
                -73.999158280798,
                40.714090332389
              ],
              [
                -73.999181398666,
                40.714088688223
              ],
              [
                -73.999338055503,
                40.714077548109
              ],
              [
                -73.999488444645,
                40.714066853508
              ],
              [
                -73.999496858566,
                40.714137165413
              ],
              [
                -73.999335152936,
                40.714148665017
              ],
              [
                -73.999320088558,
                40.714149736537
              ],
              [
                -73.99925919197,
                40.714154066718
              ],
              [
                -73.999162160502,
                40.714160966668
              ],
              [
                -73.999160212712,
                40.714145106861
              ]
            ]
          ]
        ]
      },
      "id": "nyc-building-426210"
    },
    {
      "type": "Feature",
      "properties": {
        "building_id": "nyc-building-434746",
        "object_id": 434746,
        "bin": "1001703",
        "base_bbl": "1001620033",
        "name": "NYC Building 1001703",
        "use": "feature_code_2100",
        "feature_code": 2100,
        "construction_year": 1920,
        "height_roof_ft": 54.978294,
        "height_m": 16.757384,
        "ground_elevation_ft": 37,
        "geometry_source": "Photogrammetric",
        "last_edited_date": "2017-08-22 17:46:06+00:00"
      },
      "geometry": {
        "type": "MultiPolygon",
        "coordinates": [
          [
            [
              [
                -73.998088746263,
                40.714247265115
              ],
              [
                -73.998053208414,
                40.714268301348
              ],
              [
                -73.998044909776,
                40.714273213492
              ],
              [
                -73.997996404506,
                40.714337144408
              ],
              [
                -73.997888045615,
                40.714269813099
              ],
              [
                -73.997891323878,
                40.714268229161
              ],
              [
                -73.997911530756,
                40.714258467994
              ],
              [
                -73.99802093822,
                40.714205615355
              ],
              [
                -73.998088746263,
                40.714247265115
              ]
            ]
          ]
        ]
      },
      "id": "nyc-building-434746"
    },
    {
      "type": "Feature",
      "properties": {
        "building_id": "nyc-building-436144",
        "object_id": 436144,
        "bin": "1003340",
        "base_bbl": "1002770022",
        "name": "NYC Building 1003340",
        "use": "feature_code_2100",
        "feature_code": 2100,
        "construction_year": 1910,
        "height_roof_ft": 70.29,
        "height_m": 21.424392,
        "ground_elevation_ft": 31,
        "geometry_source": "Photogrammetric",
        "last_edited_date": "2017-08-22 17:46:16+00:00"
      },
      "geometry": {
        "type": "MultiPolygon",
        "coordinates": [
          [
            [
              [
                -73.994499608565,
                40.712525383119
              ],
              [
                -73.994570750321,
                40.712519468337
              ],
              [
                -73.9945793599,
                40.712518751936
              ],
              [
                -73.994584779354,
                40.712556492599
              ],
              [
                -73.994685597269,
                40.712548109937
              ],
              [
                -73.994680177759,
                40.712510369279
              ],
              [
                -73.99469578269,
                40.712509072363
              ],
              [
                -73.994747675651,
                40.712504756792
              ],
              [
                -73.994763576441,
                40.712503434666
              ],
              [
                -73.9947649402,
                40.712512933315
              ],
              [
                -73.994783524274,
                40.712642342062
              ],
              [
                -73.99470012542,
                40.71264927669
              ],
              [
                -73.994694850193,
                40.712612544612
              ],
              [
                -73.994594032181,
                40.712620927282
              ],
              [
                -73.994599307354,
                40.712657659364
              ],
              [
                -73.994519555854,
                40.71266429056
              ],
              [
                -73.994499608565,
                40.712525383119
              ]
            ]
          ]
        ]
      },
      "id": "nyc-building-436144"
    },
    {
      "type": "Feature",
      "properties": {
        "building_id": "nyc-building-437359",
        "object_id": 437359,
        "bin": "1001202",
        "base_bbl": "1000780040",
        "name": "NYC Building 1001202",
        "use": "feature_code_2100",
        "feature_code": 2100,
        "construction_year": 1910,
        "height_roof_ft": 60.64,
        "height_m": 18.483072,
        "ground_elevation_ft": 35,
        "geometry_source": "Photogrammetric",
        "last_edited_date": "2017-08-22 18:34:07+00:00"
      },
      "geometry": {
        "type": "MultiPolygon",
        "coordinates": [
          [
            [
              [
                -74.007747615619,
                40.709927548669
              ],
              [
                -74.007784969763,
                40.709889906585
              ],
              [
                -74.007933440155,
                40.709965992335
              ],
              [
                -74.007890253796,
                40.710009511603
              ],
              [
                -74.007747615619,
                40.709927548669
              ]
            ]
          ]
        ]
      },
      "id": "nyc-building-437359"
    },
    {
      "type": "Feature",
      "properties": {
        "building_id": "nyc-building-438376",
        "object_id": 438376,
        "bin": "1003383",
        "base_bbl": "1002790064",
        "name": "NYC Building 1003383",
        "use": "feature_code_2100",
        "feature_code": 2100,
        "construction_year": 1910,
        "height_roof_ft": 43.85,
        "height_m": 13.36548,
        "ground_elevation_ft": 30,
        "geometry_source": "Photogrammetric",
        "last_edited_date": "2017-08-22 18:34:18+00:00"
      },
      "geometry": {
        "type": "MultiPolygon",
        "coordinates": [
          [
            [
              [
                -73.997755101725,
                40.713177257032
              ],
              [
                -73.997820490095,
                40.713166900613
              ],
              [
                -73.997862119017,
                40.7133190832
              ],
              [
                -73.99786214505,
                40.713319179555
              ],
              [
                -73.997833281733,
                40.713321343844
              ],
              [
                -73.997796472688,
                40.713324105012
              ],
              [
                -73.997795293965,
                40.71332419324
              ],
              [
                -73.997794905839,
                40.713322774928
              ],
              [
                -73.997755101725,
                40.713177257032
              ]
            ]
          ]
        ]
      },
      "id": "nyc-building-438376"
    },
    {
      "type": "Feature",
      "properties": {
        "building_id": "nyc-building-438958",
        "object_id": 438958,
        "bin": "1077111",
        "base_bbl": "1002980025",
        "name": "NYC Building 1077111",
        "use": "feature_code_2100",
        "feature_code": 2100,
        "construction_year": 1910,
        "height_roof_ft": 49.97,
        "height_m": 15.230856,
        "ground_elevation_ft": 36,
        "geometry_source": "Photogrammetric",
        "last_edited_date": "2009-02-14 00:00:00+00:00"
      },
      "geometry": {
        "type": "MultiPolygon",
        "coordinates": [
          [
            [
              [
                -73.991172468479,
                40.715392301126
              ],
              [
                -73.991114529465,
                40.715375014974
              ],
              [
                -73.991122071429,
                40.715360379559
              ],
              [
                -73.99114884413,
                40.715308425768
              ],
              [
                -73.991154697433,
                40.715310172308
              ],
              [
                -73.991234251982,
                40.715333906842
              ],
              [
                -73.991229535757,
                40.715343059271
              ],
              [
                -73.99120565748,
                40.715389395917
              ],
              [
                -73.99119993739,
                40.715400496073
              ],
              [
                -73.991172468479,
                40.715392301126
              ]
            ]
          ]
        ]
      },
      "id": "nyc-building-438958"
    },
    {
      "type": "Feature",
      "properties": {
        "building_id": "nyc-building-439418",
        "object_id": 439418,
        "bin": "1003541",
        "base_bbl": "1002820031",
        "name": "NYC Building 1003541",
        "use": "feature_code_2100",
        "feature_code": 2100,
        "construction_year": 1910,
        "height_roof_ft": 78.48,
        "height_m": 23.920704,
        "ground_elevation_ft": 38,
        "geometry_source": "Photogrammetric",
        "last_edited_date": "2017-08-22 18:16:16+00:00"
      },
      "geometry": {
        "type": "MultiPolygon",
        "coordinates": [
          [
            [
              [
                -73.993576955571,
                40.713617490983
              ],
              [
                -73.993591160738,
                40.713616334618
              ],
              [
                -73.993578893124,
                40.713529068147
              ],
              [
                -73.993564687975,
                40.71353022451
              ],
              [
                -73.993564199543,
                40.713526752114
              ],
              [
                -73.99356105489,
                40.713504385054
              ],
              [
                -73.993551384417,
                40.713435594501
              ],
              [
                -73.993545935987,
                40.713396847022
              ],
              [
                -73.993540336188,
                40.713357012618
              ],
              [
                -73.99353371223,
                40.713309894824
              ],
              [
                -73.99352550355,
                40.713251503448
              ],
              [
                -73.993517623657,
                40.713195452516
              ],
              [
                -73.993617971639,
                40.713187284185
              ],
              [
                -73.993624122165,
                40.713198299573
              ],
              [
                -73.993699595835,
                40.713333482991
              ],
              [
                -73.993718436789,
                40.713367228858
              ],
              [
                -73.993723153247,
                40.713400779442
              ],
              [
                -73.993718342466,
                40.713401170902
              ],
              [
                -73.993662639178,
                40.713405705523
              ],
              [
                -73.993659223701,
                40.713405983593
              ],
              [
                -73.993639359254,
                40.713407600715
              ],
              [
                -73.993642212996,
                40.713427900185
              ],
              [
                -73.993648466871,
                40.713472383957
              ],
              [
                -73.993658036924,
                40.71354046039
              ],
              [
                -73.993675391269,
                40.713663900646
              ],
              [
                -73.99358452098,
                40.713671296917
              ],
              [
                -73.993576955571,
                40.713617490983
              ]
            ]
          ]
        ]
      },
      "id": "nyc-building-439418"
    },
    {
      "type": "Feature",
      "properties": {
        "building_id": "nyc-building-43977",
        "object_id": 43977,
        "bin": "1001580",
        "base_bbl": "1001450007",
        "name": "NYC Building 1001580",
        "use": "feature_code_2100",
        "feature_code": 2100,
        "construction_year": 1926,
        "height_roof_ft": 47.9,
        "height_m": 14.59992,
        "ground_elevation_ft": 25,
        "geometry_source": "Photogrammetric",
        "last_edited_date": "2017-08-22 17:58:44+00:00"
      },
      "geometry": {
        "type": "MultiPolygon",
        "coordinates": [
          [
            [
              [
                -74.008192296462,
                40.715391144617
              ],
              [
                -74.008317054661,
                40.715234549506
              ],
              [
                -74.008335290523,
                40.715211659912
              ],
              [
                -74.008379735408,
                40.715232160408
              ],
              [
                -74.008492311801,
                40.715284087296
              ],
              [
                -74.008356185911,
                40.71545495111
              ],
              [
                -74.008349316824,
                40.715463572195
              ],
              [
                -74.008192296462,
                40.715391144617
              ]
            ]
          ]
        ]
      },
      "id": "nyc-building-43977"
    },
    {
      "type": "Feature",
      "properties": {
        "building_id": "nyc-building-440235",
        "object_id": 440235,
        "bin": "1001470",
        "base_bbl": "1001350021",
        "name": "NYC Building 1001470",
        "use": "feature_code_2100",
        "feature_code": 2100,
        "construction_year": 1915,
        "height_roof_ft": 53.31,
        "height_m": 16.248888,
        "ground_elevation_ft": 32,
        "geometry_source": "Photogrammetric",
        "last_edited_date": "2017-08-22 17:33:55+00:00"
      },
      "geometry": {
        "type": "MultiPolygon",
        "coordinates": [
          [
            [
              [
                -74.00732275685,
                40.714553660021
              ],
              [
                -74.007392049143,
                40.71446659423
              ],
              [
                -74.007464169355,
                40.714375974798
              ],
              [
                -74.007464325582,
                40.714376046829
              ],
              [
                -74.007471372339,
                40.714379293612
              ],
              [
                -74.007471719115,
                40.714379453881
              ],
              [
                -74.007541843506,
                40.714411765029
              ],
              [
                -74.007400431132,
                40.714589450347
              ],
              [
                -74.00732275685,
                40.714553660021
              ]
            ]
          ]
        ]
      },
      "id": "nyc-building-440235"
    },
    {
      "type": "Feature",
      "properties": {
        "building_id": "nyc-building-446769",
        "object_id": 446769,
        "bin": "1084418",
        "base_bbl": "1002480070",
        "name": "NYC Building 1084418",
        "use": "feature_code_2100",
        "feature_code": 2100,
        "construction_year": 1987,
        "height_roof_ft": 95.49,
        "height_m": 29.105352,
        "ground_elevation_ft": 11,
        "geometry_source": "Photogrammetric",
        "last_edited_date": "2017-08-22 18:33:50+00:00"
      },
      "geometry": {
        "type": "MultiPolygon",
        "coordinates": [
          [
            [
              [
                -73.990378393791,
                40.710767462029
              ],
              [
                -73.990378637578,
                40.710767429631
              ],
              [
                -73.990382313336,
                40.710783194283
              ],
              [
                -73.990427964793,
                40.710978992591
              ],
              [
                -73.990340263953,
                40.710990950357
              ],
              [
                -73.990345538828,
                40.711012658517
              ],
              [
                -73.990307019146,
                40.711018078158
              ],
              [
                -73.990303562061,
                40.711004119946
              ],
              [
                -73.990222532371,
                40.711013972789
              ],
              [
                -73.990224700052,
                40.711024297332
              ],
              [
                -73.990141251387,
                40.711034444379
              ],
              [
                -73.990136846277,
                40.711013467499
              ],
              [
                -73.990104081726,
                40.71101745125
              ],
              [
                -73.990069241918,
                40.71085154531
              ],
              [
                -73.990066361176,
                40.710837824876
              ],
              [
                -73.990047957642,
                40.710840062857
              ],
              [
                -73.990022224991,
                40.710717519093
              ],
              [
                -73.990036069925,
                40.710715835435
              ],
              [
                -73.990020972125,
                40.710643935527
              ],
              [
                -73.99010146767,
                40.710634147617
              ],
              [
                -73.990099482135,
                40.71062469208
              ],
              [
                -73.990180326756,
                40.71061486182
              ],
              [
                -73.990184930285,
                40.710614302095
              ],
              [
                -73.990189165093,
                40.7106344685
              ],
              [
                -73.990217654912,
                40.710631003956
              ],
              [
                -73.990249942955,
                40.710784765349
              ],
              [
                -73.990378393791,
                40.710767462029
              ]
            ]
          ]
        ]
      },
      "id": "nyc-building-446769"
    },
    {
      "type": "Feature",
      "properties": {
        "building_id": "nyc-building-450332",
        "object_id": 450332,
        "bin": "1001571",
        "base_bbl": "1001440032",
        "name": "NYC Building 1001571",
        "use": "feature_code_2100",
        "feature_code": 2100,
        "construction_year": 1920,
        "height_roof_ft": 29.13,
        "height_m": 8.878824,
        "ground_elevation_ft": 16,
        "geometry_source": "Photogrammetric",
        "last_edited_date": "2017-08-22 18:00:00+00:00"
      },
      "geometry": {
        "type": "MultiPolygon",
        "coordinates": [
          [
            [
              [
                -74.008408697056,
                40.716793102091
              ],
              [
                -74.008455975603,
                40.716733082318
              ],
              [
                -74.008534236493,
                40.716768771869
              ],
              [
                -74.008486957991,
                40.716828791674
              ],
              [
                -74.008408697056,
                40.716793102091
              ]
            ]
          ]
        ]
      },
      "id": "nyc-building-450332"
    },
    {
      "type": "Feature",
      "properties": {
        "building_id": "nyc-building-452903",
        "object_id": 452903,
        "bin": "1003803",
        "base_bbl": "1002940026",
        "name": "NYC Building 1003803",
        "use": "feature_code_2100",
        "feature_code": 2100,
        "construction_year": 1910,
        "height_roof_ft": 54.07,
        "height_m": 16.480536,
        "ground_elevation_ft": 39,
        "geometry_source": "Photogrammetric",
        "last_edited_date": "2017-08-22 18:15:47+00:00"
      },
      "geometry": {
        "type": "MultiPolygon",
        "coordinates": [
          [
            [
              [
                -73.991330834078,
                40.714624687387
              ],
              [
                -73.9913681669,
                40.714551159002
              ],
              [
                -73.991457620732,
                40.714544542417
              ],
              [
                -73.991431671203,
                40.714595653469
              ],
              [
                -73.991405748862,
                40.714646709585
              ],
              [
                -73.991330834078,
                40.714624687387
              ]
            ]
          ]
        ]
      },
      "id": "nyc-building-452903"
    },
    {
      "type": "Feature",
      "properties": {
        "building_id": "nyc-building-458587",
        "object_id": 458587,
        "bin": "1081973",
        "base_bbl": "1002790015",
        "name": "NYC Building 1081973",
        "use": "feature_code_2100",
        "feature_code": 2100,
        "construction_year": 1830,
        "height_roof_ft": 62.311534,
        "height_m": 18.992556,
        "ground_elevation_ft": 26,
        "geometry_source": "Photogrammetric",
        "last_edited_date": "2017-08-22 17:59:59+00:00"
      },
      "geometry": {
        "type": "MultiPolygon",
        "coordinates": [
          [
            [
              [
                -73.998204635799,
                40.712860644435
              ],
              [
                -73.998262725476,
                40.712850528987
              ],
              [
                -73.998307971871,
                40.713000974389
              ],
              [
                -73.998260641047,
                40.713046864612
              ],
              [
                -73.998204635799,
                40.712860644435
              ]
            ]
          ]
        ]
      },
      "id": "nyc-building-458587"
    },
    {
      "type": "Feature",
      "properties": {
        "building_id": "nyc-building-459823",
        "object_id": 459823,
        "bin": "1003941",
        "base_bbl": "1003040030",
        "name": "NYC Building 1003941",
        "use": "feature_code_2100",
        "feature_code": 2100,
        "construction_year": 1910,
        "height_roof_ft": 69.14,
        "height_m": 21.073872,
        "ground_elevation_ft": 38,
        "geometry_source": "Photogrammetric",
        "last_edited_date": "2017-08-22 17:33:36+00:00"
      },
      "geometry": {
        "type": "MultiPolygon",
        "coordinates": [
          [
            [
              [
                -73.994540722197,
                40.717602340766
              ],
              [
                -73.994534140241,
                40.717592151181
              ],
              [
                -73.994510575576,
                40.717585005413
              ],
              [
                -73.994506979422,
                40.71757783628
              ],
              [
                -73.994471836592,
                40.717567178861
              ],
              [
                -73.994451270437,
                40.717566866296
              ],
              [
                -73.994403886696,
                40.717552498164
              ],
              [
                -73.994393029763,
                40.717557554902
              ],
              [
                -73.994323014011,
                40.717536323745
              ],
              [
                -73.994357287428,
                40.717470892557
              ],
              [
                -73.994421638903,
                40.717490406146
              ],
              [
                -73.994430605565,
                40.717501487358
              ],
              [
                -73.994489478677,
                40.717519340103
              ],
              [
                -73.994490744082,
                40.717531081015
              ],
              [
                -73.994525886895,
                40.717541737527
              ],
              [
                -73.994534069336,
                40.717533086714
              ],
              [
                -73.994560828249,
                40.717541200678
              ],
              [
                -73.99457499425,
                40.717536908613
              ],
              [
                -73.994580596935,
                40.71753860814
              ],
              [
                -73.994642785103,
                40.717557465031
              ],
              [
                -73.994608513106,
                40.717622897204
              ],
              [
                -73.994540722197,
                40.717602340766
              ]
            ]
          ]
        ]
      },
      "id": "nyc-building-459823"
    },
    {
      "type": "Feature",
      "properties": {
        "building_id": "nyc-building-460330",
        "object_id": 460330,
        "bin": "1079162",
        "base_bbl": "1001370013",
        "name": "NYC Building 1079162",
        "use": "feature_code_2100",
        "feature_code": 2100,
        "construction_year": 1920,
        "height_roof_ft": 147,
        "height_m": 44.8056,
        "ground_elevation_ft": 14,
        "geometry_source": "Other (Manual)",
        "last_edited_date": "2017-08-22 19:42:14+00:00"
      },
      "geometry": {
        "type": "MultiPolygon",
        "coordinates": [
          [
            [
              [
                -74.010707709043,
                40.715721891878
              ],
              [
                -74.01064125332,
                40.715691949766
              ],
              [
                -74.010628891875,
                40.71570783231
              ],
              [
                -74.010624277093,
                40.715705752557
              ],
              [
                -74.010618453119,
                40.715713235436
              ],
              [
                -74.010550019683,
                40.715682401948
              ],
              [
                -74.010547716437,
                40.715681364772
              ],
              [
                -74.010581254587,
                40.715638268667
              ],
              [
                -74.010678302468,
                40.715513564223
              ],
              [
                -74.010679612324,
                40.715511881047
              ],
              [
                -74.010681014474,
                40.715510078996
              ],
              [
                -74.010682361386,
                40.715510685815
              ],
              [
                -74.0108310201,
                40.715577665396
              ],
              [
                -74.0108269308,
                40.71558292116
              ],
              [
                -74.010824905081,
                40.715585523825
              ],
              [
                -74.010783872419,
                40.715638249861
              ],
              [
                -74.010765569924,
                40.715661768405
              ],
              [
                -74.010724041385,
                40.715715132027
              ],
              [
                -74.010715843898,
                40.715711438896
              ],
              [
                -74.010707709043,
                40.715721891878
              ]
            ]
          ]
        ]
      },
      "id": "nyc-building-460330"
    },
    {
      "type": "Feature",
      "properties": {
        "building_id": "nyc-building-462046",
        "object_id": 462046,
        "bin": "1001715",
        "base_bbl": "1001620052",
        "name": "NYC Building 1001715",
        "use": "feature_code_2100",
        "feature_code": 2100,
        "construction_year": 1920,
        "height_roof_ft": 41.47,
        "height_m": 12.640056,
        "ground_elevation_ft": 40,
        "geometry_source": "Photogrammetric",
        "last_edited_date": "2017-08-22 18:15:59+00:00"
      },
      "geometry": {
        "type": "MultiPolygon",
        "coordinates": [
          [
            [
              [
                -73.997658871341,
                40.714707620697
              ],
              [
                -73.997705304753,
                40.714649045221
              ],
              [
                -73.997750206599,
                40.714592402192
              ],
              [
                -73.99778954107,
                40.71454278122
              ],
              [
                -73.997803664066,
                40.714524965789
              ],
              [
                -73.997834072331,
                40.714486605515
              ],
              [
                -73.997915835244,
                40.714517081201
              ],
              [
                -73.99782685694,
                40.714624271831
              ],
              [
                -73.997743051544,
                40.714725230059
              ],
              [
                -73.997658871341,
                40.714707620697
              ]
            ]
          ]
        ]
      },
      "id": "nyc-building-462046"
    },
    {
      "type": "Feature",
      "properties": {
        "building_id": "nyc-building-463205",
        "object_id": 463205,
        "bin": "1077460",
        "base_bbl": "1002790029",
        "name": "NYC Building 1077460",
        "use": "feature_code_2100",
        "feature_code": 2100,
        "construction_year": 1900,
        "height_roof_ft": 54.613638,
        "height_m": 16.646237,
        "ground_elevation_ft": 13,
        "geometry_source": "Photogrammetric",
        "last_edited_date": "2017-08-22 18:52:27+00:00"
      },
      "geometry": {
        "type": "MultiPolygon",
        "coordinates": [
          [
            [
              [
                -73.998546200362,
                40.712002095041
              ],
              [
                -73.998631377939,
                40.711992474125
              ],
              [
                -73.998656065063,
                40.71207152576
              ],
              [
                -73.998561821098,
                40.712082170463
              ],
              [
                -73.998546200362,
                40.712002095041
              ]
            ]
          ]
        ]
      },
      "id": "nyc-building-463205"
    },
    {
      "type": "Feature",
      "properties": {
        "building_id": "nyc-building-468215",
        "object_id": 468215,
        "bin": "1002178",
        "base_bbl": "1001910011",
        "name": "NYC Building 1002178",
        "use": "feature_code_2100",
        "feature_code": 2100,
        "construction_year": 1903,
        "height_roof_ft": 74.6,
        "height_m": 22.73808,
        "ground_elevation_ft": 8,
        "geometry_source": "Photogrammetric",
        "last_edited_date": "2020-01-28 17:16:17+00:00"
      },
      "geometry": {
        "type": "MultiPolygon",
        "coordinates": [
          [
            [
              [
                -74.005651553908,
                40.719552978334
              ],
              [
                -74.005709647698,
                40.719480740159
              ],
              [
                -74.005680601912,
                40.719467217738
              ],
              [
                -74.00576338913,
                40.719364273625
              ],
              [
                -74.005834547707,
                40.719397399802
              ],
              [
                -74.005884051015,
                40.719420445834
              ],
              [
                -74.005788062687,
                40.719539804292
              ],
              [
                -74.005852142275,
                40.719569636747
              ],
              [
                -74.005807248623,
                40.719625460732
              ],
              [
                -74.005717289321,
                40.719583580718
              ],
              [
                -74.005651553908,
                40.719552978334
              ]
            ]
          ]
        ]
      },
      "id": "nyc-building-468215"
    },
    {
      "type": "Feature",
      "properties": {
        "building_id": "nyc-building-47910",
        "object_id": 47910,
        "bin": "1087848",
        "base_bbl": "1000160230",
        "name": "NYC Building 1087848",
        "use": "feature_code_2100",
        "feature_code": 2100,
        "construction_year": 2008,
        "height_roof_ft": 230.13792,
        "height_m": 70.146038,
        "ground_elevation_ft": 16,
        "geometry_source": "Photogrammetric",
        "last_edited_date": "2017-08-22 19:04:29+00:00"
      },
      "geometry": {
        "type": "MultiPolygon",
        "coordinates": [
          [
            [
              [
                -74.014088925963,
                40.716692222006
              ],
              [
                -74.014155234353,
                40.716607172378
              ],
              [
                -74.014164182562,
                40.716611210967
              ],
              [
                -74.014188850865,
                40.7165795703
              ],
              [
                -74.014203281624,
                40.716586084613
              ],
              [
                -74.014285927177,
                40.716480080717
              ],
              [
                -74.014299515183,
                40.716486213307
              ],
              [
                -74.014424424807,
                40.716325997832
              ],
              [
                -74.014632394677,
                40.716419867796
              ],
              [
                -74.014638400395,
                40.716422578469
              ],
              [
                -74.014274428302,
                40.716889426215
              ],
              [
                -74.01427056518,
                40.716894381301
              ],
              [
                -74.014043000563,
                40.716791666468
              ],
              [
                -74.014049471458,
                40.716783366576
              ],
              [
                -74.014091175499,
                40.716729875669
              ],
              [
                -74.01407674472,
                40.716723362242
              ],
              [
                -74.014097874178,
                40.7166962606
              ],
              [
                -74.014088925963,
                40.716692222006
              ]
            ]
          ]
        ]
      },
      "id": "nyc-building-47910"
    },
    {
      "type": "Feature",
      "properties": {
        "building_id": "nyc-building-479538",
        "object_id": 479538,
        "bin": "1001356",
        "base_bbl": "1001010002",
        "name": "NYC Building 1001356",
        "use": "feature_code_2100",
        "feature_code": 2100,
        "construction_year": 1900,
        "height_roof_ft": 231.81,
        "height_m": 70.655688,
        "ground_elevation_ft": 40,
        "geometry_source": "Photogrammetric",
        "last_edited_date": "2017-08-22 17:45:21+00:00"
      },
      "geometry": {
        "type": "MultiPolygon",
        "coordinates": [
          [
            [
              [
                -74.006224095527,
                40.71150379928
              ],
              [
                -74.006362083102,
                40.711634634168
              ],
              [
                -74.006454183216,
                40.711721959686
              ],
              [
                -74.006102113853,
                40.71180812897
              ],
              [
                -74.005982165735,
                40.711694586248
              ],
              [
                -74.005970530501,
                40.711683572704
              ],
              [
                -74.006224095527,
                40.71150379928
              ]
            ]
          ]
        ]
      },
      "id": "nyc-building-479538"
    },
    {
      "type": "Feature",
      "properties": {
        "building_id": "nyc-building-481278",
        "object_id": 481278,
        "bin": "1001502",
        "base_bbl": "1001400004",
        "name": "NYC Building 1001502",
        "use": "feature_code_2100",
        "feature_code": 2100,
        "construction_year": 1915,
        "height_roof_ft": 67.11,
        "height_m": 20.455128,
        "ground_elevation_ft": 20,
        "geometry_source": "Photogrammetric",
        "last_edited_date": "2017-08-22 18:15:11+00:00"
      },
      "geometry": {
        "type": "MultiPolygon",
        "coordinates": [
          [
            [
              [
                -74.009487412467,
                40.715957249176
              ],
              [
                -74.009615627003,
                40.715793423087
              ],
              [
                -74.009702469487,
                40.715832771705
              ],
              [
                -74.009701583212,
                40.715833905523
              ],
              [
                -74.009691792768,
                40.715846414437
              ],
              [
                -74.009590298046,
                40.715976099137
              ],
              [
                -74.009562165476,
                40.71601204535
              ],
              [
                -74.009475322841,
                40.715972696626
              ],
              [
                -74.009487412467,
                40.715957249176
              ]
            ]
          ]
        ]
      },
      "id": "nyc-building-481278"
    },
    {
      "type": "Feature",
      "properties": {
        "building_id": "nyc-building-481377",
        "object_id": 481377,
        "bin": "1082530",
        "base_bbl": "1004180058",
        "name": "NYC Building 1082530",
        "use": "feature_code_2100",
        "feature_code": 2100,
        "construction_year": 1900,
        "height_roof_ft": 27.94,
        "height_m": 8.516112,
        "ground_elevation_ft": 38,
        "geometry_source": "Photogrammetric",
        "last_edited_date": "2017-08-22 19:33:59+00:00"
      },
      "geometry": {
        "type": "MultiPolygon",
        "coordinates": [
          [
            [
              [
                -73.992757683541,
                40.718130297103
              ],
              [
                -73.992846641456,
                40.717957700084
              ],
              [
                -73.992886778613,
                40.717969675753
              ],
              [
                -73.99293113259,
                40.717982909679
              ],
              [
                -73.992886102732,
                40.718070277102
              ],
              [
                -73.99284217486,
                40.718155507664
              ],
              [
                -73.992757683541,
                40.718130297103
              ]
            ]
          ]
        ]
      },
      "id": "nyc-building-481377"
    },
    {
      "type": "Feature",
      "properties": {
        "building_id": "nyc-building-482546",
        "object_id": 482546,
        "bin": "1085815",
        "base_bbl": "1000160205",
        "name": "NYC Building 1085815",
        "use": "feature_code_2100",
        "feature_code": 2100,
        "construction_year": 1998,
        "height_roof_ft": 150.924173,
        "height_m": 46.001688,
        "ground_elevation_ft": 16,
        "geometry_source": "Photogrammetric",
        "last_edited_date": "2017-08-22 17:45:21+00:00"
      },
      "geometry": {
        "type": "MultiPolygon",
        "coordinates": [
          [
            [
              [
                -74.014888962691,
                40.717367746241
              ],
              [
                -74.014823218747,
                40.717451557108
              ],
              [
                -74.014769481691,
                40.717520060424
              ],
              [
                -74.014659132712,
                40.717469947629
              ],
              [
                -74.0145317768,
                40.717632300553
              ],
              [
                -74.014643773592,
                40.717683161584
              ],
              [
                -74.014525996464,
                40.71783330236
              ],
              [
                -74.014272051724,
                40.717717978773
              ],
              [
                -74.014215343232,
                40.717692225796
              ],
              [
                -74.014213976121,
                40.717691605513
              ],
              [
                -74.014275293509,
                40.717613439043
              ],
              [
                -74.0145785902,
                40.717226797583
              ],
              [
                -74.014580249664,
                40.7172275502
              ],
              [
                -74.014888962691,
                40.717367746241
              ]
            ]
          ]
        ]
      },
      "id": "nyc-building-482546"
    },
    {
      "type": "Feature",
      "properties": {
        "building_id": "nyc-building-482866",
        "object_id": 482866,
        "bin": "1005593",
        "base_bbl": "1004190069",
        "name": "NYC Building 1005593",
        "use": "feature_code_2100",
        "feature_code": 2100,
        "construction_year": 1900,
        "height_roof_ft": 56.7,
        "height_m": 17.28216,
        "ground_elevation_ft": 39,
        "geometry_source": "Photogrammetric",
        "last_edited_date": "2017-08-22 17:59:09+00:00"
      },
      "geometry": {
        "type": "MultiPolygon",
        "coordinates": [
          [
            [
              [
                -73.991668799925,
                40.718940210685
              ],
              [
                -73.99170112601,
                40.718876112913
              ],
              [
                -73.991782069779,
                40.718899743599
              ],
              [
                -73.991862238405,
                40.718923149044
              ],
              [
                -73.991829912453,
                40.718987247761
              ],
              [
                -73.991668799925,
                40.718940210685
              ]
            ]
          ]
        ]
      },
      "id": "nyc-building-482866"
    },
    {
      "type": "Feature",
      "properties": {
        "building_id": "nyc-building-49203",
        "object_id": 49203,
        "bin": "1002136",
        "base_bbl": "1001890017",
        "name": "NYC Building 1002136",
        "use": "feature_code_2100",
        "feature_code": 2100,
        "construction_year": 1887,
        "height_roof_ft": 75,
        "height_m": 22.86,
        "ground_elevation_ft": 15,
        "geometry_source": "Other (Manual)",
        "last_edited_date": "2020-01-28 17:16:07+00:00"
      },
      "geometry": {
        "type": "MultiPolygon",
        "coordinates": [
          [
            [
              [
                -74.008239019751,
                40.719595140751
              ],
              [
                -74.008243538832,
                40.71956830253
              ],
              [
                -74.00821888845,
                40.719556394148
              ],
              [
                -74.008222797284,
                40.71953333361
              ],
              [
                -74.008329560775,
                40.719543741231
              ],
              [
                -74.0083691065,
                40.719547596147
              ],
              [
                -74.008439633586,
                40.719554471794
              ],
              [
                -74.008495317423,
                40.719559899573
              ],
              [
                -74.008491299895,
                40.719583756179
              ],
              [
                -74.008485339237,
                40.719619152963
              ],
              [
                -74.008321898709,
                40.719603220468
              ],
              [
                -74.008316382045,
                40.719602682361
              ],
              [
                -74.008239019751,
                40.719595140751
              ]
            ]
          ]
        ]
      },
      "id": "nyc-building-49203"
    },
    {
      "type": "Feature",
      "properties": {
        "building_id": "nyc-building-492736",
        "object_id": 492736,
        "bin": "1083714",
        "base_bbl": "1001640062",
        "name": "NYC Building 1083714",
        "use": "feature_code_2100",
        "feature_code": 2100,
        "construction_year": 1900,
        "height_roof_ft": 48.603231,
        "height_m": 14.814265,
        "ground_elevation_ft": 21,
        "geometry_source": "Photogrammetric",
        "last_edited_date": "2017-08-22 17:33:05+00:00"
      },
      "geometry": {
        "type": "MultiPolygon",
        "coordinates": [
          [
            [
              [
                -73.999344053115,
                40.714218492461
              ],
              [
                -73.99946615288,
                40.714213543883
              ],
              [
                -73.999502101956,
                40.714212087017
              ],
              [
                -73.999507209273,
                40.714285045506
              ],
              [
                -73.999426429091,
                40.71428831939
              ],
              [
                -73.999349159077,
                40.714291450957
              ],
              [
                -73.999344053115,
                40.714218492461
              ]
            ]
          ]
        ]
      },
      "id": "nyc-building-492736"
    },
    {
      "type": "Feature",
      "properties": {
        "building_id": "nyc-building-493087",
        "object_id": 493087,
        "bin": "1003913",
        "base_bbl": "1003030022",
        "name": "NYC Building 1003913",
        "use": "feature_code_2100",
        "feature_code": 2100,
        "construction_year": 1940,
        "height_roof_ft": 16.84,
        "height_m": 5.132832,
        "ground_elevation_ft": 39,
        "geometry_source": "Photogrammetric",
        "last_edited_date": "2025-08-18 20:06:03+00:00"
      },
      "geometry": {
        "type": "MultiPolygon",
        "coordinates": [
          [
            [
              [
                -73.994710478171,
                40.716768212773
              ],
              [
                -73.994850652787,
                40.716810078445
              ],
              [
                -73.994942538846,
                40.716837521965
              ],
              [
                -73.994953186698,
                40.716840702134
              ],
              [
                -73.994995011216,
                40.716853193136
              ],
              [
                -73.994962404128,
                40.716916294972
              ],
              [
                -73.994677997498,
                40.716831231688
              ],
              [
                -73.994710478171,
                40.716768212773
              ]
            ]
          ]
        ]
      },
      "id": "nyc-building-493087"
    },
    {
      "type": "Feature",
      "properties": {
        "building_id": "nyc-building-495173",
        "object_id": 495173,
        "bin": "1077444",
        "base_bbl": "1001630025",
        "name": "NYC Building 1077444",
        "use": "feature_code_2100",
        "feature_code": 2100,
        "construction_year": 1910,
        "height_roof_ft": 40.926934,
        "height_m": 12.474529,
        "ground_elevation_ft": 33,
        "geometry_source": "Photogrammetric",
        "last_edited_date": "2009-02-14 00:00:00+00:00"
      },
      "geometry": {
        "type": "MultiPolygon",
        "coordinates": [
          [
            [
              [
                -73.997994442355,
                40.715083906243
              ],
              [
                -73.998070418903,
                40.715111890903
              ],
              [
                -73.998061001481,
                40.715126692436
              ],
              [
                -73.998031959766,
                40.715172341521
              ],
              [
                -73.997955984349,
                40.715144357736
              ],
              [
                -73.997994442355,
                40.715083906243
              ]
            ]
          ]
        ]
      },
      "id": "nyc-building-495173"
    },
    {
      "type": "Feature",
      "properties": {
        "building_id": "nyc-building-497506",
        "object_id": 497506,
        "bin": "1003310",
        "base_bbl": "1002760032",
        "name": "NYC Building 1003310",
        "use": "feature_code_2100",
        "feature_code": 2100,
        "construction_year": 1900,
        "height_roof_ft": 62.36,
        "height_m": 19.007328,
        "ground_elevation_ft": 28,
        "geometry_source": "Photogrammetric",
        "last_edited_date": "2017-08-22 18:51:24+00:00"
      },
      "geometry": {
        "type": "MultiPolygon",
        "coordinates": [
          [
            [
              [
                -73.994846897101,
                40.712127598526
              ],
              [
                -73.994854479747,
                40.71212247856
              ],
              [
                -73.994847145227,
                40.712071451686
              ],
              [
                -73.994866584394,
                40.712069833435
              ],
              [
                -73.994862917722,
                40.712044321799
              ],
              [
                -73.994843478562,
                40.712045939148
              ],
              [
                -73.99483970545,
                40.712019682784
              ],
              [
                -73.994830349808,
                40.712012471074
              ],
              [
                -73.994821527368,
                40.711951091857
              ],
              [
                -73.994848811503,
                40.711948821092
              ],
              [
                -73.994904780956,
                40.711944163438
              ],
              [
                -73.99491495496,
                40.711943316507
              ],
              [
                -73.994921644891,
                40.711989861507
              ],
              [
                -73.994921785644,
                40.711990844871
              ],
              [
                -73.994923776302,
                40.712004695716
              ],
              [
                -73.994916052579,
                40.712013329474
              ],
              [
                -73.994919825721,
                40.712039585835
              ],
              [
                -73.99490845643,
                40.71204053177
              ],
              [
                -73.994912123119,
                40.712066044305
              ],
              [
                -73.994923493598,
                40.712065097469
              ],
              [
                -73.994930826993,
                40.712116124339
              ],
              [
                -73.994940323755,
                40.712119823155
              ],
              [
                -73.99494910966,
                40.712180948415
              ],
              [
                -73.994937258684,
                40.712181934855
              ],
              [
                -73.994855682921,
                40.712188723793
              ],
              [
                -73.994846897101,
                40.712127598526
              ]
            ]
          ]
        ]
      },
      "id": "nyc-building-497506"
    },
    {
      "type": "Feature",
      "properties": {
        "building_id": "nyc-building-50040",
        "object_id": 50040,
        "bin": "1087484",
        "base_bbl": "1000700001",
        "name": "NYC Building 1087484",
        "use": "feature_code_2100",
        "feature_code": 2100,
        "construction_year": 1958,
        "height_roof_ft": 227.97,
        "height_m": 69.485256,
        "ground_elevation_ft": 8,
        "geometry_source": "Photogrammetric",
        "last_edited_date": "2017-08-22 19:19:38+00:00"
      },
      "geometry": {
        "type": "MultiPolygon",
        "coordinates": [
          [
            [
              [
                -74.005838284429,
                40.706448397258
              ],
              [
                -74.006053610057,
                40.706299951214
              ],
              [
                -74.006617024343,
                40.70672358204
              ],
              [
                -74.006622264548,
                40.706727521476
              ],
              [
                -74.006654896317,
                40.706752057631
              ],
              [
                -74.006655195724,
                40.706752282742
              ],
              [
                -74.006457127612,
                40.706935445453
              ],
              [
                -74.006456256752,
                40.706936250559
              ],
              [
                -74.00645468989,
                40.706935013344
              ],
              [
                -74.006223145222,
                40.706752223173
              ],
              [
                -74.005838284429,
                40.706448397258
              ]
            ]
          ]
        ]
      },
      "id": "nyc-building-50040"
    },
    {
      "type": "Feature",
      "properties": {
        "building_id": "nyc-building-506874",
        "object_id": 506874,
        "bin": "1000820",
        "base_bbl": "1000240036",
        "name": "NYC Building 1000820",
        "use": "feature_code_2100",
        "feature_code": 2100,
        "construction_year": 1913,
        "height_roof_ft": 256.94,
        "height_m": 78.315312,
        "ground_elevation_ft": 14,
        "geometry_source": "Photogrammetric",
        "last_edited_date": "2017-08-22 17:32:54+00:00"
      },
      "geometry": {
        "type": "MultiPolygon",
        "coordinates": [
          [
            [
              [
                -74.011546174261,
                40.705856691121
              ],
              [
                -74.011557427582,
                40.705781275748
              ],
              [
                -74.011566282713,
                40.705721927541
              ],
              [
                -74.011573914519,
                40.705670780416
              ],
              [
                -74.011578790028,
                40.705638104862
              ],
              [
                -74.011698711864,
                40.705636661821
              ],
              [
                -74.011957981995,
                40.705633541915
              ],
              [
                -74.012002861563,
                40.705633001439
              ],
              [
                -74.012242459454,
                40.705658005019
              ],
              [
                -74.012196294765,
                40.70575541466
              ],
              [
                -74.012055726808,
                40.705740745729
              ],
              [
                -74.01193442015,
                40.705728086373
              ],
              [
                -74.011941841457,
                40.705850953207
              ],
              [
                -74.011943391471,
                40.705876605019
              ],
              [
                -74.011718099186,
                40.705884849851
              ],
              [
                -74.011626369033,
                40.705869826014
              ],
              [
                -74.011546174261,
                40.705856691121
              ]
            ]
          ]
        ]
      },
      "id": "nyc-building-506874"
    },
    {
      "type": "Feature",
      "properties": {
        "building_id": "nyc-building-512945",
        "object_id": 512945,
        "bin": "1005574",
        "base_bbl": "1004180048",
        "name": "NYC Building 1005574",
        "use": "feature_code_2100",
        "feature_code": 2100,
        "construction_year": 1900,
        "height_roof_ft": 57.17,
        "height_m": 17.425416,
        "ground_elevation_ft": 40,
        "geometry_source": "Photogrammetric",
        "last_edited_date": "2017-08-22 19:12:11+00:00"
      },
      "geometry": {
        "type": "MultiPolygon",
        "coordinates": [
          [
            [
              [
                -73.992370252357,
                40.718220979572
              ],
              [
                -73.992306080633,
                40.718201832259
              ],
              [
                -73.992296138055,
                40.718198865314
              ],
              [
                -73.992152391504,
                40.718155974217
              ],
              [
                -73.992081890563,
                40.718134937978
              ],
              [
                -73.992120063714,
                40.71806087724
              ],
              [
                -73.99214832595,
                40.718006043506
              ],
              [
                -73.992229221421,
                40.718030180863
              ],
              [
                -73.992282698882,
                40.718046137897
              ],
              [
                -73.992335863926,
                40.718062001231
              ],
              [
                -73.992396686225,
                40.718080149642
              ],
              [
                -73.992483457946,
                40.718106039601
              ],
              [
                -73.99248842509,
                40.718107522164
              ],
              [
                -73.992453525527,
                40.718175232841
              ],
              [
                -73.992436476031,
                40.718170145642
              ],
              [
                -73.99240494075,
                40.718231329627
              ],
              [
                -73.992370252357,
                40.718220979572
              ]
            ]
          ]
        ]
      },
      "id": "nyc-building-512945"
    },
    {
      "type": "Feature",
      "properties": {
        "building_id": "nyc-building-513771",
        "object_id": 513771,
        "bin": "1001826",
        "base_bbl": "1001640058",
        "name": "NYC Building 1001826",
        "use": "feature_code_2100",
        "feature_code": 2100,
        "construction_year": 1900,
        "height_roof_ft": 37.038191,
        "height_m": 11.289241,
        "ground_elevation_ft": 26,
        "geometry_source": "Photogrammetric",
        "last_edited_date": "2017-08-22 17:32:45+00:00"
      },
      "geometry": {
        "type": "MultiPolygon",
        "coordinates": [
          [
            [
              [
                -73.999140933884,
                40.713879114794
              ],
              [
                -73.999140228601,
                40.713874334878
              ],
              [
                -73.999136801591,
                40.713851133196
              ],
              [
                -73.999280874471,
                40.713917263181
              ],
              [
                -73.99915937855,
                40.713942243426
              ],
              [
                -73.999150527396,
                40.713944063293
              ],
              [
                -73.999140933884,
                40.713879114794
              ]
            ]
          ]
        ]
      },
      "id": "nyc-building-513771"
    },
    {
      "type": "Feature",
      "properties": {
        "building_id": "nyc-building-518225",
        "object_id": 518225,
        "bin": "1002667",
        "base_bbl": "1002070014",
        "name": "NYC Building 1002667",
        "use": "feature_code_2100",
        "feature_code": 2100,
        "construction_year": 1900,
        "height_roof_ft": 51.08,
        "height_m": 15.569184,
        "ground_elevation_ft": 20,
        "geometry_source": "Photogrammetric",
        "last_edited_date": "2017-08-22 17:32:54+00:00"
      },
      "geometry": {
        "type": "MultiPolygon",
        "coordinates": [
          [
            [
              [
                -73.999024302517,
                40.718328258233
              ],
              [
                -73.999010327321,
                40.718323350334
              ],
              [
                -73.998945816337,
                40.71830069473
              ],
              [
                -73.998995547633,
                40.718218715435
              ],
              [
                -73.99905960171,
                40.718241210717
              ],
              [
                -73.999160425928,
                40.718276619551
              ],
              [
                -73.999110694791,
                40.718358598017
              ],
              [
                -73.999024302517,
                40.718328258233
              ]
            ]
          ]
        ]
      },
      "id": "nyc-building-518225"
    },
    {
      "type": "Feature",
      "properties": {
        "building_id": "nyc-building-518676",
        "object_id": 518676,
        "bin": "1086052",
        "base_bbl": "1000970144",
        "name": "NYC Building 1086052",
        "use": "feature_code_2100",
        "feature_code": 2100,
        "construction_year": 1988,
        "height_roof_ft": 41.68,
        "height_m": 12.704064,
        "ground_elevation_ft": 7,
        "geometry_source": "Photogrammetric",
        "last_edited_date": "2017-08-22 17:45:10+00:00"
      },
      "geometry": {
        "type": "MultiPolygon",
        "coordinates": [
          [
            [
              [
                -74.002724670403,
                40.707483232316
              ],
              [
                -74.002706062423,
                40.70745895767
              ],
              [
                -74.002696596311,
                40.70744661008
              ],
              [
                -74.002713547482,
                40.707439085008
              ],
              [
                -74.002778202111,
                40.707410383265
              ],
              [
                -74.002817147113,
                40.707461996029
              ],
              [
                -74.002736003952,
                40.707498017543
              ],
              [
                -74.002724670403,
                40.707483232316
              ]
            ]
          ]
        ]
      },
      "id": "nyc-building-518676"
    },
    {
      "type": "Feature",
      "properties": {
        "building_id": "nyc-building-51924",
        "object_id": 51924,
        "bin": "1001448",
        "base_bbl": "1001340006",
        "name": "NYC Building 1001448",
        "use": "feature_code_2100",
        "feature_code": 2100,
        "construction_year": 1915,
        "height_roof_ft": 86.57,
        "height_m": 26.386536,
        "ground_elevation_ft": 33,
        "geometry_source": "Photogrammetric",
        "last_edited_date": "2017-08-22 18:26:34+00:00"
      },
      "geometry": {
        "type": "MultiPolygon",
        "coordinates": [
          [
            [
              [
                -74.0079851311,
                40.713839646139
              ],
              [
                -74.008172223837,
                40.713600863506
              ],
              [
                -74.008244764446,
                40.713633771096
              ],
              [
                -74.008198929174,
                40.713692270643
              ],
              [
                -74.008057670693,
                40.713872554747
              ],
              [
                -74.007992136397,
                40.713842824455
              ],
              [
                -74.0079851311,
                40.713839646139
              ]
            ]
          ]
        ]
      },
      "id": "nyc-building-51924"
    },
    {
      "type": "Feature",
      "properties": {
        "building_id": "nyc-building-521251",
        "object_id": 521251,
        "bin": "1079576",
        "base_bbl": "1002350005",
        "name": "NYC Building 1079576",
        "use": "feature_code_2100",
        "feature_code": 2100,
        "construction_year": 1915,
        "height_roof_ft": 51.46,
        "height_m": 15.685008,
        "ground_elevation_ft": 20,
        "geometry_source": "Photogrammetric",
        "last_edited_date": "2017-08-22 19:31:12+00:00"
      },
      "geometry": {
        "type": "MultiPolygon",
        "coordinates": [
          [
            [
              [
                -73.998565499221,
                40.718912373797
              ],
              [
                -73.998604883323,
                40.718846145369
              ],
              [
                -73.998754651241,
                40.718903524881
              ],
              [
                -73.998765041576,
                40.718907505247
              ],
              [
                -73.998722110511,
                40.71897237482
              ],
              [
                -73.99871318303,
                40.718968954584
              ],
              [
                -73.998565499221,
                40.718912373797
              ]
            ]
          ]
        ]
      },
      "id": "nyc-building-521251"
    },
    {
      "type": "Feature",
      "properties": {
        "building_id": "nyc-building-522005",
        "object_id": 522005,
        "bin": "1003276",
        "base_bbl": "1002740044",
        "name": "NYC Building 1003276",
        "use": "feature_code_2100",
        "feature_code": 2100,
        "construction_year": 1910,
        "height_roof_ft": 67.66,
        "height_m": 20.622768,
        "ground_elevation_ft": 26,
        "geometry_source": "Photogrammetric",
        "last_edited_date": "2017-08-22 17:43:20+00:00"
      },
      "geometry": {
        "type": "MultiPolygon",
        "coordinates": [
          [
            [
              [
                -73.993906078351,
                40.711785750182
              ],
              [
                -73.993946961309,
                40.711782279968
              ],
              [
                -73.994167808025,
                40.711763535523
              ],
              [
                -73.994176781332,
                40.711824750005
              ],
              [
                -73.994177921476,
                40.711832525974
              ],
              [
                -73.994100400504,
                40.711839105664
              ],
              [
                -73.994096005542,
                40.711809130133
              ],
              [
                -73.994095208394,
                40.711803694609
              ],
              [
                -73.994076562185,
                40.711805276749
              ],
              [
                -73.993995332346,
                40.711812171357
              ],
              [
                -73.99400052322,
                40.711847582417
              ],
              [
                -73.993916190351,
                40.711854740656
              ],
              [
                -73.993906078351,
                40.711785750182
              ]
            ]
          ]
        ]
      },
      "id": "nyc-building-522005"
    },
    {
      "type": "Feature",
      "properties": {
        "building_id": "nyc-building-523761",
        "object_id": 523761,
        "bin": "1082011",
        "base_bbl": "1000960005",
        "name": "NYC Building 1082011",
        "use": "feature_code_2100",
        "feature_code": 2100,
        "construction_year": 1983,
        "height_roof_ft": 60.59,
        "height_m": 18.467832,
        "ground_elevation_ft": 8,
        "geometry_source": "Photogrammetric",
        "last_edited_date": "2017-08-22 18:48:36+00:00"
      },
      "geometry": {
        "type": "MultiPolygon",
        "coordinates": [
          [
            [
              [
                -74.003161356246,
                40.70733704923
              ],
              [
                -74.003281015752,
                40.707277456337
              ],
              [
                -74.003290578922,
                40.707288575579
              ],
              [
                -74.003365265485,
                40.707375422341
              ],
              [
                -74.003418169028,
                40.707436939217
              ],
              [
                -74.003298320065,
                40.707497403051
              ],
              [
                -74.003214368465,
                40.70739911551
              ],
              [
                -74.003161356246,
                40.70733704923
              ]
            ]
          ]
        ]
      },
      "id": "nyc-building-523761"
    },
    {
      "type": "Feature",
      "properties": {
        "building_id": "nyc-building-52633",
        "object_id": 52633,
        "bin": "1001039",
        "base_bbl": "1000520030",
        "name": "NYC Building 1001039",
        "use": "feature_code_2100",
        "feature_code": 2100,
        "construction_year": 1900,
        "height_roof_ft": 32,
        "height_m": 9.7536,
        "ground_elevation_ft": 21,
        "geometry_source": "Other (Manual)",
        "last_edited_date": "2018-12-07 18:34:05+00:00"
      },
      "geometry": {
        "type": "MultiPolygon",
        "coordinates": [
          [
            [
              [
                -74.011932420929,
                40.709558165897
              ],
              [
                -74.0120255972,
                40.709420176277
              ],
              [
                -74.012030530593,
                40.709412869914
              ],
              [
                -74.012076125287,
                40.709432942936
              ],
              [
                -74.011994881507,
                40.709539800684
              ],
              [
                -74.011968756141,
                40.709574162407
              ],
              [
                -74.011932420929,
                40.709558165897
              ]
            ]
          ]
        ]
      },
      "id": "nyc-building-52633"
    },
    {
      "type": "Feature",
      "properties": {
        "building_id": "nyc-building-530512",
        "object_id": 530512,
        "bin": "1003266",
        "base_bbl": "1002740003",
        "name": "NYC Building 1003266",
        "use": "feature_code_2100",
        "feature_code": 2100,
        "construction_year": 1900,
        "height_roof_ft": 58,
        "height_m": 17.6784,
        "ground_elevation_ft": 27,
        "geometry_source": "Photogrammetric",
        "last_edited_date": "2017-08-22 19:09:16+00:00"
      },
      "geometry": {
        "type": "MultiPolygon",
        "coordinates": [
          [
            [
              [
                -73.993606629889,
                40.711923638183
              ],
              [
                -73.993613974011,
                40.711913752782
              ],
              [
                -73.993611709225,
                40.711898303492
              ],
              [
                -73.993610662575,
                40.711891161482
              ],
              [
                -73.993622036595,
                40.711890196765
              ],
              [
                -73.99361685065,
                40.711854810903
              ],
              [
                -73.993605476636,
                40.71185577562
              ],
              [
                -73.993598177303,
                40.711805978764
              ],
              [
                -73.993589492064,
                40.711806715799
              ],
              [
                -73.993583161337,
                40.711763527845
              ],
              [
                -73.993580395121,
                40.711744652982
              ],
              [
                -73.993668403636,
                40.711737183614
              ],
              [
                -73.993672963972,
                40.711768299218
              ],
              [
                -73.993677357557,
                40.711798272063
              ],
              [
                -73.993668322343,
                40.711808132161
              ],
              [
                -73.993674892027,
                40.711852950948
              ],
              [
                -73.99366731803,
                40.711853593497
              ],
              [
                -73.99367233843,
                40.711887843803
              ],
              [
                -73.993672446052,
                40.711888579527
              ],
              [
                -73.993680020052,
                40.711887936978
              ],
              [
                -73.993682945962,
                40.711907898763
              ],
              [
                -73.993694429305,
                40.711914743275
              ],
              [
                -73.993703706143,
                40.711978025382
              ],
              [
                -73.993615697314,
                40.711985494777
              ],
              [
                -73.993606629889,
                40.711923638183
              ]
            ]
          ]
        ]
      },
      "id": "nyc-building-530512"
    },
    {
      "type": "Feature",
      "properties": {
        "building_id": "nyc-building-54025",
        "object_id": 54025,
        "bin": "1001406",
        "base_bbl": "1001240016",
        "name": "NYC Building 1001406",
        "use": "feature_code_2100",
        "feature_code": 2100,
        "construction_year": 1920,
        "height_roof_ft": 92,
        "height_m": 28.0416,
        "ground_elevation_ft": 32,
        "geometry_source": "Other (Manual)",
        "last_edited_date": "2017-08-22 17:40:23+00:00"
      },
      "geometry": {
        "type": "MultiPolygon",
        "coordinates": [
          [
            [
              [
                -74.008503600442,
                40.713312979549
              ],
              [
                -74.008529158608,
                40.713324620361
              ],
              [
                -74.008583569895,
                40.713349403773
              ],
              [
                -74.008438643778,
                40.713533630162
              ],
              [
                -74.00839417282,
                40.713513374626
              ],
              [
                -74.008358675368,
                40.713497205838
              ],
              [
                -74.008366347676,
                40.713487453651
              ],
              [
                -74.008503600442,
                40.713312979549
              ]
            ]
          ]
        ]
      },
      "id": "nyc-building-54025"
    },
    {
      "type": "Feature",
      "properties": {
        "building_id": "nyc-building-541429",
        "object_id": 541429,
        "bin": "1001137",
        "base_bbl": "1000710025",
        "name": "NYC Building 1001137",
        "use": "feature_code_2100",
        "feature_code": 2100,
        "construction_year": 1983,
        "height_roof_ft": 407,
        "height_m": 124.0536,
        "ground_elevation_ft": 6,
        "geometry_source": "Other (Manual)",
        "last_edited_date": "2017-08-22 18:23:56+00:00"
      },
      "geometry": {
        "type": "MultiPolygon",
        "coordinates": [
          [
            [
              [
                -74.005244657298,
                40.706094939051
              ],
              [
                -74.005255436798,
                40.706087427393
              ],
              [
                -74.005430265986,
                40.706232709608
              ],
              [
                -74.005425691501,
                40.706235896734
              ],
              [
                -74.00541909009,
                40.706240497759
              ],
              [
                -74.005399173441,
                40.706254377379
              ],
              [
                -74.005404650368,
                40.706260357419
              ],
              [
                -74.005409504891,
                40.70626664096
              ],
              [
                -74.005413708605,
                40.706273190183
              ],
              [
                -74.005417236658,
                40.706279966366
              ],
              [
                -74.005420067746,
                40.706286928988
              ],
              [
                -74.005422186482,
                40.706294037526
              ],
              [
                -74.005423578664,
                40.706301248757
              ],
              [
                -74.005424236004,
                40.706308520357
              ],
              [
                -74.00542415613,
                40.7063158082
              ],
              [
                -74.005423337858,
                40.706323070864
              ],
              [
                -74.005421787098,
                40.706330263323
              ],
              [
                -74.005419513315,
                40.706337343252
              ],
              [
                -74.005416528338,
                40.706344269226
              ],
              [
                -74.005412852279,
                40.706350998922
              ],
              [
                -74.005408505253,
                40.706357493616
              ],
              [
                -74.005403513289,
                40.706363713683
              ],
              [
                -74.005397905967,
                40.706369622202
              ],
              [
                -74.0053917176,
                40.706375185853
              ],
              [
                -74.005384983687,
                40.706380368612
              ],
              [
                -74.005416803221,
                40.706406809739
              ],
              [
                -74.00505033558,
                40.706662198864
              ],
              [
                -74.004993733128,
                40.706615163117
              ],
              [
                -74.004894192057,
                40.706532443707
              ],
              [
                -74.004870333432,
                40.706512617257
              ],
              [
                -74.004903226025,
                40.70648969424
              ],
              [
                -74.004897931386,
                40.706484105891
              ],
              [
                -74.004893252057,
                40.706478206839
              ],
              [
                -74.004889221176,
                40.706472036706
              ],
              [
                -74.004885863594,
                40.706465637814
              ],
              [
                -74.004883202981,
                40.706459051585
              ],
              [
                -74.004881257091,
                40.706452322145
              ],
              [
                -74.004880037759,
                40.706445494519
              ],
              [
                -74.004879554456,
                40.706438614631
              ],
              [
                -74.004879809551,
                40.706431726608
              ],
              [
                -74.004880801865,
                40.706424878176
              ],
              [
                -74.004882523116,
                40.70641811346
              ],
              [
                -74.004884965024,
                40.706411478388
              ],
              [
                -74.00488810866,
                40.706405017084
              ],
              [
                -74.00489193391,
                40.706398771874
              ],
              [
                -74.004896415926,
                40.706392784182
              ],
              [
                -74.004901523945,
                40.706387095434
              ],
              [
                -74.004907223654,
                40.70638174255
              ],
              [
                -74.00491347837,
                40.706376759753
              ],
              [
                -74.004920246681,
                40.706372183064
              ],
              [
                -74.004927481255,
                40.706368040401
              ],
              [
                -74.004893407553,
                40.70633972437
              ],
              [
                -74.005244657298,
                40.706094939051
              ]
            ]
          ]
        ]
      },
      "id": "nyc-building-541429"
    },
    {
      "type": "Feature",
      "properties": {
        "building_id": "nyc-building-542527",
        "object_id": 542527,
        "bin": "1085521",
        "base_bbl": "1001400005",
        "name": "NYC Building 1085521",
        "use": "feature_code_2100",
        "feature_code": 2100,
        "construction_year": 1997,
        "height_roof_ft": 104.6,
        "height_m": 31.88208,
        "ground_elevation_ft": 20,
        "geometry_source": "Photogrammetric",
        "last_edited_date": "2017-08-22 17:43:00+00:00"
      },
      "geometry": {
        "type": "MultiPolygon",
        "coordinates": [
          [
            [
              [
                -74.009376362356,
                40.715932659935
              ],
              [
                -74.009395765893,
                40.715941451836
              ],
              [
                -74.009548698229,
                40.716010746131
              ],
              [
                -74.009503271894,
                40.716068788686
              ],
              [
                -74.009512165305,
                40.716072818635
              ],
              [
                -74.009504233734,
                40.716082952734
              ],
              [
                -74.009554177236,
                40.716105582027
              ],
              [
                -74.009565811303,
                40.716090717236
              ],
              [
                -74.009612391096,
                40.716111822219
              ],
              [
                -74.009685022208,
                40.716019019436
              ],
              [
                -74.009590298046,
                40.715976099137
              ],
              [
                -74.009691792768,
                40.715846414437
              ],
              [
                -74.00972653666,
                40.71586215693
              ],
              [
                -74.009732824598,
                40.715854122946
              ],
              [
                -74.009891518749,
                40.715926026878
              ],
              [
                -74.009886101714,
                40.715932947766
              ],
              [
                -74.009918711702,
                40.715947723237
              ],
              [
                -74.009832500503,
                40.716057879263
              ],
              [
                -74.009795878141,
                40.71604128598
              ],
              [
                -74.009786633177,
                40.71605309786
              ],
              [
                -74.009751271342,
                40.716037075379
              ],
              [
                -74.009738480077,
                40.716053419825
              ],
              [
                -74.009733343338,
                40.71605109244
              ],
              [
                -74.009728803088,
                40.716056893912
              ],
              [
                -74.009696699661,
                40.716042347075
              ],
              [
                -74.009687093777,
                40.71605462184
              ],
              [
                -74.00970531381,
                40.716062877985
              ],
              [
                -74.009672604326,
                40.716104671624
              ],
              [
                -74.009652972274,
                40.71609577623
              ],
              [
                -74.009632831594,
                40.716121511802
              ],
              [
                -74.009705409986,
                40.716154396846
              ],
              [
                -74.009697693792,
                40.716164255384
              ],
              [
                -74.009735751882,
                40.716181499646
              ],
              [
                -74.009650884293,
                40.716289938146
              ],
              [
                -74.009567792016,
                40.716252289342
              ],
              [
                -74.009560607088,
                40.716261469742
              ],
              [
                -74.009374802598,
                40.716177281004
              ],
              [
                -74.009378843538,
                40.716172118049
              ],
              [
                -74.00937309131,
                40.716169289114
              ],
              [
                -74.009367793482,
                40.716165988275
              ],
              [
                -74.009363013968,
                40.716162255147
              ],
              [
                -74.009358816685,
                40.716158137455
              ],
              [
                -74.009355253713,
                40.716153687422
              ],
              [
                -74.009352367668,
                40.716148961779
              ],
              [
                -74.009350197612,
                40.716144019053
              ],
              [
                -74.009348770775,
                40.716138922281
              ],
              [
                -74.009348103735,
                40.716133735395
              ],
              [
                -74.009348207152,
                40.716128525034
              ],
              [
                -74.009341570016,
                40.716128172573
              ],
              [
                -74.009355249343,
                40.715979257662
              ],
              [
                -74.009372000737,
                40.715980148705
              ],
              [
                -74.009376362356,
                40.715932659935
              ]
            ]
          ]
        ]
      },
      "id": "nyc-building-542527"
    },
    {
      "type": "Feature",
      "properties": {
        "building_id": "nyc-building-548300",
        "object_id": 548300,
        "bin": "1003114",
        "base_bbl": "1002380040",
        "name": "NYC Building 1003114",
        "use": "feature_code_2100",
        "feature_code": 2100,
        "construction_year": 1910,
        "height_roof_ft": 65.18,
        "height_m": 19.866864,
        "ground_elevation_ft": 36,
        "geometry_source": "Photogrammetric",
        "last_edited_date": "2017-08-22 18:12:12+00:00"
      },
      "geometry": {
        "type": "MultiPolygon",
        "coordinates": [
          [
            [
              [
                -73.99670505183,
                40.718110943792
              ],
              [
                -73.99669527952,
                40.718107557594
              ],
              [
                -73.996733837624,
                40.718043142502
              ],
              [
                -73.996736117303,
                40.718039333409
              ],
              [
                -73.996766246685,
                40.717988995742
              ],
              [
                -73.996775220983,
                40.7179740043
              ],
              [
                -73.996845248063,
                40.717857013761
              ],
              [
                -73.996845732167,
                40.717856204216
              ],
              [
                -73.996978977071,
                40.717902376942
              ],
              [
                -73.99697098287,
                40.717915732198
              ],
              [
                -73.996982364748,
                40.717919676731
              ],
              [
                -73.996918711681,
                40.718026058613
              ],
              [
                -73.99689641566,
                40.718063322025
              ],
              [
                -73.996894262637,
                40.718066919505
              ],
              [
                -73.9968795655,
                40.718091483223
              ],
              [
                -73.996839951706,
                40.718157689449
              ],
              [
                -73.996726140944,
                40.718118252033
              ],
              [
                -73.99670505183,
                40.718110943792
              ]
            ]
          ]
        ]
      },
      "id": "nyc-building-548300"
    },
    {
      "type": "Feature",
      "properties": {
        "building_id": "nyc-building-554904",
        "object_id": 554904,
        "bin": "1087573",
        "base_bbl": "1002730022",
        "name": "NYC Building 1087573",
        "use": "feature_code_2100",
        "feature_code": 2100,
        "construction_year": 2005,
        "height_roof_ft": 61,
        "height_m": 18.5928,
        "ground_elevation_ft": 25,
        "geometry_source": "Other (Manual)",
        "last_edited_date": "2017-08-22 18:27:55+00:00"
      },
      "geometry": {
        "type": "MultiPolygon",
        "coordinates": [
          [
            [
              [
                -73.990158398827,
                40.712887883617
              ],
              [
                -73.990446568053,
                40.712861920946
              ],
              [
                -73.990457204544,
                40.712930269693
              ],
              [
                -73.990419097072,
                40.712933702878
              ],
              [
                -73.990370538441,
                40.712938078011
              ],
              [
                -73.99024714001,
                40.712949195237
              ],
              [
                -73.990169033844,
                40.712956232391
              ],
              [
                -73.990158398827,
                40.712887883617
              ]
            ]
          ]
        ]
      },
      "id": "nyc-building-554904"
    },
    {
      "type": "Feature",
      "properties": {
        "building_id": "nyc-building-556617",
        "object_id": 556617,
        "bin": "1003118",
        "base_bbl": "1002390010",
        "name": "NYC Building 1003118",
        "use": "feature_code_2100",
        "feature_code": 2100,
        "construction_year": 1910,
        "height_roof_ft": 73.53,
        "height_m": 22.411944,
        "ground_elevation_ft": 34,
        "geometry_source": "Photogrammetric",
        "last_edited_date": "2017-08-22 19:08:42+00:00"
      },
      "geometry": {
        "type": "MultiPolygon",
        "coordinates": [
          [
            [
              [
                -73.995780643282,
                40.718239420041
              ],
              [
                -73.995772069223,
                40.718228474026
              ],
              [
                -73.995668244297,
                40.71819214179
              ],
              [
                -73.995647412555,
                40.718196048318
              ],
              [
                -73.995589806259,
                40.718175890009
              ],
              [
                -73.995598991529,
                40.718160695153
              ],
              [
                -73.99562913363,
                40.718110827851
              ],
              [
                -73.99562918216,
                40.718110747707
              ],
              [
                -73.995629487506,
                40.71811085668
              ],
              [
                -73.99568744642,
                40.718131506662
              ],
              [
                -73.995695862784,
                40.718146452743
              ],
              [
                -73.995729594079,
                40.718158256984
              ],
              [
                -73.995724731583,
                40.718166301061
              ],
              [
                -73.995760444094,
                40.718178797859
              ],
              [
                -73.995765306586,
                40.718170753781
              ],
              [
                -73.995799686471,
                40.718182784954
              ],
              [
                -73.99581630489,
                40.718177417618
              ],
              [
                -73.995876202517,
                40.718198758266
              ],
              [
                -73.995869261312,
                40.71821369748
              ],
              [
                -73.995846589924,
                40.718262497109
              ],
              [
                -73.995780643282,
                40.718239420041
              ]
            ]
          ]
        ]
      },
      "id": "nyc-building-556617"
    },
    {
      "type": "Feature",
      "properties": {
        "building_id": "nyc-building-55741",
        "object_id": 55741,
        "bin": "1001102",
        "base_bbl": "1000650019",
        "name": "NYC Building 1001102",
        "use": "feature_code_2100",
        "feature_code": 2100,
        "construction_year": 2013,
        "height_roof_ft": 271.172057,
        "height_m": 82.653243,
        "ground_elevation_ft": 34,
        "geometry_source": "Photogrammetric",
        "last_edited_date": "2017-08-22 18:39:52+00:00"
      },
      "geometry": {
        "type": "MultiPolygon",
        "coordinates": [
          [
            [
              [
                -74.00913367319,
                40.709944345998
              ],
              [
                -74.009206492752,
                40.709854636682
              ],
              [
                -74.00920773303,
                40.709855233622
              ],
              [
                -74.009257697996,
                40.709879279564
              ],
              [
                -74.009391294308,
                40.709943572436
              ],
              [
                -74.00952118423,
                40.710006080647
              ],
              [
                -74.009625156227,
                40.710056116102
              ],
              [
                -74.009614615186,
                40.710068799781
              ],
              [
                -74.00958100901,
                40.710109237333
              ],
              [
                -74.009493909392,
                40.710214038826
              ],
              [
                -74.009481664729,
                40.710205439955
              ],
              [
                -74.009374777929,
                40.710130375805
              ],
              [
                -74.009125035874,
                40.709954987123
              ],
              [
                -74.009125801401,
                40.709954044227
              ],
              [
                -74.00913367319,
                40.709944345998
              ]
            ]
          ]
        ]
      },
      "id": "nyc-building-55741"
    },
    {
      "type": "Feature",
      "properties": {
        "building_id": "nyc-building-55904",
        "object_id": 55904,
        "bin": "1079000",
        "base_bbl": "1001670001",
        "name": "NYC Building 1079000",
        "use": "feature_code_2100",
        "feature_code": 2100,
        "construction_year": 1939,
        "height_roof_ft": 354,
        "height_m": 107.8992,
        "ground_elevation_ft": 16,
        "geometry_source": "Other (Manual)",
        "last_edited_date": "2017-08-22 19:42:14+00:00"
      },
      "geometry": {
        "type": "MultiPolygon",
        "coordinates": [
          [
            [
              [
                -74.000867502112,
                40.716451618287
              ],
              [
                -74.000621610553,
                40.716347243531
              ],
              [
                -74.000590634501,
                40.716334094443
              ],
              [
                -74.000380699967,
                40.71624498173
              ],
              [
                -74.000297755014,
                40.716209772922
              ],
              [
                -74.000413270017,
                40.716052221071
              ],
              [
                -74.000390499381,
                40.716042555072
              ],
              [
                -74.000534205695,
                40.715846554804
              ],
              [
                -74.000686562389,
                40.715638753111
              ],
              [
                -74.000716975387,
                40.715597271813
              ],
              [
                -74.000739747101,
                40.715606937747
              ],
              [
                -74.000834543353,
                40.715477642709
              ],
              [
                -74.000853164087,
                40.715452245477
              ],
              [
                -74.000882014218,
                40.7154644913
              ],
              [
                -74.001292534137,
                40.715638747889
              ],
              [
                -74.001462737642,
                40.7157109947
              ],
              [
                -74.001346206747,
                40.715869936211
              ],
              [
                -74.001140657554,
                40.715782686182
              ],
              [
                -74.001039534608,
                40.715920611115
              ],
              [
                -74.001243592871,
                40.71600722828
              ],
              [
                -74.001125418271,
                40.716168410049
              ],
              [
                -74.000923234346,
                40.716082588712
              ],
              [
                -74.000819173086,
                40.716224518039
              ],
              [
                -74.001022848534,
                40.716310972603
              ],
              [
                -74.000926775664,
                40.716442007578
              ],
              [
                -74.000907333341,
                40.716468525061
              ],
              [
                -74.000867502112,
                40.716451618287
              ]
            ],
            [
              [
                -74.000594942618,
                40.716086978171
              ],
              [
                -74.000652760679,
                40.716008121063
              ],
              [
                -74.000694818949,
                40.716025973434
              ],
              [
                -74.000717602201,
                40.715994900283
              ],
              [
                -74.00063854993,
                40.715961345032
              ],
              [
                -74.000533273992,
                40.716104930148
              ],
              [
                -74.000599739771,
                40.71613314371
              ],
              [
                -74.00061232638,
                40.716138486371
              ],
              [
                -74.000617385793,
                40.716131585733
              ],
              [
                -74.000637002105,
                40.716104831463
              ],
              [
                -74.000594942618,
                40.716086978171
              ]
            ],
            [
              [
                -74.000814152039,
                40.715787726416
              ],
              [
                -74.000871969581,
                40.715708868295
              ],
              [
                -74.000914028904,
                40.715726721487
              ],
              [
                -74.000936810768,
                40.715695648291
              ],
              [
                -74.000857758742,
                40.715662092289
              ],
              [
                -74.000752484932,
                40.715805678512
              ],
              [
                -74.000831537075,
                40.715839234586
              ],
              [
                -74.000856211396,
                40.715805579629
              ],
              [
                -74.000814152039,
                40.715787726416
              ]
            ]
          ]
        ]
      },
      "id": "nyc-building-55904"
    },
    {
      "type": "Feature",
      "properties": {
        "building_id": "nyc-building-559155",
        "object_id": 559155,
        "bin": "1003953",
        "base_bbl": "1003060009",
        "name": "NYC Building 1003953",
        "use": "feature_code_2100",
        "feature_code": 2100,
        "construction_year": 1900,
        "height_roof_ft": 60.65,
        "height_m": 18.48612,
        "ground_elevation_ft": 40,
        "geometry_source": "Photogrammetric",
        "last_edited_date": "2017-08-22 18:47:30+00:00"
      },
      "geometry": {
        "type": "MultiPolygon",
        "coordinates": [
          [
            [
              [
                -73.993175630252,
                40.717331746602
              ],
              [
                -73.993172227261,
                40.717323686834
              ],
              [
                -73.99311500912,
                40.717307010481
              ],
              [
                -73.99312084154,
                40.717295424865
              ],
              [
                -73.99307411269,
                40.717281804548
              ],
              [
                -73.993068280264,
                40.717293390162
              ],
              [
                -73.99303966589,
                40.717285050612
              ],
              [
                -73.9930244668,
                40.717287688187
              ],
              [
                -73.992946448941,
                40.717264948254
              ],
              [
                -73.992942875994,
                40.717263907045
              ],
              [
                -73.99295952456,
                40.717230837726
              ],
              [
                -73.99296800036,
                40.717214003205
              ],
              [
                -73.992981415177,
                40.717217913139
              ],
              [
                -73.992987460691,
                40.717205905203
              ],
              [
                -73.993053957249,
                40.717225286412
              ],
              [
                -73.993060313758,
                40.717227139145
              ],
              [
                -73.993060470126,
                40.717237137519
              ],
              [
                -73.993195923859,
                40.717276616766
              ],
              [
                -73.99321051137,
                40.717270916496
              ],
              [
                -73.993282339677,
                40.717291851267
              ],
              [
                -73.99325117004,
                40.717353763125
              ],
              [
                -73.993175630252,
                40.717331746602
              ]
            ]
          ]
        ]
      },
      "id": "nyc-building-559155"
    },
    {
      "type": "Feature",
      "properties": {
        "building_id": "nyc-building-559859",
        "object_id": 559859,
        "bin": "1001796",
        "base_bbl": "1001630028",
        "name": "NYC Building 1001796",
        "use": "feature_code_2100",
        "feature_code": 2100,
        "construction_year": 1915,
        "height_roof_ft": 66.11,
        "height_m": 20.150328,
        "ground_elevation_ft": 35,
        "geometry_source": "Photogrammetric",
        "last_edited_date": "2017-08-22 19:09:01+00:00"
      },
      "geometry": {
        "type": "MultiPolygon",
        "coordinates": [
          [
            [
              [
                -73.997599912185,
                40.715251942062
              ],
              [
                -73.997632951182,
                40.715197378115
              ],
              [
                -73.997654190958,
                40.71520482397
              ],
              [
                -73.997727393743,
                40.715083926501
              ],
              [
                -73.997788838377,
                40.715105467006
              ],
              [
                -73.997682597919,
                40.715280928485
              ],
              [
                -73.997599912185,
                40.715251942062
              ]
            ]
          ]
        ]
      },
      "id": "nyc-building-559859"
    },
    {
      "type": "Feature",
      "properties": {
        "building_id": "nyc-building-56879",
        "object_id": 56879,
        "bin": "1001172",
        "base_bbl": "1000750049",
        "name": "NYC Building 1001172",
        "use": "feature_code_2100",
        "feature_code": 2100,
        "construction_year": 1882,
        "height_roof_ft": 51,
        "height_m": 15.5448,
        "ground_elevation_ft": 14,
        "geometry_source": "Other (Manual)",
        "last_edited_date": "2017-08-22 17:38:53+00:00"
      },
      "geometry": {
        "type": "MultiPolygon",
        "coordinates": [
          [
            [
              [
                -74.00466622322,
                40.708073670359
              ],
              [
                -74.00477180097,
                40.708033986797
              ],
              [
                -74.004829302772,
                40.70816445408
              ],
              [
                -74.004856442933,
                40.708226031702
              ],
              [
                -74.004804264953,
                40.708243084174
              ],
              [
                -74.004749626653,
                40.708176028967
              ],
              [
                -74.00466622322,
                40.708073670359
              ]
            ]
          ]
        ]
      },
      "id": "nyc-building-56879"
    },
    {
      "type": "Feature",
      "properties": {
        "building_id": "nyc-building-56880",
        "object_id": 56880,
        "bin": "1001473",
        "base_bbl": "1001350033",
        "name": "NYC Building 1001473",
        "use": "feature_code_2100",
        "feature_code": 2100,
        "construction_year": 1915,
        "height_roof_ft": 151,
        "height_m": 46.0248,
        "ground_elevation_ft": 35,
        "geometry_source": "Other (Manual)",
        "last_edited_date": "2017-08-22 17:38:53+00:00"
      },
      "geometry": {
        "type": "MultiPolygon",
        "coordinates": [
          [
            [
              [
                -74.007019667958,
                40.714096310483
              ],
              [
                -74.006993491946,
                40.714084248836
              ],
              [
                -74.007052529633,
                40.714010067473
              ],
              [
                -74.006872810635,
                40.713927255682
              ],
              [
                -74.006813943249,
                40.714001514389
              ],
              [
                -74.006693799362,
                40.713946152644
              ],
              [
                -74.006798801814,
                40.713814218978
              ],
              [
                -74.006834186326,
                40.713769757771
              ],
              [
                -74.006842633967,
                40.71375914295
              ],
              [
                -74.006862773883,
                40.713768423314
              ],
              [
                -74.007269521628,
                40.713955848633
              ],
              [
                -74.007135029485,
                40.714124840569
              ],
              [
                -74.007120688965,
                40.714142859774
              ],
              [
                -74.007085002103,
                40.714126415952
              ],
              [
                -74.007019667958,
                40.714096310483
              ]
            ]
          ]
        ]
      },
      "id": "nyc-building-56880"
    },
    {
      "type": "Feature",
      "properties": {
        "building_id": "nyc-building-571468",
        "object_id": 571468,
        "bin": "1001808",
        "base_bbl": "1001640006",
        "name": "NYC Building 1001808",
        "use": "feature_code_2100",
        "feature_code": 2100,
        "construction_year": 1920,
        "height_roof_ft": 52.919603,
        "height_m": 16.129895,
        "ground_elevation_ft": 24,
        "geometry_source": "Photogrammetric",
        "last_edited_date": "2017-08-22 17:30:44+00:00"
      },
      "geometry": {
        "type": "MultiPolygon",
        "coordinates": [
          [
            [
              [
                -73.999473493902,
                40.714820602397
              ],
              [
                -73.999506547322,
                40.714820242338
              ],
              [
                -73.999556193133,
                40.714819700432
              ],
              [
                -73.999561175212,
                40.714876466833
              ],
              [
                -73.999529714731,
                40.714876810704
              ],
              [
                -73.999504620196,
                40.714877084355
              ],
              [
                -73.999470769082,
                40.714877454315
              ],
              [
                -73.999462522638,
                40.71487087965
              ],
              [
                -73.999416263911,
                40.714871384612
              ],
              [
                -73.999393810907,
                40.714871629435
              ],
              [
                -73.999381925144,
                40.714878422823
              ],
              [
                -73.99936586057,
                40.714878598336
              ],
              [
                -73.999311564815,
                40.714879191462
              ],
              [
                -73.999309709116,
                40.714879211262
              ],
              [
                -73.999307916142,
                40.714879231062
              ],
              [
                -73.999307470215,
                40.714855544932
              ],
              [
                -73.999306852777,
                40.714822794261
              ],
              [
                -73.999385631142,
                40.714821934719
              ],
              [
                -73.999396366422,
                40.71482959812
              ],
              [
                -73.999405732485,
                40.71482949551
              ],
              [
                -73.999429107407,
                40.714829240784
              ],
              [
                -73.999429299044,
                40.714839398543
              ],
              [
                -73.999465642549,
                40.714839001592
              ],
              [
                -73.999465297118,
                40.71482069151
              ],
              [
                -73.999473493902,
                40.714820602397
              ]
            ]
          ]
        ]
      },
      "id": "nyc-building-571468"
    },
    {
      "type": "Feature",
      "properties": {
        "building_id": "nyc-building-571518",
        "object_id": 571518,
        "bin": "1003132",
        "base_bbl": "1002390033",
        "name": "NYC Building 1003132",
        "use": "feature_code_2100",
        "feature_code": 2100,
        "construction_year": 1916,
        "height_roof_ft": 65.06,
        "height_m": 19.830288,
        "ground_elevation_ft": 38,
        "geometry_source": "Photogrammetric",
        "last_edited_date": "2017-08-22 17:30:34+00:00"
      },
      "geometry": {
        "type": "MultiPolygon",
        "coordinates": [
          [
            [
              [
                -73.995506994909,
                40.717845980417
              ],
              [
                -73.99532358033,
                40.717778064745
              ],
              [
                -73.995339723112,
                40.7177528259
              ],
              [
                -73.995361894264,
                40.717718163457
              ],
              [
                -73.995650583783,
                40.717825061674
              ],
              [
                -73.995612249927,
                40.717884954952
              ],
              [
                -73.995510907574,
                40.71784742949
              ],
              [
                -73.995506994909,
                40.717845980417
              ]
            ]
          ]
        ]
      },
      "id": "nyc-building-571518"
    },
    {
      "type": "Feature",
      "properties": {
        "building_id": "nyc-building-57415",
        "object_id": 57415,
        "bin": "1077807",
        "base_bbl": "1001350008",
        "name": "NYC Building 1077807",
        "use": "feature_code_2100",
        "feature_code": 2100,
        "construction_year": 1920,
        "height_roof_ft": 66,
        "height_m": 20.1168,
        "ground_elevation_ft": 33,
        "geometry_source": "Other (Manual)",
        "last_edited_date": "2017-08-22 17:33:15+00:00"
      },
      "geometry": {
        "type": "MultiPolygon",
        "coordinates": [
          [
            [
              [
                -74.007541843506,
                40.714411765029
              ],
              [
                -74.007471719115,
                40.714379453881
              ],
              [
                -74.007471372339,
                40.714379293612
              ],
              [
                -74.007661025962,
                40.714140990732
              ],
              [
                -74.007663787777,
                40.714137519981
              ],
              [
                -74.007685866546,
                40.714147693377
              ],
              [
                -74.00774141915,
                40.71417329117
              ],
              [
                -74.00754900389,
                40.714415064931
              ],
              [
                -74.007541843506,
                40.714411765029
              ]
            ]
          ]
        ]
      },
      "id": "nyc-building-57415"
    },
    {
      "type": "Feature",
      "properties": {
        "building_id": "nyc-building-574674",
        "object_id": 574674,
        "bin": "1077530",
        "base_bbl": "1002990024",
        "name": "NYC Building 1077530",
        "use": "feature_code_2100",
        "feature_code": 2100,
        "construction_year": 1940,
        "height_roof_ft": 24.3,
        "height_m": 7.40664,
        "ground_elevation_ft": 41,
        "geometry_source": "Photogrammetric",
        "last_edited_date": "2017-08-22 17:56:16+00:00"
      },
      "geometry": {
        "type": "MultiPolygon",
        "coordinates": [
          [
            [
              [
                -73.991812263887,
                40.715725025764
              ],
              [
                -73.991815271868,
                40.715719187969
              ],
              [
                -73.991836060182,
                40.715678845677
              ],
              [
                -73.991844105127,
                40.715663234098
              ],
              [
                -73.991885075056,
                40.715675456919
              ],
              [
                -73.991923049681,
                40.715686786208
              ],
              [
                -73.991891208503,
                40.715748577896
              ],
              [
                -73.991846623079,
                40.71573527601
              ],
              [
                -73.991812263887,
                40.715725025764
              ]
            ]
          ]
        ]
      },
      "id": "nyc-building-574674"
    },
    {
      "type": "Feature",
      "properties": {
        "building_id": "nyc-building-57976",
        "object_id": 57976,
        "bin": "1088442",
        "base_bbl": "1000530023",
        "name": "NYC Building 1088442",
        "use": "feature_code_2100",
        "feature_code": 2100,
        "construction_year": 2007,
        "height_roof_ft": 621.192906,
        "height_m": 189.339598,
        "ground_elevation_ft": 6,
        "geometry_source": "Photogrammetric",
        "last_edited_date": "2017-08-22 17:45:31+00:00"
      },
      "geometry": {
        "type": "MultiPolygon",
        "coordinates": [
          [
            [
              [
                -74.013418989877,
                40.709216053764
              ],
              [
                -74.01342367662,
                40.709207063414
              ],
              [
                -74.013431747705,
                40.709191579082
              ],
              [
                -74.013454683381,
                40.709147581028
              ],
              [
                -74.013475677855,
                40.70910730591
              ],
              [
                -74.01348492592,
                40.709089565656
              ],
              [
                -74.013492550642,
                40.709078934228
              ],
              [
                -74.013519165876,
                40.709089987581
              ],
              [
                -74.013552040273,
                40.709044144092
              ],
              [
                -74.013759010638,
                40.709130086838
              ],
              [
                -74.013918324939,
                40.709201461111
              ],
              [
                -74.013854319587,
                40.709372927965
              ],
              [
                -74.013850370327,
                40.709377131126
              ],
              [
                -74.013847141446,
                40.709379887979
              ],
              [
                -74.013843402443,
                40.709382241464
              ],
              [
                -74.013839239694,
                40.709384138442
              ],
              [
                -74.013834747859,
                40.709385534774
              ],
              [
                -74.013830029888,
                40.709386398931
              ],
              [
                -74.013825194647,
                40.709386711089
              ],
              [
                -74.013820353373,
                40.70938646403
              ],
              [
                -74.013815617306,
                40.709385663144
              ],
              [
                -74.013811094136,
                40.709384326427
              ],
              [
                -74.013418989877,
                40.709216053764
              ]
            ]
          ]
        ]
      },
      "id": "nyc-building-57976"
    },
    {
      "type": "Feature",
      "properties": {
        "building_id": "nyc-building-580991",
        "object_id": 580991,
        "bin": "1001135",
        "base_bbl": "1000700043",
        "name": "NYC Building 1001135",
        "use": "feature_code_2100",
        "feature_code": 2100,
        "construction_year": 1972,
        "height_roof_ft": 338.77,
        "height_m": 103.257096,
        "ground_elevation_ft": 7,
        "geometry_source": "Photogrammetric",
        "last_edited_date": "2017-08-22 18:46:54+00:00"
      },
      "geometry": {
        "type": "MultiPolygon",
        "coordinates": [
          [
            [
              [
                -74.005918632905,
                40.707050904672
              ],
              [
                -74.00550220085,
                40.706710131279
              ],
              [
                -74.005749396507,
                40.706535194834
              ],
              [
                -74.006140782782,
                40.706869674105
              ],
              [
                -74.006226672834,
                40.706943076482
              ],
              [
                -74.005990828007,
                40.70710998169
              ],
              [
                -74.005918632905,
                40.707050904672
              ]
            ]
          ]
        ]
      },
      "id": "nyc-building-580991"
    },
    {
      "type": "Feature",
      "properties": {
        "building_id": "nyc-building-582178",
        "object_id": 582178,
        "bin": "1001083",
        "base_bbl": "1000640007",
        "name": "NYC Building 1001083",
        "use": "feature_code_2100",
        "feature_code": 2100,
        "construction_year": 1958,
        "height_roof_ft": 61.86,
        "height_m": 18.854928,
        "ground_elevation_ft": 28,
        "geometry_source": "Photogrammetric",
        "last_edited_date": "2017-08-22 18:47:11+00:00"
      },
      "geometry": {
        "type": "MultiPolygon",
        "coordinates": [
          [
            [
              [
                -74.009288384412,
                40.709003837958
              ],
              [
                -74.009274251803,
                40.70899864765
              ],
              [
                -74.009185096418,
                40.708965905909
              ],
              [
                -74.009135761348,
                40.708947787048
              ],
              [
                -74.009174332157,
                40.708912364171
              ],
              [
                -74.009192706464,
                40.708895489826
              ],
              [
                -74.009264883497,
                40.708934060138
              ],
              [
                -74.00937247226,
                40.70899155357
              ],
              [
                -74.009378665336,
                40.708994862444
              ],
              [
                -74.009376375815,
                40.708997085093
              ],
              [
                -74.00934718707,
                40.709025432859
              ],
              [
                -74.009332858001,
                40.709020170533
              ],
              [
                -74.009288384412,
                40.709003837958
              ]
            ]
          ]
        ]
      },
      "id": "nyc-building-582178"
    },
    {
      "type": "Feature",
      "properties": {
        "building_id": "nyc-building-585052",
        "object_id": 585052,
        "bin": "1001273",
        "base_bbl": "1000920023",
        "name": "NYC Building 1001273",
        "use": "feature_code_2100",
        "feature_code": 2100,
        "construction_year": 1900,
        "height_roof_ft": 19.33,
        "height_m": 5.891784,
        "ground_elevation_ft": 36,
        "geometry_source": "Photogrammetric",
        "last_edited_date": "2017-08-22 17:56:05+00:00"
      },
      "geometry": {
        "type": "MultiPolygon",
        "coordinates": [
          [
            [
              [
                -74.007070186276,
                40.710613304445
              ],
              [
                -74.007165403517,
                40.710540363466
              ],
              [
                -74.007280488917,
                40.710599375735
              ],
              [
                -74.007286774334,
                40.710602599167
              ],
              [
                -74.007278859149,
                40.710608202647
              ],
              [
                -74.007184389195,
                40.710675085936
              ],
              [
                -74.007070186276,
                40.710613304445
              ]
            ]
          ]
        ]
      },
      "id": "nyc-building-585052"
    },
    {
      "type": "Feature",
      "properties": {
        "building_id": "nyc-building-592876",
        "object_id": 592876,
        "bin": "1083322",
        "base_bbl": "1002380038",
        "name": "NYC Building 1083322",
        "use": "feature_code_2100",
        "feature_code": 2100,
        "construction_year": 1900,
        "height_roof_ft": 51.2,
        "height_m": 15.60576,
        "ground_elevation_ft": 37,
        "geometry_source": "Photogrammetric",
        "last_edited_date": "2017-08-22 18:28:42+00:00"
      },
      "geometry": {
        "type": "MultiPolygon",
        "coordinates": [
          [
            [
              [
                -73.996693084987,
                40.71794554225
              ],
              [
                -73.996708298224,
                40.717920126687
              ],
              [
                -73.996763596286,
                40.717827742215
              ],
              [
                -73.996843431414,
                40.717855407201
              ],
              [
                -73.996845732167,
                40.717856204216
              ],
              [
                -73.996845248063,
                40.717857013761
              ],
              [
                -73.996775220983,
                40.7179740043
              ],
              [
                -73.996744881547,
                40.717963490892
              ],
              [
                -73.996693084987,
                40.71794554225
              ]
            ]
          ]
        ]
      },
      "id": "nyc-building-592876"
    },
    {
      "type": "Feature",
      "properties": {
        "building_id": "nyc-building-596853",
        "object_id": 596853,
        "bin": "1077412",
        "base_bbl": "1001110100",
        "name": "NYC Building 1077412",
        "use": "feature_code_2100",
        "feature_code": 2100,
        "construction_year": 1950,
        "height_roof_ft": 149.298393,
        "height_m": 45.50615,
        "ground_elevation_ft": 8,
        "geometry_source": "Photogrammetric",
        "last_edited_date": "2017-08-22 17:30:12+00:00"
      },
      "geometry": {
        "type": "MultiPolygon",
        "coordinates": [
          [
            [
              [
                -73.99823767633,
                40.709815439343
              ],
              [
                -73.998313440424,
                40.709728254791
              ],
              [
                -73.998312680761,
                40.709725361437
              ],
              [
                -73.998308893096,
                40.70971092979
              ],
              [
                -73.998304616741,
                40.709694639481
              ],
              [
                -73.998303419267,
                40.709690076574
              ],
              [
                -73.998187291338,
                40.709631639738
              ],
              [
                -73.998249908652,
                40.709559583605
              ],
              [
                -73.998366037695,
                40.709618020378
              ],
              [
                -73.998394494715,
                40.709614083743
              ],
              [
                -73.998399072782,
                40.709633249385
              ],
              [
                -73.998508003986,
                40.709618180792
              ],
              [
                -73.998502820051,
                40.709596481108
              ],
              [
                -73.998531356341,
                40.709592533634
              ],
              [
                -73.998597766131,
                40.709514190892
              ],
              [
                -73.998605312769,
                40.70950528853
              ],
              [
                -73.998627697468,
                40.709516275935
              ],
              [
                -73.998699475057,
                40.709551509266
              ],
              [
                -73.998624096234,
                40.709640432966
              ],
              [
                -73.998634582628,
                40.709679159572
              ],
              [
                -73.998746991699,
                40.709734336965
              ],
              [
                -73.998684379455,
                40.709808198892
              ],
              [
                -73.998569394098,
                40.709751756188
              ],
              [
                -73.998542796142,
                40.709755436244
              ],
              [
                -73.998540487559,
                40.709745771028
              ],
              [
                -73.998430242585,
                40.709761021537
              ],
              [
                -73.998432551153,
                40.709770685854
              ],
              [
                -73.998405808807,
                40.709774385688
              ],
              [
                -73.998329832948,
                40.709861813435
              ],
              [
                -73.99823767633,
                40.709815439343
              ]
            ]
          ]
        ]
      },
      "id": "nyc-building-596853"
    },
    {
      "type": "Feature",
      "properties": {
        "building_id": "nyc-building-598282",
        "object_id": 598282,
        "bin": "1003991",
        "base_bbl": "1003080023",
        "name": "NYC Building 1003991",
        "use": "feature_code_2100",
        "feature_code": 2100,
        "construction_year": 1900,
        "height_roof_ft": 67.66,
        "height_m": 20.622768,
        "ground_elevation_ft": 39,
        "geometry_source": "Photogrammetric",
        "last_edited_date": "2017-08-22 19:07:44+00:00"
      },
      "geometry": {
        "type": "MultiPolygon",
        "coordinates": [
          [
            [
              [
                -73.991321972963,
                40.716547063489
              ],
              [
                -73.991163927232,
                40.716500151993
              ],
              [
                -73.991194863867,
                40.716439810265
              ],
              [
                -73.991271290718,
                40.716462495436
              ],
              [
                -73.991380847519,
                40.716495013911
              ],
              [
                -73.991457158516,
                40.716517664731
              ],
              [
                -73.99147637681,
                40.716523369087
              ],
              [
                -73.991457508123,
                40.716560172446
              ],
              [
                -73.991445440391,
                40.71658371089
              ],
              [
                -73.991423684731,
                40.716577253513
              ],
              [
                -73.991321972963,
                40.716547063489
              ]
            ]
          ]
        ]
      },
      "id": "nyc-building-598282"
    },
    {
      "type": "Feature",
      "properties": {
        "building_id": "nyc-building-600786",
        "object_id": 600786,
        "bin": "1005664",
        "base_bbl": "1004240027",
        "name": "NYC Building 1005664",
        "use": "feature_code_2100",
        "feature_code": 2100,
        "construction_year": 1930,
        "height_roof_ft": 29.61,
        "height_m": 9.025128,
        "ground_elevation_ft": 40,
        "geometry_source": "Photogrammetric",
        "last_edited_date": "2017-08-22 19:30:00+00:00"
      },
      "geometry": {
        "type": "MultiPolygon",
        "coordinates": [
          [
            [
              [
                -73.993169167201,
                40.719790668222
              ],
              [
                -73.99317910048,
                40.719771540179
              ],
              [
                -73.993195884406,
                40.719739220969
              ],
              [
                -73.993201473126,
                40.719728458405
              ],
              [
                -73.993275037886,
                40.719750572944
              ],
              [
                -73.993426176182,
                40.719796006092
              ],
              [
                -73.993493244673,
                40.719816167815
              ],
              [
                -73.99352467816,
                40.719825616836
              ],
              [
                -73.99349237249,
                40.719887826743
              ],
              [
                -73.993183532913,
                40.719794987018
              ],
              [
                -73.993169167201,
                40.719790668222
              ]
            ]
          ]
        ]
      },
      "id": "nyc-building-600786"
    },
    {
      "type": "Feature",
      "properties": {
        "building_id": "nyc-building-60086",
        "object_id": 60086,
        "bin": "1088321",
        "base_bbl": "1001610001",
        "name": "NYC Building 1088321",
        "use": "feature_code_2100",
        "feature_code": 2100,
        "construction_year": 1965,
        "height_roof_ft": 16,
        "height_m": 4.8768,
        "ground_elevation_ft": 25,
        "geometry_source": "Other (Manual)",
        "last_edited_date": "2017-08-10 15:19:33+00:00"
      },
      "geometry": {
        "type": "MultiPolygon",
        "coordinates": [
          [
            [
              [
                -74.000034848581,
                40.713547867831
              ],
              [
                -74.000087917167,
                40.713535948642
              ],
              [
                -74.000106490425,
                40.71358383058
              ],
              [
                -74.000053421804,
                40.713595748876
              ],
              [
                -74.000034848581,
                40.713547867831
              ]
            ]
          ]
        ]
      },
      "id": "nyc-building-60086"
    },
    {
      "type": "Feature",
      "properties": {
        "building_id": "nyc-building-608777",
        "object_id": 608777,
        "bin": "1003797",
        "base_bbl": "1002940014",
        "name": "NYC Building 1003797",
        "use": "feature_code_2100",
        "feature_code": 2100,
        "construction_year": 2002,
        "height_roof_ft": 64.03,
        "height_m": 19.516344,
        "ground_elevation_ft": 42,
        "geometry_source": "Photogrammetric",
        "last_edited_date": "2017-08-22 18:46:33+00:00"
      },
      "geometry": {
        "type": "MultiPolygon",
        "coordinates": [
          [
            [
              [
                -73.992418019928,
                40.714569047709
              ],
              [
                -73.992443880401,
                40.714565991275
              ],
              [
                -73.992455575547,
                40.714659766708
              ],
              [
                -73.992418465444,
                40.714730918111
              ],
              [
                -73.992352827264,
                40.714711097136
              ],
              [
                -73.992391998419,
                40.714614298449
              ],
              [
                -73.992412010158,
                40.714569757816
              ],
              [
                -73.992418019928,
                40.714569047709
              ]
            ]
          ]
        ]
      },
      "id": "nyc-building-608777"
    },
    {
      "type": "Feature",
      "properties": {
        "building_id": "nyc-building-609305",
        "object_id": 609305,
        "bin": "1077417",
        "base_bbl": "1001110100",
        "name": "NYC Building 1077417",
        "use": "feature_code_2100",
        "feature_code": 2100,
        "construction_year": 1950,
        "height_roof_ft": 148.908661,
        "height_m": 45.38736,
        "ground_elevation_ft": 15,
        "geometry_source": "Photogrammetric",
        "last_edited_date": "2017-08-22 18:28:28+00:00"
      },
      "geometry": {
        "type": "MultiPolygon",
        "coordinates": [
          [
            [
              [
                -73.999356323745,
                40.711468024704
              ],
              [
                -73.999430244339,
                40.711398285023
              ],
              [
                -73.99945759692,
                40.711372479213
              ],
              [
                -73.999440694796,
                40.711294887508
              ],
              [
                -73.999386780963,
                40.71126179796
              ],
              [
                -73.999320026013,
                40.71122082704
              ],
              [
                -73.99930966882,
                40.711214470272
              ],
              [
                -73.999379083882,
                40.711148981907
              ],
              [
                -73.999474631161,
                40.711207623654
              ],
              [
                -73.999536836282,
                40.711201359966
              ],
              [
                -73.999617597748,
                40.711125166227
              ],
              [
                -73.999627569251,
                40.711115758622
              ],
              [
                -73.999799110764,
                40.711221041383
              ],
              [
                -73.999880605451,
                40.711271057674
              ],
              [
                -73.999885855083,
                40.711274612896
              ],
              [
                -73.999890547326,
                40.711278594059
              ],
              [
                -73.999894621825,
                40.711282950735
              ],
              [
                -73.999898027693,
                40.711287627992
              ],
              [
                -73.999900722327,
                40.711292567297
              ],
              [
                -73.999902670225,
                40.711297704713
              ],
              [
                -73.999903847718,
                40.711302977206
              ],
              [
                -73.999904239422,
                40.711308316335
              ],
              [
                -73.999761529414,
                40.711442956023
              ],
              [
                -73.999733791125,
                40.71146912481
              ],
              [
                -73.999692536904,
                40.711508045691
              ],
              [
                -73.99962943591,
                40.711469319035
              ],
              [
                -73.999583952495,
                40.711441403042
              ],
              [
                -73.999515298701,
                40.711447307425
              ],
              [
                -73.99943933554,
                40.711518973342
              ],
              [
                -73.999356323745,
                40.711468024704
              ]
            ]
          ]
        ]
      },
      "id": "nyc-building-609305"
    },
    {
      "type": "Feature",
      "properties": {
        "building_id": "nyc-building-609798",
        "object_id": 609798,
        "bin": "1003889",
        "base_bbl": "1003000021",
        "name": "NYC Building 1003889",
        "use": "feature_code_2100",
        "feature_code": 2100,
        "construction_year": 1910,
        "height_roof_ft": 50.87,
        "height_m": 15.505176,
        "ground_elevation_ft": 40,
        "geometry_source": "Photogrammetric",
        "last_edited_date": "2017-08-22 17:42:17+00:00"
      },
      "geometry": {
        "type": "MultiPolygon",
        "coordinates": [
          [
            [
              [
                -73.992317343852,
                40.715967370806
              ],
              [
                -73.992325082134,
                40.715952262558
              ],
              [
                -73.992351716853,
                40.715900265258
              ],
              [
                -73.992642401992,
                40.715986448632
              ],
              [
                -73.99261649192,
                40.716037065563
              ],
              [
                -73.992610314244,
                40.716035234429
              ],
              [
                -73.992601868129,
                40.716051727635
              ],
              [
                -73.992360921227,
                40.715980290626
              ],
              [
                -73.992317343852,
                40.715967370806
              ]
            ]
          ]
        ]
      },
      "id": "nyc-building-609798"
    },
    {
      "type": "Feature",
      "properties": {
        "building_id": "nyc-building-615115",
        "object_id": 615115,
        "bin": "1005655",
        "base_bbl": "1004240004",
        "name": "NYC Building 1005655",
        "use": "feature_code_2100",
        "feature_code": 2100,
        "construction_year": 1920,
        "height_roof_ft": 33.57,
        "height_m": 10.232136,
        "ground_elevation_ft": 38,
        "geometry_source": "Photogrammetric",
        "last_edited_date": "2017-08-22 18:28:12+00:00"
      },
      "geometry": {
        "type": "MultiPolygon",
        "coordinates": [
          [
            [
              [
                -73.993888027301,
                40.71952255296
              ],
              [
                -73.993905847805,
                40.719488233669
              ],
              [
                -73.994148824514,
                40.719561273123
              ],
              [
                -73.994133845781,
                40.719596447181
              ],
              [
                -73.993888027301,
                40.71952255296
              ]
            ]
          ]
        ]
      },
      "id": "nyc-building-615115"
    },
    {
      "type": "Feature",
      "properties": {
        "building_id": "nyc-building-627811",
        "object_id": 627811,
        "bin": "1001005",
        "base_bbl": "1000400014",
        "name": "NYC Building 1001005",
        "use": "feature_code_2100",
        "feature_code": 2100,
        "construction_year": 1929,
        "height_roof_ft": 495.579906,
        "height_m": 151.052755,
        "ground_elevation_ft": 24,
        "geometry_source": "Photogrammetric",
        "last_edited_date": "2020-01-28 17:21:36+00:00"
      },
      "geometry": {
        "type": "MultiPolygon",
        "coordinates": [
          [
            [
              [
                -74.008986464915,
                40.706653336385
              ],
              [
                -74.009008804137,
                40.706628712853
              ],
              [
                -74.008895727394,
                40.7065693032
              ],
              [
                -74.008915099259,
                40.706547950573
              ],
              [
                -74.008915675457,
                40.706547315668
              ],
              [
                -74.008872957689,
                40.706524871919
              ],
              [
                -74.009090122278,
                40.706268484742
              ],
              [
                -74.009122476801,
                40.706285483839
              ],
              [
                -74.009131819853,
                40.706290392687
              ],
              [
                -74.009131545362,
                40.70629069438
              ],
              [
                -74.009119470131,
                40.706304004898
              ],
              [
                -74.009311420174,
                40.706404854922
              ],
              [
                -74.009367184019,
                40.706434152141
              ],
              [
                -74.009370137832,
                40.706435704383
              ],
              [
                -74.00920851703,
                40.706613851213
              ],
              [
                -74.009112579634,
                40.706719596909
              ],
              [
                -74.009016500096,
                40.7066691164
              ],
              [
                -74.008986464915,
                40.706653336385
              ]
            ]
          ]
        ]
      },
      "id": "nyc-building-627811"
    },
    {
      "type": "Feature",
      "properties": {
        "building_id": "nyc-building-627983",
        "object_id": 627983,
        "bin": "1001341",
        "base_bbl": "1000970035",
        "name": "NYC Building 1001341",
        "use": "feature_code_2100",
        "feature_code": 2100,
        "construction_year": 1830,
        "height_roof_ft": 48.99,
        "height_m": 14.932152,
        "ground_elevation_ft": 5,
        "geometry_source": "Photogrammetric",
        "last_edited_date": "2020-01-28 17:19:54+00:00"
      },
      "geometry": {
        "type": "MultiPolygon",
        "coordinates": [
          [
            [
              [
                -74.001990986517,
                40.707685292397
              ],
              [
                -74.002095192123,
                40.707631861405
              ],
              [
                -74.002222792091,
                40.707781182704
              ],
              [
                -74.00211746449,
                40.707833303587
              ],
              [
                -74.001990986517,
                40.707685292397
              ]
            ]
          ]
        ]
      },
      "id": "nyc-building-627983"
    },
    {
      "type": "Feature",
      "properties": {
        "building_id": "nyc-building-630275",
        "object_id": 630275,
        "bin": "1003514",
        "base_bbl": "1002810046",
        "name": "NYC Building 1003514",
        "use": "feature_code_2100",
        "feature_code": 2100,
        "construction_year": 1974,
        "height_roof_ft": 60.33,
        "height_m": 18.388584,
        "ground_elevation_ft": 38,
        "geometry_source": "Photogrammetric",
        "last_edited_date": "2017-08-22 18:11:02+00:00"
      },
      "geometry": {
        "type": "MultiPolygon",
        "coordinates": [
          [
            [
              [
                -73.995662809436,
                40.713952642313
              ],
              [
                -73.995656432582,
                40.71390343457
              ],
              [
                -73.995747410617,
                40.713896607592
              ],
              [
                -73.99575161813,
                40.713929068454
              ],
              [
                -73.995844156003,
                40.713922123489
              ],
              [
                -73.99585033427,
                40.71396978774
              ],
              [
                -73.995838535762,
                40.713978525869
              ],
              [
                -73.995844664349,
                40.714025812803
              ],
              [
                -73.99585844777,
                40.714032388828
              ],
              [
                -73.995864640253,
                40.71408016384
              ],
              [
                -73.995681122687,
                40.714093935819
              ],
              [
                -73.995662809436,
                40.713952642313
              ]
            ]
          ]
        ]
      },
      "id": "nyc-building-630275"
    },
    {
      "type": "Feature",
      "properties": {
        "building_id": "nyc-building-634280",
        "object_id": 634280,
        "bin": "1001446",
        "base_bbl": "1001340001",
        "name": "NYC Building 1001446",
        "use": "feature_code_2100",
        "feature_code": 2100,
        "construction_year": 1900,
        "height_roof_ft": 169,
        "height_m": 51.5112,
        "ground_elevation_ft": 34,
        "geometry_source": "Other (Manual)",
        "last_edited_date": "2017-08-22 18:15:59+00:00"
      },
      "geometry": {
        "type": "MultiPolygon",
        "coordinates": [
          [
            [
              [
                -74.007863865507,
                40.713460974446
              ],
              [
                -74.008099996934,
                40.713568097228
              ],
              [
                -74.007922282727,
                40.713794909512
              ],
              [
                -74.007836150507,
                40.713755834147
              ],
              [
                -74.007870907074,
                40.713711475322
              ],
              [
                -74.007801510002,
                40.713679993692
              ],
              [
                -74.007766753406,
                40.713724352497
              ],
              [
                -74.007680983526,
                40.713685441785
              ],
              [
                -74.007632966876,
                40.713663658024
              ],
              [
                -74.007758174862,
                40.713503858536
              ],
              [
                -74.007729873372,
                40.713491020058
              ],
              [
                -74.007782377878,
                40.713424007718
              ],
              [
                -74.007810680534,
                40.713436847083
              ],
              [
                -74.007863865507,
                40.713460974446
              ]
            ]
          ]
        ]
      },
      "id": "nyc-building-634280"
    },
    {
      "type": "Feature",
      "properties": {
        "building_id": "nyc-building-638794",
        "object_id": 638794,
        "bin": "1079544",
        "base_bbl": "1002060005",
        "name": "NYC Building 1079544",
        "use": "feature_code_2100",
        "feature_code": 2100,
        "construction_year": 1910,
        "height_roof_ft": 54.01,
        "height_m": 16.462248,
        "ground_elevation_ft": 21,
        "geometry_source": "Photogrammetric",
        "last_edited_date": "2017-08-22 19:07:04+00:00"
      },
      "geometry": {
        "type": "MultiPolygon",
        "coordinates": [
          [
            [
              [
                -73.998889312394,
                40.718044093842
              ],
              [
                -73.998880777957,
                40.718041053637
              ],
              [
                -73.998736942453,
                40.717989815827
              ],
              [
                -73.998724378116,
                40.717985340153
              ],
              [
                -73.998734176915,
                40.71796941654
              ],
              [
                -73.998727635556,
                40.717967086849
              ],
              [
                -73.998744910975,
                40.717939012733
              ],
              [
                -73.998751451149,
                40.717941342424
              ],
              [
                -73.998762277274,
                40.717923749274
              ],
              [
                -73.998813586752,
                40.717942026567
              ],
              [
                -73.998944253076,
                40.717988573405
              ],
              [
                -73.998939635981,
                40.717996077314
              ],
              [
                -73.998906354049,
                40.718050164343
              ],
              [
                -73.998889312394,
                40.718044093842
              ]
            ]
          ]
        ]
      },
      "id": "nyc-building-638794"
    },
    {
      "type": "Feature",
      "properties": {
        "building_id": "nyc-building-64214",
        "object_id": 64214,
        "bin": "1088967",
        "base_bbl": "1000530002",
        "name": "NYC Building 1088967",
        "use": "feature_code_2100",
        "feature_code": 2100,
        "construction_year": 2012,
        "height_roof_ft": 472,
        "height_m": 143.8656,
        "ground_elevation_ft": 5,
        "geometry_source": "Other (Manual)",
        "last_edited_date": "2017-08-22 19:22:34+00:00"
      },
      "geometry": {
        "type": "MultiPolygon",
        "coordinates": [
          [
            [
              [
                -74.014193344548,
                40.708371838739
              ],
              [
                -74.013931619693,
                40.708304508871
              ],
              [
                -74.01395881597,
                40.708243290618
              ],
              [
                -74.013990286849,
                40.708172450775
              ],
              [
                -74.013998836826,
                40.708156432341
              ],
              [
                -74.014280261321,
                40.708243647407
              ],
              [
                -74.014248052653,
                40.708316149763
              ],
              [
                -74.014221158032,
                40.708309230859
              ],
              [
                -74.014193344548,
                40.708371838739
              ]
            ]
          ]
        ]
      },
      "id": "nyc-building-64214"
    },
    {
      "type": "Feature",
      "properties": {
        "building_id": "nyc-building-647886",
        "object_id": 647886,
        "bin": "1002618",
        "base_bbl": "1002040016",
        "name": "NYC Building 1002618",
        "use": "feature_code_2100",
        "feature_code": 2100,
        "construction_year": 1920,
        "height_roof_ft": 127.46,
        "height_m": 38.849808,
        "ground_elevation_ft": 40,
        "geometry_source": "Photogrammetric",
        "last_edited_date": "2017-08-22 18:27:55+00:00"
      },
      "geometry": {
        "type": "MultiPolygon",
        "coordinates": [
          [
            [
              [
                -73.996607976633,
                40.717323224203
              ],
              [
                -73.996705795576,
                40.717358228973
              ],
              [
                -73.996785696351,
                40.717386821528
              ],
              [
                -73.996770479753,
                40.71741143835
              ],
              [
                -73.996740464872,
                40.71740069712
              ],
              [
                -73.996733696934,
                40.717411645331
              ],
              [
                -73.996754849728,
                40.717419215618
              ],
              [
                -73.996747146732,
                40.717431677561
              ],
              [
                -73.996725993934,
                40.717424108174
              ],
              [
                -73.996681243568,
                40.717496503412
              ],
              [
                -73.996711258483,
                40.717507244657
              ],
              [
                -73.996641319309,
                40.717620390845
              ],
              [
                -73.996635293467,
                40.717630139592
              ],
              [
                -73.996623182624,
                40.717625805983
              ],
              [
                -73.996457573244,
                40.717566542037
              ],
              [
                -73.99656616988,
                40.717390857585
              ],
              [
                -73.996607976633,
                40.717323224203
              ]
            ]
          ]
        ]
      },
      "id": "nyc-building-647886"
    },
    {
      "type": "Feature",
      "properties": {
        "building_id": "nyc-building-651569",
        "object_id": 651569,
        "bin": "1081938",
        "base_bbl": "1004080028",
        "name": "NYC Building 1081938",
        "use": "feature_code_2100",
        "feature_code": 2100,
        "construction_year": 2013,
        "height_roof_ft": 59.12,
        "height_m": 18.019776,
        "ground_elevation_ft": 38,
        "geometry_source": "Photogrammetric",
        "last_edited_date": "2017-08-22 18:10:16+00:00"
      },
      "geometry": {
        "type": "MultiPolygon",
        "coordinates": [
          [
            [
              [
                -73.990402761987,
                40.717422431098
              ],
              [
                -73.990407966235,
                40.717412240458
              ],
              [
                -73.990434532024,
                40.717360227396
              ],
              [
                -73.990446748232,
                40.717361202763
              ],
              [
                -73.990471560681,
                40.71731261959
              ],
              [
                -73.990463074812,
                40.717304339597
              ],
              [
                -73.990492894931,
                40.717245950277
              ],
              [
                -73.990572787691,
                40.717269571826
              ],
              [
                -73.990484045959,
                40.717443331482
              ],
              [
                -73.99048265611,
                40.717446053609
              ],
              [
                -73.990402761987,
                40.717422431098
              ]
            ]
          ]
        ]
      },
      "id": "nyc-building-651569"
    },
    {
      "type": "Feature",
      "properties": {
        "building_id": "nyc-building-653706",
        "object_id": 653706,
        "bin": "1002648",
        "base_bbl": "1002060001",
        "name": "NYC Building 1002648",
        "use": "feature_code_2100",
        "feature_code": 2100,
        "construction_year": 1900,
        "height_roof_ft": 64.06,
        "height_m": 19.525488,
        "ground_elevation_ft": 24,
        "geometry_source": "Photogrammetric",
        "last_edited_date": "2017-08-22 18:45:21+00:00"
      },
      "geometry": {
        "type": "MultiPolygon",
        "coordinates": [
          [
            [
              [
                -73.998923212339,
                40.717904384517
              ],
              [
                -73.998932628787,
                40.717889080434
              ],
              [
                -73.998865950034,
                40.717865327942
              ],
              [
                -73.998716456487,
                40.717812073807
              ],
              [
                -73.998673759644,
                40.717796864608
              ],
              [
                -73.998751730797,
                40.717670192514
              ],
              [
                -73.998770290297,
                40.717640039129
              ],
              [
                -73.998801950711,
                40.717651317452
              ],
              [
                -73.998944115581,
                40.71770195903
              ],
              [
                -73.998985334202,
                40.717716642219
              ],
              [
                -73.998995967309,
                40.717699361521
              ],
              [
                -73.999040785041,
                40.717715327047
              ],
              [
                -73.999101219422,
                40.71773685513
              ],
              [
                -73.999101711769,
                40.717737030733
              ],
              [
                -73.999095866176,
                40.717746530169
              ],
              [
                -73.999073358439,
                40.717783109614
              ],
              [
                -73.99905780453,
                40.717777568649
              ],
              [
                -73.998997313886,
                40.717875875933
              ],
              [
                -73.999010670001,
                40.717880634344
              ],
              [
                -73.998982960407,
                40.717925667716
              ],
              [
                -73.998923212339,
                40.717904384517
              ]
            ]
          ]
        ]
      },
      "id": "nyc-building-653706"
    },
    {
      "type": "Feature",
      "properties": {
        "building_id": "nyc-building-655111",
        "object_id": 655111,
        "bin": "1082001",
        "base_bbl": "1000740001",
        "name": "NYC Building 1082001",
        "use": "feature_code_2100",
        "feature_code": 2100,
        "construction_year": 1980,
        "height_roof_ft": 65.07,
        "height_m": 19.833336,
        "ground_elevation_ft": 5,
        "geometry_source": "Photogrammetric",
        "last_edited_date": "2017-08-22 18:27:27+00:00"
      },
      "geometry": {
        "type": "MultiPolygon",
        "coordinates": [
          [
            [
              [
                -74.003551348386,
                40.706314784435
              ],
              [
                -74.003415118649,
                40.706196332571
              ],
              [
                -74.003466053195,
                40.706162408778
              ],
              [
                -74.003475456333,
                40.706170584238
              ],
              [
                -74.003609645971,
                40.706287263888
              ],
              [
                -74.003558711402,
                40.706321187745
              ],
              [
                -74.003551348386,
                40.706314784435
              ]
            ]
          ]
        ]
      },
      "id": "nyc-building-655111"
    },
    {
      "type": "Feature",
      "properties": {
        "building_id": "nyc-building-657927",
        "object_id": 657927,
        "bin": "1001500",
        "base_bbl": "1001400001",
        "name": "NYC Building 1001500",
        "use": "feature_code_2100",
        "feature_code": 2100,
        "construction_year": 1915,
        "height_roof_ft": 136.43,
        "height_m": 41.583864,
        "ground_elevation_ft": 21,
        "geometry_source": "Photogrammetric",
        "last_edited_date": "2017-08-22 19:06:12+00:00"
      },
      "geometry": {
        "type": "MultiPolygon",
        "coordinates": [
          [
            [
              [
                -74.009376362356,
                40.715932659935
              ],
              [
                -74.009367681849,
                40.715927546643
              ],
              [
                -74.009352085572,
                40.715926717641
              ],
              [
                -74.009358842492,
                40.715853157098
              ],
              [
                -74.009363260834,
                40.715805054175
              ],
              [
                -74.009370803551,
                40.715722940519
              ],
              [
                -74.009372365679,
                40.71572231904
              ],
              [
                -74.009417838962,
                40.715704237581
              ],
              [
                -74.00941834902,
                40.715704034924
              ],
              [
                -74.009431008504,
                40.71570977104
              ],
              [
                -74.009508928996,
                40.715745077244
              ],
              [
                -74.009538846179,
                40.715758632853
              ],
              [
                -74.009410630338,
                40.715922458857
              ],
              [
                -74.009395765893,
                40.715941451836
              ],
              [
                -74.009376362356,
                40.715932659935
              ]
            ]
          ]
        ]
      },
      "id": "nyc-building-657927"
    },
    {
      "type": "Feature",
      "properties": {
        "building_id": "nyc-building-659413",
        "object_id": 659413,
        "bin": "1001178",
        "base_bbl": "1000760007",
        "name": "NYC Building 1001178",
        "use": "feature_code_2100",
        "feature_code": 2100,
        "construction_year": 1948,
        "height_roof_ft": 81.95,
        "height_m": 24.97836,
        "ground_elevation_ft": 19,
        "geometry_source": "Photogrammetric",
        "last_edited_date": "2017-08-22 18:10:16+00:00"
      },
      "geometry": {
        "type": "MultiPolygon",
        "coordinates": [
          [
            [
              [
                -74.005493977976,
                40.708692158091
              ],
              [
                -74.005373606319,
                40.708570949558
              ],
              [
                -74.005185506882,
                40.708381541045
              ],
              [
                -74.005155205623,
                40.708351029483
              ],
              [
                -74.005234563026,
                40.708317664658
              ],
              [
                -74.00527031761,
                40.708352683909
              ],
              [
                -74.005453544464,
                40.708532140065
              ],
              [
                -74.005554524808,
                40.708631041988
              ],
              [
                -74.005582593103,
                40.708658532338
              ],
              [
                -74.005511378534,
                40.708709679407
              ],
              [
                -74.005493977976,
                40.708692158091
              ]
            ]
          ]
        ]
      },
      "id": "nyc-building-659413"
    },
    {
      "type": "Feature",
      "properties": {
        "building_id": "nyc-building-66536",
        "object_id": 66536,
        "bin": "1795042",
        "base_bbl": "1001420050",
        "name": "NYC Building 1795042",
        "use": "feature_code_2110",
        "feature_code": 2110,
        "construction_year": 1980,
        "height_roof_ft": 23,
        "height_m": 7.0104,
        "ground_elevation_ft": 12,
        "geometry_source": "Other (Manual)",
        "last_edited_date": "2017-11-22 18:05:08+00:00"
      },
      "geometry": {
        "type": "MultiPolygon",
        "coordinates": [
          [
            [
              [
                -74.011373527669,
                40.718822970936
              ],
              [
                -74.011380408195,
                40.718791494728
              ],
              [
                -74.011435291813,
                40.718798440326
              ],
              [
                -74.011490903281,
                40.718805115671
              ],
              [
                -74.011483917553,
                40.718837071868
              ],
              [
                -74.011476547468,
                40.718870787699
              ],
              [
                -74.011461710298,
                40.718938657918
              ],
              [
                -74.011446961795,
                40.719006121995
              ],
              [
                -74.011435467853,
                40.719058703017
              ],
              [
                -74.011432952405,
                40.719070208183
              ],
              [
                -74.011431972007,
                40.719074694621
              ],
              [
                -74.011376437191,
                40.71906766714
              ],
              [
                -74.011321552173,
                40.719060721515
              ],
              [
                -74.011325327147,
                40.719043454764
              ],
              [
                -74.011336724198,
                40.718991320415
              ],
              [
                -74.011351367555,
                40.718924338136
              ],
              [
                -74.011366158711,
                40.718856676854
              ],
              [
                -74.011373527669,
                40.718822970936
              ]
            ]
          ]
        ]
      },
      "id": "nyc-building-66536"
    },
    {
      "type": "Feature",
      "properties": {
        "building_id": "nyc-building-668569",
        "object_id": 668569,
        "bin": "1003609",
        "base_bbl": "1002830088",
        "name": "NYC Building 1003609",
        "use": "feature_code_2100",
        "feature_code": 2100,
        "construction_year": 1910,
        "height_roof_ft": 32.98,
        "height_m": 10.052304,
        "ground_elevation_ft": 40,
        "geometry_source": "Photogrammetric",
        "last_edited_date": "2017-08-22 19:06:11+00:00"
      },
      "geometry": {
        "type": "MultiPolygon",
        "coordinates": [
          [
            [
              [
                -73.991740753375,
                40.714245177525
              ],
              [
                -73.991834025946,
                40.714237497418
              ],
              [
                -73.991852847065,
                40.714369826081
              ],
              [
                -73.99185377884,
                40.714376380963
              ],
              [
                -73.991845161892,
                40.714377089955
              ],
              [
                -73.991760504893,
                40.714384061085
              ],
              [
                -73.991740753375,
                40.714245177525
              ]
            ]
          ]
        ]
      },
      "id": "nyc-building-668569"
    },
    {
      "type": "Feature",
      "properties": {
        "building_id": "nyc-building-668815",
        "object_id": 668815,
        "bin": "1003319",
        "base_bbl": "1002760047",
        "name": "NYC Building 1003319",
        "use": "feature_code_2100",
        "feature_code": 2100,
        "construction_year": 1900,
        "height_roof_ft": 60.46,
        "height_m": 18.428208,
        "ground_elevation_ft": 22,
        "geometry_source": "Photogrammetric",
        "last_edited_date": "2017-08-22 19:29:01+00:00"
      },
      "geometry": {
        "type": "MultiPolygon",
        "coordinates": [
          [
            [
              [
                -73.996195291973,
                40.712017209605
              ],
              [
                -73.996206719777,
                40.712006643388
              ],
              [
                -73.996199510811,
                40.711956491899
              ],
              [
                -73.996203663484,
                40.71195614624
              ],
              [
                -73.99621483866,
                40.71195521638
              ],
              [
                -73.996210478263,
                40.711924878026
              ],
              [
                -73.996195251013,
                40.711926146343
              ],
              [
                -73.9961916075,
                40.711900798643
              ],
              [
                -73.996177112263,
                40.71189074576
              ],
              [
                -73.996169497578,
                40.711837776557
              ],
              [
                -73.996168935675,
                40.711833869222
              ],
              [
                -73.996196749894,
                40.711831554029
              ],
              [
                -73.996258977146,
                40.711826374527
              ],
              [
                -73.99625978866,
                40.71183202526
              ],
              [
                -73.996267152627,
                40.71188325106
              ],
              [
                -73.996266687495,
                40.711884052499
              ],
              [
                -73.996260279797,
                40.711895082649
              ],
              [
                -73.996263923336,
                40.711920429447
              ],
              [
                -73.996249031,
                40.711921669867
              ],
              [
                -73.996253391414,
                40.711952007319
              ],
              [
                -73.99626828494,
                40.711950767799
              ],
              [
                -73.996275493957,
                40.712000918383
              ],
              [
                -73.996285332505,
                40.71200971489
              ],
              [
                -73.99628574063,
                40.712012555115
              ],
              [
                -73.996293858191,
                40.712069025511
              ],
              [
                -73.99620381758,
                40.712076520233
              ],
              [
                -73.996195291973,
                40.712017209605
              ]
            ]
          ]
        ]
      },
      "id": "nyc-building-668815"
    },
    {
      "type": "Feature",
      "properties": {
        "building_id": "nyc-building-67423",
        "object_id": 67423,
        "bin": "1001022",
        "base_bbl": "1000440008",
        "name": "NYC Building 1001022",
        "use": "feature_code_2100",
        "feature_code": 2100,
        "construction_year": 1928,
        "height_roof_ft": 490.065096,
        "height_m": 149.371841,
        "ground_elevation_ft": 32,
        "geometry_source": "Photogrammetric",
        "last_edited_date": "2017-08-22 17:28:14+00:00"
      },
      "geometry": {
        "type": "MultiPolygon",
        "coordinates": [
          [
            [
              [
                -74.009653627251,
                40.707440015979
              ],
              [
                -74.010095689843,
                40.707705955792
              ],
              [
                -74.009939131522,
                40.70787641911
              ],
              [
                -74.009880836941,
                40.707939889469
              ],
              [
                -74.009793955684,
                40.708034486606
              ],
              [
                -74.009643916571,
                40.707938022095
              ],
              [
                -74.00953966971,
                40.70787099852
              ],
              [
                -74.009357037609,
                40.707753576928
              ],
              [
                -74.009453280794,
                40.707651826586
              ],
              [
                -74.009609771919,
                40.707486380678
              ],
              [
                -74.009624172272,
                40.70747115723
              ],
              [
                -74.009653627251,
                40.707440015979
              ]
            ]
          ]
        ]
      },
      "id": "nyc-building-67423"
    },
    {
      "type": "Feature",
      "properties": {
        "building_id": "nyc-building-68070",
        "object_id": 68070,
        "bin": "1003852",
        "base_bbl": "1002980018",
        "name": "NYC Building 1003852",
        "use": "feature_code_2100",
        "feature_code": 2100,
        "construction_year": 1930,
        "height_roof_ft": 62.14,
        "height_m": 18.940272,
        "ground_elevation_ft": 36,
        "geometry_source": "Photogrammetric",
        "last_edited_date": "2017-08-22 17:51:31+00:00"
      },
      "geometry": {
        "type": "MultiPolygon",
        "coordinates": [
          [
            [
              [
                -73.990774231758,
                40.715558596892
              ],
              [
                -73.990839079795,
                40.715577944132
              ],
              [
                -73.99082656811,
                40.7156022254
              ],
              [
                -73.990852292667,
                40.715609900696
              ],
              [
                -73.990842161623,
                40.715629560735
              ],
              [
                -73.990798075297,
                40.715715112014
              ],
              [
                -73.990760039341,
                40.715788921106
              ],
              [
                -73.990737015355,
                40.715782051964
              ],
              [
                -73.990669465338,
                40.71576189849
              ],
              [
                -73.990774231758,
                40.715558596892
              ]
            ]
          ]
        ]
      },
      "id": "nyc-building-68070"
    },
    {
      "type": "Feature",
      "properties": {
        "building_id": "nyc-building-68079",
        "object_id": 68079,
        "bin": "1003810",
        "base_bbl": "1002970015",
        "name": "NYC Building 1003810",
        "use": "feature_code_2100",
        "feature_code": 2100,
        "construction_year": 2003,
        "height_roof_ft": 58.1,
        "height_m": 17.70888,
        "ground_elevation_ft": 36,
        "geometry_source": "Photogrammetric",
        "last_edited_date": "2017-08-22 19:01:06+00:00"
      },
      "geometry": {
        "type": "MultiPolygon",
        "coordinates": [
          [
            [
              [
                -73.990211276399,
                40.715620227274
              ],
              [
                -73.990246217165,
                40.715552347061
              ],
              [
                -73.990292923915,
                40.71546160567
              ],
              [
                -73.990310631581,
                40.715427203159
              ],
              [
                -73.990314235155,
                40.715428276871
              ],
              [
                -73.990396948152,
                40.715452926266
              ],
              [
                -73.990356702889,
                40.715530986353
              ],
              [
                -73.990314583532,
                40.715612681627
              ],
              [
                -73.990297452352,
                40.71564590812
              ],
              [
                -73.990211276399,
                40.715620227274
              ]
            ]
          ]
        ]
      },
      "id": "nyc-building-68079"
    },
    {
      "type": "Feature",
      "properties": {
        "building_id": "nyc-building-685794",
        "object_id": 685794,
        "bin": "1003544",
        "base_bbl": "1002820052",
        "name": "NYC Building 1003544",
        "use": "feature_code_2100",
        "feature_code": 2100,
        "construction_year": 2002,
        "height_roof_ft": 26.38,
        "height_m": 8.040624,
        "ground_elevation_ft": 39,
        "geometry_source": "Photogrammetric",
        "last_edited_date": "2017-08-22 19:05:42+00:00"
      },
      "geometry": {
        "type": "MultiPolygon",
        "coordinates": [
          [
            [
              [
                -73.993705067729,
                40.713876736162
              ],
              [
                -73.99379269674,
                40.713869755657
              ],
              [
                -73.99381741683,
                40.714049429569
              ],
              [
                -73.993729787585,
                40.714056409192
              ],
              [
                -73.993705067729,
                40.713876736162
              ]
            ]
          ]
        ]
      },
      "id": "nyc-building-685794"
    },
    {
      "type": "Feature",
      "properties": {
        "building_id": "nyc-building-687110",
        "object_id": 687110,
        "bin": "1085923",
        "base_bbl": "1001410011",
        "name": "NYC Building 1085923",
        "use": "feature_code_2100",
        "feature_code": 2100,
        "construction_year": 1900,
        "height_roof_ft": 69.55,
        "height_m": 21.19884,
        "ground_elevation_ft": 16,
        "geometry_source": "Photogrammetric",
        "last_edited_date": "2017-08-22 17:41:14+00:00"
      },
      "geometry": {
        "type": "MultiPolygon",
        "coordinates": [
          [
            [
              [
                -74.010126339392,
                40.716884515064
              ],
              [
                -74.010225504645,
                40.71675828267
              ],
              [
                -74.010304173655,
                40.716794061032
              ],
              [
                -74.010205008498,
                40.716920293493
              ],
              [
                -74.010126339392,
                40.716884515064
              ]
            ]
          ]
        ]
      },
      "id": "nyc-building-687110"
    },
    {
      "type": "Feature",
      "properties": {
        "building_id": "nyc-building-68980",
        "object_id": 68980,
        "bin": "1002430",
        "base_bbl": "1002020025",
        "name": "NYC Building 1002430",
        "use": "feature_code_2100",
        "feature_code": 2100,
        "construction_year": 1960,
        "height_roof_ft": 53.15,
        "height_m": 16.20012,
        "ground_elevation_ft": 43,
        "geometry_source": "Photogrammetric",
        "last_edited_date": "2017-08-22 19:42:14+00:00"
      },
      "geometry": {
        "type": "MultiPolygon",
        "coordinates": [
          [
            [
              [
                -73.996557920317,
                40.715792989144
              ],
              [
                -73.996673527763,
                40.715605728698
              ],
              [
                -73.996699739326,
                40.715615097461
              ],
              [
                -73.996984273963,
                40.715716795399
              ],
              [
                -73.997064737409,
                40.715745554377
              ],
              [
                -73.997083089604,
                40.715752114161
              ],
              [
                -73.997021613157,
                40.715851695531
              ],
              [
                -73.996967483054,
                40.715939375015
              ],
              [
                -73.99677063609,
                40.715869018192
              ],
              [
                -73.996557920317,
                40.715792989144
              ]
            ]
          ]
        ]
      },
      "id": "nyc-building-68980"
    },
    {
      "type": "Feature",
      "properties": {
        "building_id": "nyc-building-68983",
        "object_id": 68983,
        "bin": "1002431",
        "base_bbl": "1002020028",
        "name": "NYC Building 1002431",
        "use": "feature_code_2100",
        "feature_code": 2100,
        "construction_year": 1915,
        "height_roof_ft": 50.58,
        "height_m": 15.416784,
        "ground_elevation_ft": 42,
        "geometry_source": "Photogrammetric",
        "last_edited_date": "2017-08-22 18:40:21+00:00"
      },
      "geometry": {
        "type": "MultiPolygon",
        "coordinates": [
          [
            [
              [
                -73.996673527763,
                40.715605728698
              ],
              [
                -73.996683308946,
                40.715589883598
              ],
              [
                -73.996700060276,
                40.715562750799
              ],
              [
                -73.996953993556,
                40.715653511233
              ],
              [
                -73.997091269725,
                40.715702576389
              ],
              [
                -73.997064737409,
                40.715745554377
              ],
              [
                -73.996984273963,
                40.715716795399
              ],
              [
                -73.996699739326,
                40.715615097461
              ],
              [
                -73.996673527763,
                40.715605728698
              ]
            ]
          ]
        ]
      },
      "id": "nyc-building-68983"
    },
    {
      "type": "Feature",
      "properties": {
        "building_id": "nyc-building-689908",
        "object_id": 689908,
        "bin": "1006942",
        "base_bbl": "1004700042",
        "name": "NYC Building 1006942",
        "use": "feature_code_2100",
        "feature_code": 2100,
        "construction_year": 1900,
        "height_roof_ft": 68.74,
        "height_m": 20.951952,
        "ground_elevation_ft": 35,
        "geometry_source": "Photogrammetric",
        "last_edited_date": "2017-08-22 17:29:31+00:00"
      },
      "geometry": {
        "type": "MultiPolygon",
        "coordinates": [
          [
            [
              [
                -73.995024931429,
                40.71940968913
              ],
              [
                -73.995019296638,
                40.719407731177
              ],
              [
                -73.995058347157,
                40.719342656605
              ],
              [
                -73.995109621239,
                40.719360468179
              ],
              [
                -73.995129118724,
                40.719367241741
              ],
              [
                -73.995134278092,
                40.719380365091
              ],
              [
                -73.995162583426,
                40.719390198051
              ],
              [
                -73.995155484749,
                40.719402026852
              ],
              [
                -73.995194541301,
                40.71941559377
              ],
              [
                -73.995201638788,
                40.719403764967
              ],
              [
                -73.995258327617,
                40.719423456965
              ],
              [
                -73.995277447207,
                40.719418767894
              ],
              [
                -73.995338263052,
                40.719439894534
              ],
              [
                -73.995310760495,
                40.719508980542
              ],
              [
                -73.995238396857,
                40.71948384344
              ],
              [
                -73.995229600329,
                40.719471327789
              ],
              [
                -73.995172912652,
                40.719451635777
              ],
              [
                -73.995178254712,
                40.71944273446
              ],
              [
                -73.995139198149,
                40.719429166636
              ],
              [
                -73.995133857268,
                40.719438067951
              ],
              [
                -73.995105551918,
                40.719428235885
              ],
              [
                -73.99509006826,
                40.719432316337
              ],
              [
                -73.995024931429,
                40.71940968913
              ]
            ]
          ]
        ]
      },
      "id": "nyc-building-689908"
    },
    {
      "type": "Feature",
      "properties": {
        "building_id": "nyc-building-69034",
        "object_id": 69034,
        "bin": "1002421",
        "base_bbl": "1002010030",
        "name": "NYC Building 1002421",
        "use": "feature_code_2100",
        "feature_code": 2100,
        "construction_year": 1910,
        "height_roof_ft": 64.17,
        "height_m": 19.559016,
        "ground_elevation_ft": 35,
        "geometry_source": "Photogrammetric",
        "last_edited_date": "2017-08-22 19:01:06+00:00"
      },
      "geometry": {
        "type": "MultiPolygon",
        "coordinates": [
          [
            [
              [
                -73.997764743691,
                40.715638733525
              ],
              [
                -73.997808748356,
                40.715567686798
              ],
              [
                -73.997822106289,
                40.715572475966
              ],
              [
                -73.997833103182,
                40.715576419508
              ],
              [
                -73.997846712884,
                40.715554447309
              ],
              [
                -73.997844928237,
                40.715552558905
              ],
              [
                -73.997838693809,
                40.715545961649
              ],
              [
                -73.997807487833,
                40.715534771317
              ],
              [
                -73.997840217853,
                40.71548192638
              ],
              [
                -73.997904212089,
                40.715504873468
              ],
              [
                -73.997997554303,
                40.715538344399
              ],
              [
                -73.997964837399,
                40.715591166867
              ],
              [
                -73.997931387502,
                40.715579172374
              ],
              [
                -73.997916465911,
                40.715582495889
              ],
              [
                -73.997881632724,
                40.715638735732
              ],
              [
                -73.997879167378,
                40.715642715943
              ],
              [
                -73.997923143184,
                40.715658485582
              ],
              [
                -73.997901518449,
                40.71569339978
              ],
              [
                -73.997766788558,
                40.715645087566
              ],
              [
                -73.997761894865,
                40.715643333277
              ],
              [
                -73.997764743691,
                40.715638733525
              ]
            ]
          ]
        ]
      },
      "id": "nyc-building-69034"
    },
    {
      "type": "Feature",
      "properties": {
        "building_id": "nyc-building-692141",
        "object_id": 692141,
        "bin": "1003935",
        "base_bbl": "1003040021",
        "name": "NYC Building 1003935",
        "use": "feature_code_2100",
        "feature_code": 2100,
        "construction_year": 1910,
        "height_roof_ft": 76.83,
        "height_m": 23.417784,
        "ground_elevation_ft": 36,
        "geometry_source": "Photogrammetric",
        "last_edited_date": "2017-08-22 17:41:24+00:00"
      },
      "geometry": {
        "type": "MultiPolygon",
        "coordinates": [
          [
            [
              [
                -73.994286610338,
                40.71798659414
              ],
              [
                -73.994273085034,
                40.718012414696
              ],
              [
                -73.994258067528,
                40.718007860069
              ],
              [
                -73.994214341622,
                40.718091336971
              ],
              [
                -73.994211336121,
                40.71809707397
              ],
              [
                -73.994226354827,
                40.718101628604
              ],
              [
                -73.994195301904,
                40.718160911226
              ],
              [
                -73.994023192726,
                40.718108721464
              ],
              [
                -73.994037072085,
                40.718082222872
              ],
              [
                -73.994045103356,
                40.718084658267
              ],
              [
                -73.994061921925,
                40.718052550546
              ],
              [
                -73.994109783969,
                40.717961176439
              ],
              [
                -73.99410175271,
                40.717958741048
              ],
              [
                -73.994114500356,
                40.717934404513
              ],
              [
                -73.994233268571,
                40.71797041922
              ],
              [
                -73.994237611681,
                40.717962126639
              ],
              [
                -73.994252536862,
                40.717966652449
              ],
              [
                -73.994248193754,
                40.71797494503
              ],
              [
                -73.994286610338,
                40.71798659414
              ]
            ],
            [
              [
                -73.994141519765,
                40.718077129544
              ],
              [
                -73.994162201541,
                40.718083401746
              ],
              [
                -73.994193924451,
                40.718022839541
              ],
              [
                -73.99417324269,
                40.718016567344
              ],
              [
                -73.994141519765,
                40.718077129544
              ]
            ]
          ]
        ]
      },
      "id": "nyc-building-692141"
    },
    {
      "type": "Feature",
      "properties": {
        "building_id": "nyc-building-695172",
        "object_id": 695172,
        "bin": "1006931",
        "base_bbl": "1004700024",
        "name": "NYC Building 1006931",
        "use": "feature_code_2100",
        "feature_code": 2100,
        "construction_year": 1900,
        "height_roof_ft": 59.34,
        "height_m": 18.086832,
        "ground_elevation_ft": 32,
        "geometry_source": "Photogrammetric",
        "last_edited_date": "2017-08-22 18:09:39+00:00"
      },
      "geometry": {
        "type": "MultiPolygon",
        "coordinates": [
          [
            [
              [
                -73.995635623591,
                40.719168362801
              ],
              [
                -73.995661418677,
                40.719103995321
              ],
              [
                -73.995858831605,
                40.719172328783
              ],
              [
                -73.995908022757,
                40.719189356483
              ],
              [
                -73.995880993451,
                40.719253297132
              ],
              [
                -73.995867000535,
                40.719248453689
              ],
              [
                -73.995635623591,
                40.719168362801
              ]
            ]
          ]
        ]
      },
      "id": "nyc-building-695172"
    },
    {
      "type": "Feature",
      "properties": {
        "building_id": "nyc-building-69579",
        "object_id": 69579,
        "bin": "1089284",
        "base_bbl": "1004159999",
        "name": "NYC Building 1089284",
        "use": "feature_code_2100",
        "feature_code": 2100,
        "construction_year": null,
        "height_roof_ft": 18,
        "height_m": 5.4864,
        "ground_elevation_ft": 38,
        "geometry_source": "Other (Manual)",
        "last_edited_date": "2017-08-22 18:29:16+00:00"
      },
      "geometry": {
        "type": "MultiPolygon",
        "coordinates": [
          [
            [
              [
                -73.990188462328,
                40.719495396271
              ],
              [
                -73.990197578417,
                40.719477352628
              ],
              [
                -73.990198026968,
                40.719477483241
              ],
              [
                -73.990198403325,
                40.719477593135
              ],
              [
                -73.990279137804,
                40.719501205046
              ],
              [
                -73.990269858354,
                40.719519571964
              ],
              [
                -73.990215699322,
                40.719626773085
              ],
              [
                -73.990134834527,
                40.719603122397
              ],
              [
                -73.990134758782,
                40.719603099878
              ],
              [
                -73.990134139804,
                40.719602919723
              ],
              [
                -73.990188462328,
                40.719495396271
              ]
            ]
          ]
        ]
      },
      "id": "nyc-building-69579"
    },
    {
      "type": "Feature",
      "properties": {
        "building_id": "nyc-building-69726",
        "object_id": 69726,
        "bin": "1089746",
        "base_bbl": "1000720012",
        "name": "NYC Building 1089746",
        "use": "feature_code_2100",
        "feature_code": 2100,
        "construction_year": 2012,
        "height_roof_ft": 300,
        "height_m": 91.44,
        "ground_elevation_ft": 6,
        "geometry_source": "Other (Manual)",
        "last_edited_date": "2017-08-22 19:00:11+00:00"
      },
      "geometry": {
        "type": "MultiPolygon",
        "coordinates": [
          [
            [
              [
                -74.004791342481,
                40.705838702047
              ],
              [
                -74.004873928115,
                40.705780854216
              ],
              [
                -74.005100829818,
                40.70596845246
              ],
              [
                -74.005101817955,
                40.70596926918
              ],
              [
                -74.005089901347,
                40.70597761655
              ],
              [
                -74.005019232285,
                40.706027117173
              ],
              [
                -74.005018244148,
                40.706026300452
              ],
              [
                -74.004791342481,
                40.705838702047
              ]
            ]
          ]
        ]
      },
      "id": "nyc-building-69726"
    },
    {
      "type": "Feature",
      "properties": {
        "building_id": "nyc-building-700418",
        "object_id": 700418,
        "bin": "1003359",
        "base_bbl": "1002770054",
        "name": "NYC Building 1003359",
        "use": "feature_code_2100",
        "feature_code": 2100,
        "construction_year": 1920,
        "height_roof_ft": 66.71,
        "height_m": 20.333208,
        "ground_elevation_ft": 24,
        "geometry_source": "Photogrammetric",
        "last_edited_date": "2017-08-22 17:54:34+00:00"
      },
      "geometry": {
        "type": "MultiPolygon",
        "coordinates": [
          [
            [
              [
                -73.996583702082,
                40.712341037371
              ],
              [
                -73.996652753507,
                40.712335148256
              ],
              [
                -73.996669157864,
                40.712343800839
              ],
              [
                -73.996683178092,
                40.712342605365
              ],
              [
                -73.996706323833,
                40.712340631209
              ],
              [
                -73.996707092809,
                40.712345846089
              ],
              [
                -73.996754798503,
                40.712341777134
              ],
              [
                -73.996754029523,
                40.712336562254
              ],
              [
                -73.996820227653,
                40.712330916096
              ],
              [
                -73.996835301614,
                40.71231957818
              ],
              [
                -73.996906388512,
                40.712313514269
              ],
              [
                -73.996925968732,
                40.712384542584
              ],
              [
                -73.996851104214,
                40.712390927885
              ],
              [
                -73.996845878135,
                40.712391373495
              ],
              [
                -73.996828188424,
                40.712384951467
              ],
              [
                -73.996761990242,
                40.712390597629
              ],
              [
                -73.996760260627,
                40.71237885492
              ],
              [
                -73.996712554907,
                40.712382923877
              ],
              [
                -73.99671428333,
                40.712394666588
              ],
              [
                -73.996677117331,
                40.71239783622
              ],
              [
                -73.996663450503,
                40.712407764857
              ],
              [
                -73.99659439782,
                40.712413654879
              ],
              [
                -73.996583702082,
                40.712341037371
              ]
            ]
          ]
        ]
      },
      "id": "nyc-building-700418"
    },
    {
      "type": "Feature",
      "properties": {
        "building_id": "nyc-building-703095",
        "object_id": 703095,
        "bin": "1002374",
        "base_bbl": "1001990017",
        "name": "NYC Building 1002374",
        "use": "feature_code_2100",
        "feature_code": 2100,
        "construction_year": 1920,
        "height_roof_ft": 55.28,
        "height_m": 16.849344,
        "ground_elevation_ft": 29,
        "geometry_source": "Photogrammetric",
        "last_edited_date": "2017-08-22 18:09:39+00:00"
      },
      "geometry": {
        "type": "MultiPolygon",
        "coordinates": [
          [
            [
              [
                -73.998865059941,
                40.716824827999
              ],
              [
                -73.998872477237,
                40.716812812563
              ],
              [
                -73.998903552446,
                40.716762468034
              ],
              [
                -73.998931421689,
                40.716772427039
              ],
              [
                -73.99907306877,
                40.716823045946
              ],
              [
                -73.999133827817,
                40.716844758621
              ],
              [
                -73.999212665041,
                40.71687293165
              ],
              [
                -73.999234499648,
                40.716880734718
              ],
              [
                -73.999196007385,
                40.716943093892
              ],
              [
                -73.999152518036,
                40.716927552575
              ],
              [
                -73.999005871525,
                40.716875148011
              ],
              [
                -73.998865059941,
                40.716824827999
              ]
            ]
          ]
        ]
      },
      "id": "nyc-building-703095"
    },
    {
      "type": "Feature",
      "properties": {
        "building_id": "nyc-building-713984",
        "object_id": 713984,
        "bin": "1002382",
        "base_bbl": "1001990034",
        "name": "NYC Building 1002382",
        "use": "feature_code_2100",
        "feature_code": 2100,
        "construction_year": 1915,
        "height_roof_ft": 77.12,
        "height_m": 23.506176,
        "ground_elevation_ft": 18,
        "geometry_source": "Photogrammetric",
        "last_edited_date": "2017-08-22 18:26:47+00:00"
      },
      "geometry": {
        "type": "MultiPolygon",
        "coordinates": [
          [
            [
              [
                -73.999722105731,
                40.716412607537
              ],
              [
                -73.999746776113,
                40.716372640243
              ],
              [
                -73.999755356595,
                40.716358738183
              ],
              [
                -73.999775428907,
                40.716350884872
              ],
              [
                -73.99978689005,
                40.716332316371
              ],
              [
                -73.99979567758,
                40.716335456466
              ],
              [
                -73.999808962507,
                40.71631393249
              ],
              [
                -73.999800176163,
                40.716310792396
              ],
              [
                -73.999832948775,
                40.716257698358
              ],
              [
                -73.999839082908,
                40.716247761235
              ],
              [
                -73.999826608772,
                40.71624330369
              ],
              [
                -73.999858300786,
                40.716191958434
              ],
              [
                -73.999960950844,
                40.716228639901
              ],
              [
                -74.00001858755,
                40.716249236377
              ],
              [
                -74.000022265885,
                40.716250551122
              ],
              [
                -73.999878406823,
                40.716483616645
              ],
              [
                -73.999873852681,
                40.716481989419
              ],
              [
                -73.999834261952,
                40.716467841452
              ],
              [
                -73.999793234461,
                40.716453180178
              ],
              [
                -73.999800897719,
                40.716440763954
              ],
              [
                -73.999722105731,
                40.716412607537
              ]
            ]
          ]
        ]
      },
      "id": "nyc-building-713984"
    },
    {
      "type": "Feature",
      "properties": {
        "building_id": "nyc-building-715732",
        "object_id": 715732,
        "bin": "1001418",
        "base_bbl": "1001320001",
        "name": "NYC Building 1001418",
        "use": "feature_code_2100",
        "feature_code": 2100,
        "construction_year": 1900,
        "height_roof_ft": 81.77,
        "height_m": 24.923496,
        "ground_elevation_ft": 21,
        "geometry_source": "Photogrammetric",
        "last_edited_date": "2017-08-22 18:26:36+00:00"
      },
      "geometry": {
        "type": "MultiPolygon",
        "coordinates": [
          [
            [
              [
                -74.010275881125,
                40.714564567246
              ],
              [
                -74.010234835652,
                40.714617378644
              ],
              [
                -74.010118039869,
                40.714767654463
              ],
              [
                -74.010075209805,
                40.714822762261
              ],
              [
                -74.010048245891,
                40.714857454985
              ],
              [
                -74.00997412423,
                40.714824101119
              ],
              [
                -74.010037842289,
                40.714742118504
              ],
              [
                -74.010201183438,
                40.714531953797
              ],
              [
                -74.010201758493,
                40.714531213526
              ],
              [
                -74.01024179112,
                40.714549227386
              ],
              [
                -74.010275881125,
                40.714564567246
              ]
            ]
          ]
        ]
      },
      "id": "nyc-building-715732"
    },
    {
      "type": "Feature",
      "properties": {
        "building_id": "nyc-building-721307",
        "object_id": 721307,
        "bin": "1003925",
        "base_bbl": "1003040009",
        "name": "NYC Building 1003925",
        "use": "feature_code_2100",
        "feature_code": 2100,
        "construction_year": 1900,
        "height_roof_ft": 44.88,
        "height_m": 13.679424,
        "ground_elevation_ft": 37,
        "geometry_source": "Photogrammetric",
        "last_edited_date": "2017-08-22 17:28:51+00:00"
      },
      "geometry": {
        "type": "MultiPolygon",
        "coordinates": [
          [
            [
              [
                -73.994675239751,
                40.717691815452
              ],
              [
                -73.994726845205,
                40.71770746419
              ],
              [
                -73.994983243146,
                40.717785211283
              ],
              [
                -73.994969482596,
                40.717811483066
              ],
              [
                -73.994956074779,
                40.717837079481
              ],
              [
                -73.994851398409,
                40.717805338171
              ],
              [
                -73.994636155673,
                40.717740070178
              ],
              [
                -73.994660672734,
                40.717693265499
              ],
              [
                -73.994663324249,
                40.717688202954
              ],
              [
                -73.994675239751,
                40.717691815452
              ]
            ]
          ]
        ]
      },
      "id": "nyc-building-721307"
    },
    {
      "type": "Feature",
      "properties": {
        "building_id": "nyc-building-721454",
        "object_id": 721454,
        "bin": "1077622",
        "base_bbl": "1004130020",
        "name": "NYC Building 1077622",
        "use": "feature_code_2100",
        "feature_code": 2100,
        "construction_year": 1920,
        "height_roof_ft": 93,
        "height_m": 28.3464,
        "ground_elevation_ft": 40,
        "geometry_source": "Other (Manual)",
        "last_edited_date": "2017-08-10 15:22:29+00:00"
      },
      "geometry": {
        "type": "MultiPolygon",
        "coordinates": [
          [
            [
              [
                -73.991610958369,
                40.717991196726
              ],
              [
                -73.991483882182,
                40.717953195777
              ],
              [
                -73.991513006706,
                40.717896814285
              ],
              [
                -73.991646863022,
                40.717936843643
              ],
              [
                -73.991617739778,
                40.717993224268
              ],
              [
                -73.991610958369,
                40.717991196726
              ]
            ]
          ]
        ]
      },
      "id": "nyc-building-721454"
    },
    {
      "type": "Feature",
      "properties": {
        "building_id": "nyc-building-722168",
        "object_id": 722168,
        "bin": "1078991",
        "base_bbl": "1000260014",
        "name": "NYC Building 1078991",
        "use": "feature_code_2100",
        "feature_code": 2100,
        "construction_year": 1904,
        "height_roof_ft": 325.73,
        "height_m": 99.282504,
        "ground_elevation_ft": 19,
        "geometry_source": "Photogrammetric",
        "last_edited_date": "2017-08-22 18:14:23+00:00"
      },
      "geometry": {
        "type": "MultiPolygon",
        "coordinates": [
          [
            [
              [
                -74.010103726233,
                40.706154252269
              ],
              [
                -74.010161706405,
                40.706058185093
              ],
              [
                -74.010203507392,
                40.70598892485
              ],
              [
                -74.010503588688,
                40.706093809251
              ],
              [
                -74.010527303834,
                40.706102098094
              ],
              [
                -74.010523291044,
                40.706108746938
              ],
              [
                -74.01052200274,
                40.706110880367
              ],
              [
                -74.010520199823,
                40.706113867529
              ],
              [
                -74.010510087399,
                40.706130622471
              ],
              [
                -74.010393658104,
                40.706323537026
              ],
              [
                -74.010393545717,
                40.706323722542
              ],
              [
                -74.010242248941,
                40.70627084186
              ],
              [
                -74.010276226634,
                40.706214544253
              ],
              [
                -74.010103726233,
                40.706154252269
              ]
            ]
          ]
        ]
      },
      "id": "nyc-building-722168"
    },
    {
      "type": "Feature",
      "properties": {
        "building_id": "nyc-building-722618",
        "object_id": 722618,
        "bin": "1003966",
        "base_bbl": "1003060030",
        "name": "NYC Building 1003966",
        "use": "feature_code_2100",
        "feature_code": 2100,
        "construction_year": 1930,
        "height_roof_ft": 32.53,
        "height_m": 9.915144,
        "ground_elevation_ft": 40,
        "geometry_source": "Photogrammetric",
        "last_edited_date": "2017-08-22 19:05:30+00:00"
      },
      "geometry": {
        "type": "MultiPolygon",
        "coordinates": [
          [
            [
              [
                -73.992683898541,
                40.716951308468
              ],
              [
                -73.992757531147,
                40.716972770481
              ],
              [
                -73.992784616293,
                40.716980664253
              ],
              [
                -73.992841965438,
                40.716997380402
              ],
              [
                -73.992868444661,
                40.717005097616
              ],
              [
                -73.992933494769,
                40.717024057367
              ],
              [
                -73.992926756758,
                40.717037442138
              ],
              [
                -73.99299505676,
                40.71705734939
              ],
              [
                -73.992963931948,
                40.717119172024
              ],
              [
                -73.99264603424,
                40.717026514873
              ],
              [
                -73.992683898541,
                40.716951308468
              ]
            ]
          ]
        ]
      },
      "id": "nyc-building-722618"
    },
    {
      "type": "Feature",
      "properties": {
        "building_id": "nyc-building-740822",
        "object_id": 740822,
        "bin": "1003510",
        "base_bbl": "1002810040",
        "name": "NYC Building 1003510",
        "use": "feature_code_2100",
        "feature_code": 2100,
        "construction_year": 1920,
        "height_roof_ft": 85.7,
        "height_m": 26.12136,
        "ground_elevation_ft": 36,
        "geometry_source": "Photogrammetric",
        "last_edited_date": "2017-08-22 17:58:23+00:00"
      },
      "geometry": {
        "type": "MultiPolygon",
        "coordinates": [
          [
            [
              [
                -73.995119260245,
                40.713990663536
              ],
              [
                -73.995119214116,
                40.713990308733
              ],
              [
                -73.995115707123,
                40.713963251842
              ],
              [
                -73.99511885634,
                40.713963015141
              ],
              [
                -73.995205571648,
                40.713956508992
              ],
              [
                -73.995227791949,
                40.714127953628
              ],
              [
                -73.995137927195,
                40.714134697396
              ],
              [
                -73.995119260245,
                40.713990663536
              ]
            ]
          ]
        ]
      },
      "id": "nyc-building-740822"
    },
    {
      "type": "Feature",
      "properties": {
        "building_id": "nyc-building-743811",
        "object_id": 743811,
        "bin": "1001173",
        "base_bbl": "1000750044",
        "name": "NYC Building 1001173",
        "use": "feature_code_2100",
        "feature_code": 2100,
        "construction_year": 1938,
        "height_roof_ft": 55,
        "height_m": 16.764,
        "ground_elevation_ft": 14,
        "geometry_source": "Other (Manual)",
        "last_edited_date": "2017-08-22 18:21:48+00:00"
      },
      "geometry": {
        "type": "MultiPolygon",
        "coordinates": [
          [
            [
              [
                -74.005031254047,
                40.708006523656
              ],
              [
                -74.005026466539,
                40.707995660997
              ],
              [
                -74.005009225608,
                40.707956541736
              ],
              [
                -74.005080021005,
                40.707938471673
              ],
              [
                -74.005099332027,
                40.707982285197
              ],
              [
                -74.005105442772,
                40.707980725241
              ],
              [
                -74.005109349729,
                40.707989732882
              ],
              [
                -74.005159284554,
                40.708104857425
              ],
              [
                -74.005193746667,
                40.708184307988
              ],
              [
                -74.005121955412,
                40.708212314406
              ],
              [
                -74.005083655161,
                40.708125415863
              ],
              [
                -74.005031254047,
                40.708006523656
              ]
            ]
          ]
        ]
      },
      "id": "nyc-building-743811"
    },
    {
      "type": "Feature",
      "properties": {
        "building_id": "nyc-building-75021",
        "object_id": 75021,
        "bin": "1001811",
        "base_bbl": "1001640021",
        "name": "NYC Building 1001811",
        "use": "feature_code_2100",
        "feature_code": 2100,
        "construction_year": 1915,
        "height_roof_ft": 51.679012,
        "height_m": 15.751763,
        "ground_elevation_ft": 30,
        "geometry_source": "Photogrammetric",
        "last_edited_date": "2017-08-22 19:42:14+00:00"
      },
      "geometry": {
        "type": "MultiPolygon",
        "coordinates": [
          [
            [
              [
                -73.998948050596,
                40.715536361455
              ],
              [
                -73.998949668476,
                40.715533460926
              ],
              [
                -73.999027865027,
                40.715558719128
              ],
              [
                -73.998999575107,
                40.715617623074
              ],
              [
                -73.998989427507,
                40.715638750761
              ],
              [
                -73.998949464319,
                40.715721959368
              ],
              [
                -73.998860529808,
                40.715693233143
              ],
              [
                -73.998864286338,
                40.715686500063
              ],
              [
                -73.998890926431,
                40.715638749857
              ],
              [
                -73.998948050596,
                40.715536361455
              ]
            ]
          ]
        ]
      },
      "id": "nyc-building-75021"
    },
    {
      "type": "Feature",
      "properties": {
        "building_id": "nyc-building-76011",
        "object_id": 76011,
        "bin": "1081953",
        "base_bbl": "1003010011",
        "name": "NYC Building 1081953",
        "use": "feature_code_2100",
        "feature_code": 2100,
        "construction_year": 1900,
        "height_roof_ft": 30.34,
        "height_m": 9.247632,
        "ground_elevation_ft": 41,
        "geometry_source": "Photogrammetric",
        "last_edited_date": "2018-12-07 18:34:35+00:00"
      },
      "geometry": {
        "type": "MultiPolygon",
        "coordinates": [
          [
            [
              [
                -73.993535827518,
                40.715661306325
              ],
              [
                -73.993602484834,
                40.715532660426
              ],
              [
                -73.993689114046,
                40.715558647633
              ],
              [
                -73.993635548742,
                40.715662027785
              ],
              [
                -73.99362245687,
                40.715687293582
              ],
              [
                -73.993535827518,
                40.715661306325
              ]
            ]
          ]
        ]
      },
      "id": "nyc-building-76011"
    },
    {
      "type": "Feature",
      "properties": {
        "building_id": "nyc-building-760856",
        "object_id": 760856,
        "bin": "1006918",
        "base_bbl": "1004700002",
        "name": "NYC Building 1006918",
        "use": "feature_code_2100",
        "feature_code": 2100,
        "construction_year": 1920,
        "height_roof_ft": 56.54,
        "height_m": 17.233392,
        "ground_elevation_ft": 32,
        "geometry_source": "Photogrammetric",
        "last_edited_date": "2017-08-22 17:58:21+00:00"
      },
      "geometry": {
        "type": "MultiPolygon",
        "coordinates": [
          [
            [
              [
                -73.996100080354,
                40.719403351332
              ],
              [
                -73.996109430219,
                40.719387715193
              ],
              [
                -73.996095582833,
                40.719382922211
              ],
              [
                -73.996086232966,
                40.719398558349
              ],
              [
                -73.996072545357,
                40.7193938203
              ],
              [
                -73.995962356923,
                40.719355679893
              ],
              [
                -73.995999125556,
                40.719294188051
              ],
              [
                -73.996026138563,
                40.719303538081
              ],
              [
                -73.996102657702,
                40.719330024693
              ],
              [
                -73.996123001509,
                40.719337066467
              ],
              [
                -73.996113211807,
                40.719345213952
              ],
              [
                -73.99613604667,
                40.719358197372
              ],
              [
                -73.996155238682,
                40.719348224866
              ],
              [
                -73.996255307963,
                40.719382862676
              ],
              [
                -73.996229187818,
                40.719448040736
              ],
              [
                -73.996100080354,
                40.719403351332
              ]
            ]
          ]
        ]
      },
      "id": "nyc-building-760856"
    },
    {
      "type": "Feature",
      "properties": {
        "building_id": "nyc-building-762981",
        "object_id": 762981,
        "bin": "1003524",
        "base_bbl": "1002810060",
        "name": "NYC Building 1003524",
        "use": "feature_code_2100",
        "feature_code": 2100,
        "construction_year": 1910,
        "height_roof_ft": 41.84,
        "height_m": 12.752832,
        "ground_elevation_ft": 36,
        "geometry_source": "Photogrammetric",
        "last_edited_date": "2017-08-22 18:13:43+00:00"
      },
      "geometry": {
        "type": "MultiPolygon",
        "coordinates": [
          [
            [
              [
                -73.99685166877,
                40.713969513283
              ],
              [
                -73.996846404271,
                40.713928895607
              ],
              [
                -73.996834378758,
                40.713836129174
              ],
              [
                -73.996833748204,
                40.713831269101
              ],
              [
                -73.99691961226,
                40.713824824673
              ],
              [
                -73.996920080745,
                40.713828434833
              ],
              [
                -73.996942228515,
                40.713999291105
              ],
              [
                -73.996856364236,
                40.71400573555
              ],
              [
                -73.99685166877,
                40.713969513283
              ]
            ]
          ]
        ]
      },
      "id": "nyc-building-762981"
    },
    {
      "type": "Feature",
      "properties": {
        "building_id": "nyc-building-763667",
        "object_id": 763667,
        "bin": "1003576",
        "base_bbl": "1002830038",
        "name": "NYC Building 1003576",
        "use": "feature_code_2100",
        "feature_code": 2100,
        "construction_year": 1910,
        "height_roof_ft": 58.24,
        "height_m": 17.751552,
        "ground_elevation_ft": 39,
        "geometry_source": "Photogrammetric",
        "last_edited_date": "2017-08-22 17:31:55+00:00"
      },
      "geometry": {
        "type": "MultiPolygon",
        "coordinates": [
          [
            [
              [
                -73.991669362875,
                40.713762468072
              ],
              [
                -73.991679842102,
                40.713755572719
              ],
              [
                -73.991675844451,
                40.713726485035
              ],
              [
                -73.991663416657,
                40.713719208911
              ],
              [
                -73.991658369057,
                40.713682491123
              ],
              [
                -73.991686128568,
                40.713680282377
              ],
              [
                -73.991681805763,
                40.71364883173
              ],
              [
                -73.991715243553,
                40.71364617043
              ],
              [
                -73.991719566375,
                40.713677621076
              ],
              [
                -73.991746687991,
                40.713675462698
              ],
              [
                -73.991751733273,
                40.713712171476
              ],
              [
                -73.991742078666,
                40.713721214612
              ],
              [
                -73.991746076345,
                40.713750301393
              ],
              [
                -73.991757677183,
                40.713755414423
              ],
              [
                -73.991766849052,
                40.713822136615
              ],
              [
                -73.991678529926,
                40.713829165956
              ],
              [
                -73.991669362875,
                40.713762468072
              ]
            ]
          ]
        ]
      },
      "id": "nyc-building-763667"
    },
    {
      "type": "Feature",
      "properties": {
        "building_id": "nyc-building-766974",
        "object_id": 766974,
        "bin": "1079598",
        "base_bbl": "1002380036",
        "name": "NYC Building 1079598",
        "use": "feature_code_2100",
        "feature_code": 2100,
        "construction_year": 1900,
        "height_roof_ft": 47.05,
        "height_m": 14.34084,
        "ground_elevation_ft": 38,
        "geometry_source": "Photogrammetric",
        "last_edited_date": "2017-08-22 18:49:55+00:00"
      },
      "geometry": {
        "type": "MultiPolygon",
        "coordinates": [
          [
            [
              [
                -73.996542513434,
                40.717872887372
              ],
              [
                -73.996592121959,
                40.717790010398
              ],
              [
                -73.996602874087,
                40.717772048239
              ],
              [
                -73.996682325623,
                40.71779958005
              ],
              [
                -73.996656657377,
                40.717842462503
              ],
              [
                -73.996614557877,
                40.717912796519
              ],
              [
                -73.99653510505,
                40.717885263761
              ],
              [
                -73.996542513434,
                40.717872887372
              ]
            ]
          ]
        ]
      },
      "id": "nyc-building-766974"
    },
    {
      "type": "Feature",
      "properties": {
        "building_id": "nyc-building-769364",
        "object_id": 769364,
        "bin": "1001033",
        "base_bbl": "1000510013",
        "name": "American Stock Exchange",
        "use": "feature_code_2100",
        "feature_code": 2100,
        "construction_year": 1921,
        "height_roof_ft": 216.72,
        "height_m": 66.056256,
        "ground_elevation_ft": 18,
        "geometry_source": "Photogrammetric",
        "last_edited_date": "2023-05-10 16:35:31+00:00"
      },
      "geometry": {
        "type": "MultiPolygon",
        "coordinates": [
          [
            [
              [
                -74.012658993625,
                40.708937083563
              ],
              [
                -74.012564222335,
                40.708895982009
              ],
              [
                -74.012468317398,
                40.708854387919
              ],
              [
                -74.012421767977,
                40.708834199888
              ],
              [
                -74.012622670729,
                40.708529046993
              ],
              [
                -74.012762608089,
                40.708574875688
              ],
              [
                -74.012790597715,
                40.708584042487
              ],
              [
                -74.012846849277,
                40.708498600215
              ],
              [
                -74.012953578036,
                40.70853928956
              ],
              [
                -74.013090524157,
                40.708591498316
              ],
              [
                -74.01318808732,
                40.708628693602
              ],
              [
                -74.012994343315,
                40.709082521076
              ],
              [
                -74.012858009098,
                40.709023394413
              ],
              [
                -74.01271099427,
                40.708959635638
              ],
              [
                -74.012658993625,
                40.708937083563
              ]
            ]
          ]
        ]
      },
      "id": "nyc-building-769364"
    },
    {
      "type": "Feature",
      "properties": {
        "building_id": "nyc-building-781437",
        "object_id": 781437,
        "bin": "1079024",
        "base_bbl": "1003080022",
        "name": "NYC Building 1079024",
        "use": "feature_code_2100",
        "feature_code": 2100,
        "construction_year": 1910,
        "height_roof_ft": 52.57,
        "height_m": 16.023336,
        "ground_elevation_ft": 39,
        "geometry_source": "Photogrammetric",
        "last_edited_date": "2017-08-22 19:32:24+00:00"
      },
      "geometry": {
        "type": "MultiPolygon",
        "coordinates": [
          [
            [
              [
                -73.991129772808,
                40.71656707488
              ],
              [
                -73.991164075094,
                40.716500168699
              ],
              [
                -73.991322120825,
                40.716547080195
              ],
              [
                -73.991287818674,
                40.716613986422
              ],
              [
                -73.991129772808,
                40.71656707488
              ]
            ]
          ]
        ]
      },
      "id": "nyc-building-781437"
    },
    {
      "type": "Feature",
      "properties": {
        "building_id": "nyc-building-790884",
        "object_id": 790884,
        "bin": "1003090",
        "base_bbl": "1002370014",
        "name": "NYC Building 1003090",
        "use": "feature_code_2100",
        "feature_code": 2100,
        "construction_year": 1900,
        "height_roof_ft": 88.27,
        "height_m": 26.904696,
        "ground_elevation_ft": 29,
        "geometry_source": "Photogrammetric",
        "last_edited_date": "2017-08-22 19:10:28+00:00"
      },
      "geometry": {
        "type": "MultiPolygon",
        "coordinates": [
          [
            [
              [
                -73.996765828509,
                40.719046601591
              ],
              [
                -73.99680847271,
                40.718957591868
              ],
              [
                -73.99682896324,
                40.718914819108
              ],
              [
                -73.996832147313,
                40.718908172531
              ],
              [
                -73.996847798974,
                40.718875502456
              ],
              [
                -73.996851045777,
                40.718868727107
              ],
              [
                -73.996887014641,
                40.718878703034
              ],
              [
                -73.996961389304,
                40.718899329401
              ],
              [
                -73.997017729258,
                40.718914954722
              ],
              [
                -73.99710186228,
                40.718938288183
              ],
              [
                -73.997010876399,
                40.719128207923
              ],
              [
                -73.996765828509,
                40.719046601591
              ]
            ]
          ]
        ]
      },
      "id": "nyc-building-790884"
    },
    {
      "type": "Feature",
      "properties": {
        "building_id": "nyc-building-792315",
        "object_id": 792315,
        "bin": "1083361",
        "base_bbl": "1001790006",
        "name": "NYC Building 1083361",
        "use": "feature_code_2100",
        "feature_code": 2100,
        "construction_year": 1920,
        "height_roof_ft": 70.48,
        "height_m": 21.482304,
        "ground_elevation_ft": 13,
        "geometry_source": "Photogrammetric",
        "last_edited_date": "2017-08-22 18:31:12+00:00"
      },
      "geometry": {
        "type": "MultiPolygon",
        "coordinates": [
          [
            [
              [
                -74.008058156371,
                40.718309390029
              ],
              [
                -74.008234649065,
                40.718083862788
              ],
              [
                -74.008303511204,
                40.718115104641
              ],
              [
                -74.008311717141,
                40.718118827658
              ],
              [
                -74.00831073141,
                40.718120084842
              ],
              [
                -74.008135038789,
                40.718344270382
              ],
              [
                -74.008058156371,
                40.718309390029
              ]
            ]
          ]
        ]
      },
      "id": "nyc-building-792315"
    },
    {
      "type": "Feature",
      "properties": {
        "building_id": "nyc-building-800758",
        "object_id": 800758,
        "bin": "1003585",
        "base_bbl": "1002830054",
        "name": "NYC Building 1003585",
        "use": "feature_code_2100",
        "feature_code": 2100,
        "construction_year": 1910,
        "height_roof_ft": 57.4,
        "height_m": 17.49552,
        "ground_elevation_ft": 39,
        "geometry_source": "Photogrammetric",
        "last_edited_date": "2017-08-22 18:13:10+00:00"
      },
      "geometry": {
        "type": "MultiPolygon",
        "coordinates": [
          [
            [
              [
                -73.991979096034,
                40.714018054079
              ],
              [
                -73.992071294846,
                40.714010461956
              ],
              [
                -73.99209144548,
                40.71415214698
              ],
              [
                -73.991999246474,
                40.714159739119
              ],
              [
                -73.991979096034,
                40.714018054079
              ]
            ]
          ]
        ]
      },
      "id": "nyc-building-800758"
    },
    {
      "type": "Feature",
      "properties": {
        "building_id": "nyc-building-803080",
        "object_id": 803080,
        "bin": "1001280",
        "base_bbl": "1000930001",
        "name": "NYC Building 1001280",
        "use": "feature_code_2100",
        "feature_code": 2100,
        "construction_year": 1927,
        "height_roof_ft": 282.424444,
        "height_m": 86.082971,
        "ground_elevation_ft": 27,
        "geometry_source": "Photogrammetric",
        "last_edited_date": "2017-08-22 19:10:30+00:00"
      },
      "geometry": {
        "type": "MultiPolygon",
        "coordinates": [
          [
            [
              [
                -74.005405861675,
                40.709332602237
              ],
              [
                -74.005537539627,
                40.709211596089
              ],
              [
                -74.005612046071,
                40.709249250956
              ],
              [
                -74.005907336582,
                40.709398488698
              ],
              [
                -74.006301816331,
                40.709597854447
              ],
              [
                -74.006093272902,
                40.709807075127
              ],
              [
                -74.006053823421,
                40.709846652872
              ],
              [
                -74.006004141183,
                40.709821506901
              ],
              [
                -74.005819670715,
                40.709728137878
              ],
              [
                -74.005641036299,
                40.70963772285
              ],
              [
                -74.005465538473,
                40.709548894995
              ],
              [
                -74.005275283713,
                40.709452596909
              ],
              [
                -74.005405861675,
                40.709332602237
              ]
            ]
          ]
        ]
      },
      "id": "nyc-building-803080"
    },
    {
      "type": "Feature",
      "properties": {
        "building_id": "nyc-building-807031",
        "object_id": 807031,
        "bin": "1001698",
        "base_bbl": "1001620023",
        "name": "NYC Building 1001698",
        "use": "feature_code_2100",
        "feature_code": 2100,
        "construction_year": 1915,
        "height_roof_ft": 46.676999,
        "height_m": 14.227149,
        "ground_elevation_ft": 37,
        "geometry_source": "Photogrammetric",
        "last_edited_date": "2017-08-22 18:12:57+00:00"
      },
      "geometry": {
        "type": "MultiPolygon",
        "coordinates": [
          [
            [
              [
                -73.99824097483,
                40.714830675007
              ],
              [
                -73.998261611456,
                40.714774478061
              ],
              [
                -73.998298538573,
                40.7146739177
              ],
              [
                -73.998324307527,
                40.714677347221
              ],
              [
                -73.99836505571,
                40.714682770681
              ],
              [
                -73.998371864235,
                40.714683676691
              ],
              [
                -73.998369916102,
                40.714688982471
              ],
              [
                -73.998355115719,
                40.714729288212
              ],
              [
                -73.998312315822,
                40.714845842472
              ],
              [
                -73.99824097483,
                40.714830675007
              ]
            ]
          ]
        ]
      },
      "id": "nyc-building-807031"
    },
    {
      "type": "Feature",
      "properties": {
        "building_id": "nyc-building-8116",
        "object_id": 8116,
        "bin": "1079635",
        "base_bbl": "1002970009",
        "name": "NYC Building 1079635",
        "use": "feature_code_2100",
        "feature_code": 2100,
        "construction_year": 1910,
        "height_roof_ft": 55.41,
        "height_m": 16.888968,
        "ground_elevation_ft": 35,
        "geometry_source": "Photogrammetric",
        "last_edited_date": "2017-08-22 18:19:12+00:00"
      },
      "geometry": {
        "type": "MultiPolygon",
        "coordinates": [
          [
            [
              [
                -73.990587708857,
                40.715438636507
              ],
              [
                -73.990437956304,
                40.715393935438
              ],
              [
                -73.990470717297,
                40.715330392733
              ],
              [
                -73.990621201095,
                40.715375311743
              ],
              [
                -73.990669009726,
                40.715389582414
              ],
              [
                -73.990669406179,
                40.715389700413
              ],
              [
                -73.990660685037,
                40.715406614894
              ],
              [
                -73.990636645346,
                40.715453243174
              ],
              [
                -73.990587708857,
                40.715438636507
              ]
            ]
          ]
        ]
      },
      "id": "nyc-building-8116"
    },
    {
      "type": "Feature",
      "properties": {
        "building_id": "nyc-building-823954",
        "object_id": 823954,
        "bin": "1001258",
        "base_bbl": "1000900020",
        "name": "NYC Building 1001258",
        "use": "feature_code_2100",
        "feature_code": 2100,
        "construction_year": 1923,
        "height_roof_ft": 138,
        "height_m": 42.0624,
        "ground_elevation_ft": 33,
        "geometry_source": "Other (Manual)",
        "last_edited_date": "2017-08-22 18:33:51+00:00"
      },
      "geometry": {
        "type": "MultiPolygon",
        "coordinates": [
          [
            [
              [
                -74.007314690877,
                40.710710520039
              ],
              [
                -74.00738833436,
                40.71065765804
              ],
              [
                -74.007590043094,
                40.710778041434
              ],
              [
                -74.007499763431,
                40.710842845423
              ],
              [
                -74.007473012246,
                40.710862047859
              ],
              [
                -74.007447995073,
                40.710841867228
              ],
              [
                -74.007299069947,
                40.710721733294
              ],
              [
                -74.007314690877,
                40.710710520039
              ]
            ]
          ]
        ]
      },
      "id": "nyc-building-823954"
    },
    {
      "type": "Feature",
      "properties": {
        "building_id": "nyc-building-829796",
        "object_id": 829796,
        "bin": "1003543",
        "base_bbl": "1002820033",
        "name": "NYC Building 1003543",
        "use": "feature_code_2100",
        "feature_code": 2100,
        "construction_year": 1900,
        "height_roof_ft": 56.95,
        "height_m": 17.35836,
        "ground_elevation_ft": 39,
        "geometry_source": "Photogrammetric",
        "last_edited_date": "2017-08-22 19:31:27+00:00"
      },
      "geometry": {
        "type": "MultiPolygon",
        "coordinates": [
          [
            [
              [
                -73.993738722663,
                40.71346503713
              ],
              [
                -73.993732468729,
                40.713420553363
              ],
              [
                -73.993745257244,
                40.713419512167
              ],
              [
                -73.993772078626,
                40.713462322098
              ],
              [
                -73.993827456429,
                40.71356086256
              ],
              [
                -73.993848331564,
                40.71359800704
              ],
              [
                -73.99385096185,
                40.713616717991
              ],
              [
                -73.993855534106,
                40.713649236576
              ],
              [
                -73.993765648502,
                40.713656553798
              ],
              [
                -73.993751109926,
                40.713553141967
              ],
              [
                -73.993738722663,
                40.71346503713
              ]
            ]
          ]
        ]
      },
      "id": "nyc-building-829796"
    },
    {
      "type": "Feature",
      "properties": {
        "building_id": "nyc-building-843774",
        "object_id": 843774,
        "bin": "1005573",
        "base_bbl": "1004180047",
        "name": "NYC Building 1005573",
        "use": "feature_code_2100",
        "feature_code": 2100,
        "construction_year": 1900,
        "height_roof_ft": 67.84,
        "height_m": 20.677632,
        "ground_elevation_ft": 40,
        "geometry_source": "Photogrammetric",
        "last_edited_date": "2017-08-22 18:43:58+00:00"
      },
      "geometry": {
        "type": "MultiPolygon",
        "coordinates": [
          [
            [
              [
                -73.992117932541,
                40.71821785582
              ],
              [
                -73.992049654155,
                40.718197483389
              ],
              [
                -73.992081890563,
                40.718134937978
              ],
              [
                -73.992152391504,
                40.718155974217
              ],
              [
                -73.992159778898,
                40.718168239668
              ],
              [
                -73.99219728159,
                40.718179429253
              ],
              [
                -73.992193737267,
                40.718186304407
              ],
              [
                -73.992240667729,
                40.718200307809
              ],
              [
                -73.992244210864,
                40.718193432653
              ],
              [
                -73.992282004726,
                40.718204709579
              ],
              [
                -73.992300747527,
                40.718202469464
              ],
              [
                -73.992306080633,
                40.718201832259
              ],
              [
                -73.992370252357,
                40.718220979572
              ],
              [
                -73.992357087275,
                40.718246521669
              ],
              [
                -73.992337065582,
                40.718285368345
              ],
              [
                -73.992263789137,
                40.718263503563
              ],
              [
                -73.992254877106,
                40.718253017424
              ],
              [
                -73.992215683142,
                40.718241322558
              ],
              [
                -73.992217581971,
                40.7182376396
              ],
              [
                -73.992172756933,
                40.718224264888
              ],
              [
                -73.992171186017,
                40.718227313008
              ],
              [
                -73.992133685669,
                40.718216123415
              ],
              [
                -73.992117932541,
                40.71821785582
              ]
            ]
          ]
        ]
      },
      "id": "nyc-building-843774"
    },
    {
      "type": "Feature",
      "properties": {
        "building_id": "nyc-building-844767",
        "object_id": 844767,
        "bin": "1003250",
        "base_bbl": "1002730017",
        "name": "NYC Building 1003250",
        "use": "feature_code_2100",
        "feature_code": 2100,
        "construction_year": 1910,
        "height_roof_ft": 62.13,
        "height_m": 18.937224,
        "ground_elevation_ft": 25,
        "geometry_source": "Photogrammetric",
        "last_edited_date": "2017-08-22 18:09:01+00:00"
      },
      "geometry": {
        "type": "MultiPolygon",
        "coordinates": [
          [
            [
              [
                -73.990642140207,
                40.712890601163
              ],
              [
                -73.990649553364,
                40.712881787566
              ],
              [
                -73.99064560185,
                40.712856401847
              ],
              [
                -73.990655834047,
                40.712855480554
              ],
              [
                -73.99065221833,
                40.71283224078
              ],
              [
                -73.990641986136,
                40.712833162072
              ],
              [
                -73.990633788713,
                40.712780486028
              ],
              [
                -73.990623837006,
                40.712772979461
              ],
              [
                -73.99061437683,
                40.712712184307
              ],
              [
                -73.990698468591,
                40.712704607929
              ],
              [
                -73.990707928843,
                40.712765402175
              ],
              [
                -73.990698271832,
                40.712774675756
              ],
              [
                -73.990706469305,
                40.712827352696
              ],
              [
                -73.990691949439,
                40.712828660866
              ],
              [
                -73.990695566354,
                40.712851900639
              ],
              [
                -73.990710085041,
                40.712850592469
              ],
              [
                -73.990714035396,
                40.712875978186
              ],
              [
                -73.99072623219,
                40.712883024765
              ],
              [
                -73.99073543473,
                40.712942162047
              ],
              [
                -73.99073586985,
                40.712944959969
              ],
              [
                -73.990731732468,
                40.712945333348
              ],
              [
                -73.99065177779,
                40.712952537274
              ],
              [
                -73.990642140207,
                40.712890601163
              ]
            ]
          ]
        ]
      },
      "id": "nyc-building-844767"
    },
    {
      "type": "Feature",
      "properties": {
        "building_id": "nyc-building-847321",
        "object_id": 847321,
        "bin": "1002395",
        "base_bbl": "1002000022",
        "name": "NYC Building 1002395",
        "use": "feature_code_2100",
        "feature_code": 2100,
        "construction_year": 1915,
        "height_roof_ft": 53.94,
        "height_m": 16.440912,
        "ground_elevation_ft": 32,
        "geometry_source": "Photogrammetric",
        "last_edited_date": "2017-08-22 18:26:21+00:00"
      },
      "geometry": {
        "type": "MultiPolygon",
        "coordinates": [
          [
            [
              [
                -73.998121937538,
                40.7164037883
              ],
              [
                -73.998178617104,
                40.716310736775
              ],
              [
                -73.998265914116,
                40.716341522067
              ],
              [
                -73.998371816974,
                40.716378867774
              ],
              [
                -73.998395257331,
                40.716387133887
              ],
              [
                -73.998465222203,
                40.716411807022
              ],
              [
                -73.99851249944,
                40.716428478789
              ],
              [
                -73.998489285239,
                40.716466589885
              ],
              [
                -73.998482008752,
                40.716478535059
              ],
              [
                -73.99846745762,
                40.716473403759
              ],
              [
                -73.998351447481,
                40.716432493776
              ],
              [
                -73.998325258904,
                40.716475488264
              ],
              [
                -73.998121937538,
                40.7164037883
              ]
            ]
          ]
        ]
      },
      "id": "nyc-building-847321"
    },
    {
      "type": "Feature",
      "properties": {
        "building_id": "nyc-building-847958",
        "object_id": 847958,
        "bin": "1002624",
        "base_bbl": "1002040031",
        "name": "NYC Building 1002624",
        "use": "feature_code_2100",
        "feature_code": 2100,
        "construction_year": 1912,
        "height_roof_ft": 61.13,
        "height_m": 18.632424,
        "ground_elevation_ft": 39,
        "geometry_source": "Photogrammetric",
        "last_edited_date": "2017-08-22 18:26:21+00:00"
      },
      "geometry": {
        "type": "MultiPolygon",
        "coordinates": [
          [
            [
              [
                -73.997167866607,
                40.716960605651
              ],
              [
                -73.997175593143,
                40.716948104957
              ],
              [
                -73.997267337245,
                40.716799679662
              ],
              [
                -73.99733374097,
                40.716823441182
              ],
              [
                -73.997234269273,
                40.716984368128
              ],
              [
                -73.997179141814,
                40.716964640213
              ],
              [
                -73.997167866607,
                40.716960605651
              ]
            ]
          ]
        ]
      },
      "id": "nyc-building-847958"
    },
    {
      "type": "Feature",
      "properties": {
        "building_id": "nyc-building-850314",
        "object_id": 850314,
        "bin": "1005460",
        "base_bbl": "1004140021",
        "name": "NYC Building 1005460",
        "use": "feature_code_2100",
        "feature_code": 2100,
        "construction_year": 1900,
        "height_roof_ft": 56.97,
        "height_m": 17.364456,
        "ground_elevation_ft": 39,
        "geometry_source": "Photogrammetric",
        "last_edited_date": "2017-08-22 17:54:00+00:00"
      },
      "geometry": {
        "type": "MultiPolygon",
        "coordinates": [
          [
            [
              [
                -73.991012878545,
                40.718964335558
              ],
              [
                -73.990806422119,
                40.718901967947
              ],
              [
                -73.990839609387,
                40.71883837117
              ],
              [
                -73.990909850274,
                40.71885959005
              ],
              [
                -73.991026883407,
                40.718894944248
              ],
              [
                -73.991064607615,
                40.718906340434
              ],
              [
                -73.991031420528,
                40.718969937275
              ],
              [
                -73.991012878545,
                40.718964335558
              ]
            ]
          ]
        ]
      },
      "id": "nyc-building-850314"
    },
    {
      "type": "Feature",
      "properties": {
        "building_id": "nyc-building-850746",
        "object_id": 850746,
        "bin": "1003912",
        "base_bbl": "1003030020",
        "name": "NYC Building 1003912",
        "use": "feature_code_2100",
        "feature_code": 2100,
        "construction_year": 1910,
        "height_roof_ft": 69.35,
        "height_m": 21.13788,
        "ground_elevation_ft": 41,
        "geometry_source": "Photogrammetric",
        "last_edited_date": "2017-08-22 18:26:10+00:00"
      },
      "geometry": {
        "type": "MultiPolygon",
        "coordinates": [
          [
            [
              [
                -73.994618312827,
                40.716947166495
              ],
              [
                -73.994671651588,
                40.716843777788
              ],
              [
                -73.994780751464,
                40.716876363245
              ],
              [
                -73.994822999661,
                40.7168889813
              ],
              [
                -73.99479676541,
                40.716939832834
              ],
              [
                -73.994810333414,
                40.716953022319
              ],
              [
                -73.994782017002,
                40.717007910743
              ],
              [
                -73.994654207115,
                40.716969738555
              ],
              [
                -73.994629022451,
                40.716962216322
              ],
              [
                -73.994618312827,
                40.716947166495
              ]
            ]
          ]
        ]
      },
      "id": "nyc-building-850746"
    },
    {
      "type": "Feature",
      "properties": {
        "building_id": "nyc-building-858957",
        "object_id": 858957,
        "bin": "1079115",
        "base_bbl": "1000970030",
        "name": "NYC Building 1079115",
        "use": "feature_code_2100",
        "feature_code": 2100,
        "construction_year": 1900,
        "height_roof_ft": 56.79,
        "height_m": 17.309592,
        "ground_elevation_ft": 4,
        "geometry_source": "Photogrammetric",
        "last_edited_date": "2017-08-22 17:40:42+00:00"
      },
      "geometry": {
        "type": "MultiPolygon",
        "coordinates": [
          [
            [
              [
                -74.001637957395,
                40.707521849752
              ],
              [
                -74.001776731649,
                40.707447018796
              ],
              [
                -74.001775293838,
                40.707445475342
              ],
              [
                -74.001792917202,
                40.707435971971
              ],
              [
                -74.001832687248,
                40.707480833921
              ],
              [
                -74.001743915905,
                40.707526405681
              ],
              [
                -74.001672079165,
                40.70756328359
              ],
              [
                -74.001637957395,
                40.707521849752
              ]
            ]
          ]
        ]
      },
      "id": "nyc-building-858957"
    },
    {
      "type": "Feature",
      "properties": {
        "building_id": "nyc-building-863403",
        "object_id": 863403,
        "bin": "1003407",
        "base_bbl": "1002800010",
        "name": "NYC Building 1003407",
        "use": "feature_code_2100",
        "feature_code": 2100,
        "construction_year": 1900,
        "height_roof_ft": 57.65,
        "height_m": 17.57172,
        "ground_elevation_ft": 32,
        "geometry_source": "Photogrammetric",
        "last_edited_date": "2017-08-22 17:40:32+00:00"
      },
      "geometry": {
        "type": "MultiPolygon",
        "coordinates": [
          [
            [
              [
                -73.995836088085,
                40.713243593812
              ],
              [
                -73.995828653321,
                40.713191902427
              ],
              [
                -73.99584011221,
                40.713180443842
              ],
              [
                -73.995835994404,
                40.713151818259
              ],
              [
                -73.99584599343,
                40.713150984747
              ],
              [
                -73.995843322356,
                40.713132409816
              ],
              [
                -73.995841969075,
                40.713123004833
              ],
              [
                -73.995831970054,
                40.713123837444
              ],
              [
                -73.995824803833,
                40.713074018229
              ],
              [
                -73.995810177066,
                40.713063451105
              ],
              [
                -73.995801891815,
                40.713005849634
              ],
              [
                -73.995801444668,
                40.713002738354
              ],
              [
                -73.995822420207,
                40.713000991225
              ],
              [
                -73.99589820741,
                40.712994680468
              ],
              [
                -73.995906939895,
                40.713055393212
              ],
              [
                -73.995894859646,
                40.713068183637
              ],
              [
                -73.995901679316,
                40.713115591267
              ],
              [
                -73.995902025919,
                40.713118003747
              ],
              [
                -73.995889716794,
                40.713119028991
              ],
              [
                -73.99588852387,
                40.713119128004
              ],
              [
                -73.995888558176,
                40.713119363039
              ],
              [
                -73.995892548243,
                40.713147107916
              ],
              [
                -73.995906050298,
                40.713145983659
              ],
              [
                -73.995909560099,
                40.713170390326
              ],
              [
                -73.995925415151,
                40.713183844518
              ],
              [
                -73.995933162288,
                40.713237702536
              ],
              [
                -73.995836399197,
                40.713245761352
              ],
              [
                -73.995836088085,
                40.713243593812
              ]
            ]
          ]
        ]
      },
      "id": "nyc-building-863403"
    },
    {
      "type": "Feature",
      "properties": {
        "building_id": "nyc-building-866091",
        "object_id": 866091,
        "bin": "1003326",
        "base_bbl": "1002760056",
        "name": "NYC Building 1003326",
        "use": "feature_code_2100",
        "feature_code": 2100,
        "construction_year": 1900,
        "height_roof_ft": 56.69,
        "height_m": 17.279112,
        "ground_elevation_ft": 16,
        "geometry_source": "Photogrammetric",
        "last_edited_date": "2017-08-22 18:43:37+00:00"
      },
      "geometry": {
        "type": "MultiPolygon",
        "coordinates": [
          [
            [
              [
                -73.996751939574,
                40.711753254489
              ],
              [
                -73.996699279282,
                40.71175763758
              ],
              [
                -73.996651866315,
                40.711761584952
              ],
              [
                -73.996639026464,
                40.711755252186
              ],
              [
                -73.996543398155,
                40.711763212574
              ],
              [
                -73.996533189495,
                40.711771462748
              ],
              [
                -73.996479189529,
                40.711775958262
              ],
              [
                -73.996447826233,
                40.711778568781
              ],
              [
                -73.996437077617,
                40.711703802632
              ],
              [
                -73.996521268005,
                40.711696795628
              ],
              [
                -73.996522441967,
                40.711696697508
              ],
              [
                -73.996522530722,
                40.711696744337
              ],
              [
                -73.996534772914,
                40.711703213976
              ],
              [
                -73.996630401138,
                40.711695253595
              ],
              [
                -73.996634200082,
                40.71169226401
              ],
              [
                -73.996641118656,
                40.711686818822
              ],
              [
                -73.996731550407,
                40.711679291351
              ],
              [
                -73.996733758285,
                40.711687297856
              ],
              [
                -73.996751939574,
                40.711753254489
              ]
            ]
          ]
        ]
      },
      "id": "nyc-building-866091"
    },
    {
      "type": "Feature",
      "properties": {
        "building_id": "nyc-building-86988",
        "object_id": 86988,
        "bin": "1003933",
        "base_bbl": "1003040019",
        "name": "NYC Building 1003933",
        "use": "feature_code_2100",
        "feature_code": 2100,
        "construction_year": 1910,
        "height_roof_ft": 67.15,
        "height_m": 20.46732,
        "ground_elevation_ft": 36,
        "geometry_source": "Photogrammetric",
        "last_edited_date": "2017-08-22 18:05:54+00:00"
      },
      "geometry": {
        "type": "MultiPolygon",
        "coordinates": [
          [
            [
              [
                -73.994280254155,
                40.718186671867
              ],
              [
                -73.994342684162,
                40.718067486131
              ],
              [
                -73.994405586251,
                40.717947397171
              ],
              [
                -73.994410318784,
                40.717938360782
              ],
              [
                -73.994413551537,
                40.717932188842
              ],
              [
                -73.994429967423,
                40.717900849182
              ],
              [
                -73.994440905026,
                40.717879969582
              ],
              [
                -73.994464070466,
                40.717835744843
              ],
              [
                -73.994545916891,
                40.717860563205
              ],
              [
                -73.994522752679,
                40.717904787961
              ],
              [
                -73.994512955021,
                40.717923494692
              ],
              [
                -73.99445467086,
                40.718034767939
              ],
              [
                -73.994421379743,
                40.718098324337
              ],
              [
                -73.994362102125,
                40.718211491259
              ],
              [
                -73.994280254155,
                40.718186671867
              ]
            ]
          ]
        ]
      },
      "id": "nyc-building-86988"
    },
    {
      "type": "Feature",
      "properties": {
        "building_id": "nyc-building-870239",
        "object_id": 870239,
        "bin": "1000829",
        "base_bbl": "1000270017",
        "name": "NYC Building 1000829",
        "use": "feature_code_2100",
        "feature_code": 2100,
        "construction_year": 1921,
        "height_roof_ft": 323.93,
        "height_m": 98.733864,
        "ground_elevation_ft": 16,
        "geometry_source": "Photogrammetric",
        "last_edited_date": "2017-08-22 19:04:46+00:00"
      },
      "geometry": {
        "type": "MultiPolygon",
        "coordinates": [
          [
            [
              [
                -74.008676931768,
                40.70540905217
              ],
              [
                -74.008703563151,
                40.705542967045
              ],
              [
                -74.008607230581,
                40.705542617688
              ],
              [
                -74.008615780204,
                40.705553077391
              ],
              [
                -74.008553829792,
                40.705615349689
              ],
              [
                -74.00858201612,
                40.705631588318
              ],
              [
                -74.008481696396,
                40.705767307357
              ],
              [
                -74.008477379206,
                40.705773147493
              ],
              [
                -74.008337253427,
                40.70569241606
              ],
              [
                -74.008127736973,
                40.70557170486
              ],
              [
                -74.00805283496,
                40.705528550405
              ],
              [
                -74.008092018025,
                40.70548916288
              ],
              [
                -74.008106336746,
                40.705474769896
              ],
              [
                -74.008137219629,
                40.705471213396
              ],
              [
                -74.008252337888,
                40.70545795507
              ],
              [
                -74.008676931768,
                40.70540905217
              ]
            ]
          ]
        ]
      },
      "id": "nyc-building-870239"
    },
    {
      "type": "Feature",
      "properties": {
        "building_id": "nyc-building-87253",
        "object_id": 87253,
        "bin": "1089955",
        "base_bbl": "1001950027",
        "name": "NYC Building 1089955",
        "use": "feature_code_2100",
        "feature_code": 2100,
        "construction_year": null,
        "height_roof_ft": 135.814732,
        "height_m": 41.39633,
        "ground_elevation_ft": 17,
        "geometry_source": "Photogrammetric",
        "last_edited_date": "2016-11-28 00:00:00+00:00"
      },
      "geometry": {
        "type": "MultiPolygon",
        "coordinates": [
          [
            [
              [
                -74.001964590621,
                40.717629394738
              ],
              [
                -74.002007870578,
                40.717650350663
              ],
              [
                -74.00200808834,
                40.717650089512
              ],
              [
                -74.002008977184,
                40.71765051994
              ],
              [
                -74.002034135753,
                40.717620437955
              ],
              [
                -74.00213183884,
                40.717667744487
              ],
              [
                -74.001973306974,
                40.717857292101
              ],
              [
                -74.001947318659,
                40.717888364647
              ],
              [
                -74.0018844153,
                40.71785790774
              ],
              [
                -74.001910182319,
                40.717827099962
              ],
              [
                -74.001869244522,
                40.717807277704
              ],
              [
                -74.001882603793,
                40.717791304237
              ],
              [
                -74.00182985303,
                40.717765763018
              ],
              [
                -74.001949868482,
                40.71762226655
              ],
              [
                -74.001964590621,
                40.717629394738
              ]
            ]
          ]
        ]
      },
      "id": "nyc-building-87253"
    },
    {
      "type": "Feature",
      "properties": {
        "building_id": "nyc-building-87311",
        "object_id": 87311,
        "bin": "1002657",
        "base_bbl": "1002060024",
        "name": "NYC Building 1002657",
        "use": "feature_code_2100",
        "feature_code": 2100,
        "construction_year": 2021,
        "height_roof_ft": 75,
        "height_m": 22.86,
        "ground_elevation_ft": 29,
        "geometry_source": "Other (Manual)",
        "last_edited_date": "2023-08-04 20:00:37+00:00"
      },
      "geometry": {
        "type": "MultiPolygon",
        "coordinates": [
          [
            [
              [
                -73.998808033411,
                40.717559573057
              ],
              [
                -73.998721063,
                40.717682342281
              ],
              [
                -73.998398127416,
                40.717571121638
              ],
              [
                -73.998477651674,
                40.717441882392
              ],
              [
                -73.998808033411,
                40.717559573057
              ]
            ]
          ]
        ]
      },
      "id": "nyc-building-87311"
    },
    {
      "type": "Feature",
      "properties": {
        "building_id": "nyc-building-877342",
        "object_id": 877342,
        "bin": "1001726",
        "base_bbl": "1001620039",
        "name": "NYC Building 1001726",
        "use": "feature_code_2100",
        "feature_code": 2100,
        "construction_year": 1920,
        "height_roof_ft": 115,
        "height_m": 35.052,
        "ground_elevation_ft": 33,
        "geometry_source": "Other (Manual)",
        "last_edited_date": "2017-08-22 18:52:13+00:00"
      },
      "geometry": {
        "type": "MultiPolygon",
        "coordinates": [
          [
            [
              [
                -73.998171706003,
                40.714129322085
              ],
              [
                -73.99816855694,
                40.714124038739
              ],
              [
                -73.998163412643,
                40.714115409965
              ],
              [
                -73.998099771161,
                40.714008659704
              ],
              [
                -73.99805130233,
                40.713927358994
              ],
              [
                -73.998191569386,
                40.713865054049
              ],
              [
                -73.998198185024,
                40.713862115786
              ],
              [
                -73.998260393181,
                40.713975272206
              ],
              [
                -73.998347559746,
                40.714133826392
              ],
              [
                -73.998376577096,
                40.714186610233
              ],
              [
                -73.998362124466,
                40.714191036938
              ],
              [
                -73.998306629992,
                40.714208035976
              ],
              [
                -73.998314781421,
                40.714220194789
              ],
              [
                -73.998241212732,
                40.714245910472
              ],
              [
                -73.998171706003,
                40.714129322085
              ]
            ]
          ]
        ]
      },
      "id": "nyc-building-877342"
    },
    {
      "type": "Feature",
      "properties": {
        "building_id": "nyc-building-877365",
        "object_id": 877365,
        "bin": "1088478",
        "base_bbl": "1000780019",
        "name": "NYC Building 1088478",
        "use": "feature_code_2100",
        "feature_code": 2100,
        "construction_year": 1929,
        "height_roof_ft": 174,
        "height_m": 53.0352,
        "ground_elevation_ft": 33,
        "geometry_source": "Other (Manual)",
        "last_edited_date": "2017-08-22 18:36:15+00:00"
      },
      "geometry": {
        "type": "MultiPolygon",
        "coordinates": [
          [
            [
              [
                -74.00698241324,
                40.709756403277
              ],
              [
                -74.007165004455,
                40.709569517981
              ],
              [
                -74.007246024107,
                40.70961535613
              ],
              [
                -74.007078453325,
                40.709786866203
              ],
              [
                -74.007065884713,
                40.709799730777
              ],
              [
                -74.00706119941,
                40.709797298784
              ],
              [
                -74.007046523374,
                40.70978968136
              ],
              [
                -74.00698241324,
                40.709756403277
              ]
            ]
          ]
        ]
      },
      "id": "nyc-building-877365"
    },
    {
      "type": "Feature",
      "properties": {
        "building_id": "nyc-building-880261",
        "object_id": 880261,
        "bin": "1077396",
        "base_bbl": "1001320010",
        "name": "NYC Building 1077396",
        "use": "feature_code_2100",
        "feature_code": 2100,
        "construction_year": 1924,
        "height_roof_ft": 76,
        "height_m": 23.1648,
        "ground_elevation_ft": 15,
        "geometry_source": "Other (Manual)",
        "last_edited_date": "2017-08-22 18:34:18+00:00"
      },
      "geometry": {
        "type": "MultiPolygon",
        "coordinates": [
          [
            [
              [
                -74.010741406921,
                40.715054964388
              ],
              [
                -74.010902220418,
                40.714848048873
              ],
              [
                -74.01097418374,
                40.714880430696
              ],
              [
                -74.01096488473,
                40.714892396665
              ],
              [
                -74.010872129911,
                40.715011741118
              ],
              [
                -74.010813370387,
                40.715087346311
              ],
              [
                -74.010741406921,
                40.715054964388
              ]
            ]
          ]
        ]
      },
      "id": "nyc-building-880261"
    },
    {
      "type": "Feature",
      "properties": {
        "building_id": "nyc-building-880997",
        "object_id": 880997,
        "bin": "1085678",
        "base_bbl": "1002480076",
        "name": "NYC Building 1085678",
        "use": "feature_code_2100",
        "feature_code": 2100,
        "construction_year": 1996,
        "height_roof_ft": 18.54,
        "height_m": 5.650992,
        "ground_elevation_ft": 11,
        "geometry_source": "Photogrammetric",
        "last_edited_date": "2017-08-22 17:53:36+00:00"
      },
      "geometry": {
        "type": "MultiPolygon",
        "coordinates": [
          [
            [
              [
                -73.990382313336,
                40.710783194283
              ],
              [
                -73.990378637578,
                40.710767429631
              ],
              [
                -73.990378393791,
                40.710767462029
              ],
              [
                -73.990328753866,
                40.71056822611
              ],
              [
                -73.99032632575,
                40.710558480576
              ],
              [
                -73.990519751411,
                40.710546160563
              ],
              [
                -73.990581795486,
                40.710542208809
              ],
              [
                -73.990613684412,
                40.710670197443
              ],
              [
                -73.990608446549,
                40.710670952545
              ],
              [
                -73.990617285065,
                40.71074069154
              ],
              [
                -73.990649351883,
                40.710993701718
              ],
              [
                -73.99064971006,
                40.710996528451
              ],
              [
                -73.99065070421,
                40.711004372883
              ],
              [
                -73.99062222718,
                40.7110084814
              ],
              [
                -73.990444820519,
                40.711034075546
              ],
              [
                -73.990419135155,
                40.710930983815
              ],
              [
                -73.990382313336,
                40.710783194283
              ]
            ]
          ]
        ]
      },
      "id": "nyc-building-880997"
    },
    {
      "type": "Feature",
      "properties": {
        "building_id": "nyc-building-884196",
        "object_id": 884196,
        "bin": "1001409",
        "base_bbl": "1001250020",
        "name": "NYC Building 1001409",
        "use": "feature_code_2100",
        "feature_code": 2100,
        "construction_year": 1959,
        "height_roof_ft": 246.15,
        "height_m": 75.02652,
        "ground_elevation_ft": 21,
        "geometry_source": "Photogrammetric",
        "last_edited_date": "2017-08-22 18:25:44+00:00"
      },
      "geometry": {
        "type": "MultiPolygon",
        "coordinates": [
          [
            [
              [
                -74.009748518506,
                40.712881360111
              ],
              [
                -74.009752401852,
                40.71287642048
              ],
              [
                -74.009758469782,
                40.712879182733
              ],
              [
                -74.009836483029,
                40.712914697639
              ],
              [
                -74.010010191688,
                40.712993776322
              ],
              [
                -74.010572264612,
                40.713249648511
              ],
              [
                -74.010789717504,
                40.713348638583
              ],
              [
                -74.01078933296,
                40.713349126695
              ],
              [
                -74.010647277524,
                40.713529806684
              ],
              [
                -74.010500346437,
                40.713716686052
              ],
              [
                -74.010458560194,
                40.713697663868
              ],
              [
                -74.010286890779,
                40.713619515914
              ],
              [
                -74.010017655594,
                40.713496952244
              ],
              [
                -74.009749004881,
                40.713374652643
              ],
              [
                -74.009599441932,
                40.713306566794
              ],
              [
                -74.009463027108,
                40.713244465365
              ],
              [
                -74.009593716651,
                40.71307824638
              ],
              [
                -74.009698060988,
                40.71294553567
              ],
              [
                -74.009748518506,
                40.712881360111
              ]
            ]
          ]
        ]
      },
      "id": "nyc-building-884196"
    },
    {
      "type": "Feature",
      "properties": {
        "building_id": "nyc-building-886240",
        "object_id": 886240,
        "bin": "1005444",
        "base_bbl": "1004130029",
        "name": "NYC Building 1005444",
        "use": "feature_code_2100",
        "feature_code": 2100,
        "construction_year": 1910,
        "height_roof_ft": 23.82,
        "height_m": 7.260336,
        "ground_elevation_ft": 41,
        "geometry_source": "Photogrammetric",
        "last_edited_date": "2017-08-22 17:28:13+00:00"
      },
      "geometry": {
        "type": "MultiPolygon",
        "coordinates": [
          [
            [
              [
                -73.991893122393,
                40.71792741489
              ],
              [
                -73.992008599506,
                40.717703860506
              ],
              [
                -73.992008733241,
                40.717703900138
              ],
              [
                -73.992094912569,
                40.717729671483
              ],
              [
                -73.991986932777,
                40.717938712952
              ],
              [
                -73.991979435701,
                40.717953225952
              ],
              [
                -73.991893122393,
                40.71792741489
              ]
            ]
          ]
        ]
      },
      "id": "nyc-building-886240"
    },
    {
      "type": "Feature",
      "properties": {
        "building_id": "nyc-building-887145",
        "object_id": 887145,
        "bin": "1003303",
        "base_bbl": "1002760025",
        "name": "NYC Building 1003303",
        "use": "feature_code_2100",
        "feature_code": 2100,
        "construction_year": 1900,
        "height_roof_ft": 56.3,
        "height_m": 17.16024,
        "ground_elevation_ft": 29,
        "geometry_source": "Photogrammetric",
        "last_edited_date": "2017-08-22 19:04:13+00:00"
      },
      "geometry": {
        "type": "MultiPolygon",
        "coordinates": [
          [
            [
              [
                -73.99441918622,
                40.711952031208
              ],
              [
                -73.994504597258,
                40.711944923981
              ],
              [
                -73.994518150778,
                40.711948484346
              ],
              [
                -73.9945199212,
                40.711948336747
              ],
              [
                -73.994574384161,
                40.711943804352
              ],
              [
                -73.994585886366,
                40.711938158691
              ],
              [
                -73.994675338805,
                40.711930714735
              ],
              [
                -73.994685774412,
                40.712003318005
              ],
              [
                -73.994596320694,
                40.712010761968
              ],
              [
                -73.994583966142,
                40.712005098976
              ],
              [
                -73.994535668845,
                40.712009118376
              ],
              [
                -73.99452696939,
                40.712009841974
              ],
              [
                -73.994515032681,
                40.712017526365
              ],
              [
                -73.994429621552,
                40.712024634501
              ],
              [
                -73.99441918622,
                40.711952031208
              ]
            ]
          ]
        ]
      },
      "id": "nyc-building-887145"
    },
    {
      "type": "Feature",
      "properties": {
        "building_id": "nyc-building-901972",
        "object_id": 901972,
        "bin": "1083356",
        "base_bbl": "1000940001",
        "name": "NYC Building 1083356",
        "use": "feature_code_2100",
        "feature_code": 2100,
        "construction_year": 1971,
        "height_roof_ft": 53.461594,
        "height_m": 16.295094,
        "ground_elevation_ft": 15,
        "geometry_source": "Photogrammetric",
        "last_edited_date": "2017-08-22 17:40:02+00:00"
      },
      "geometry": {
        "type": "MultiPolygon",
        "coordinates": [
          [
            [
              [
                -74.003093087569,
                40.708708947676
              ],
              [
                -74.003115097772,
                40.708723380477
              ],
              [
                -74.003143267628,
                40.708741852798
              ],
              [
                -74.003136920284,
                40.708747457753
              ],
              [
                -74.003160764844,
                40.708764141773
              ],
              [
                -74.00311711192,
                40.708800267873
              ],
              [
                -74.003094798692,
                40.708784655411
              ],
              [
                -74.003014551462,
                40.708855518772
              ],
              [
                -74.002994113034,
                40.708873567352
              ],
              [
                -74.003017172946,
                40.708888495424
              ],
              [
                -74.002929719072,
                40.708966724194
              ],
              [
                -74.002906004727,
                40.70895137198
              ],
              [
                -74.002891275812,
                40.708964378435
              ],
              [
                -74.002879320619,
                40.708974936329
              ],
              [
                -74.002901940328,
                40.708989940978
              ],
              [
                -74.002891687942,
                40.708998890517
              ],
              [
                -74.002863879632,
                40.709023166294
              ],
              [
                -74.00286005155,
                40.709026508186
              ],
              [
                -74.002837705206,
                40.709011684524
              ],
              [
                -74.002836921839,
                40.709012377036
              ],
              [
                -74.002734972874,
                40.709102404512
              ],
              [
                -74.002758025715,
                40.709117508236
              ],
              [
                -74.002754153841,
                40.709120930271
              ],
              [
                -74.00266912871,
                40.709196079034
              ],
              [
                -74.002646030893,
                40.709180946478
              ],
              [
                -74.002593198343,
                40.709227599564
              ],
              [
                -74.00261473406,
                40.709241678568
              ],
              [
                -74.002575165519,
                40.709276725556
              ],
              [
                -74.002573669775,
                40.709278050241
              ],
              [
                -74.002552063051,
                40.709263924404
              ],
              [
                -74.002522719722,
                40.70928983636
              ],
              [
                -74.002503254919,
                40.709307023941
              ],
              [
                -74.002492953917,
                40.709316121129
              ],
              [
                -74.002492322012,
                40.709316678559
              ],
              [
                -74.002461645629,
                40.709296562701
              ],
              [
                -74.002433149107,
                40.709277875899
              ],
              [
                -74.002440375785,
                40.709271495625
              ],
              [
                -74.002426513322,
                40.709262405258
              ],
              [
                -74.002414239682,
                40.709273243168
              ],
              [
                -74.002397098944,
                40.709288379318
              ],
              [
                -74.002393949891,
                40.709286313611
              ],
              [
                -74.00239100573,
                40.709288914349
              ],
              [
                -74.002332393844,
                40.709250479034
              ],
              [
                -74.002341586064,
                40.709242361639
              ],
              [
                -74.002322993528,
                40.709229855717
              ],
              [
                -74.002364450825,
                40.709194165813
              ],
              [
                -74.002382452839,
                40.709206274615
              ],
              [
                -74.002434852416,
                40.709160003452
              ],
              [
                -74.002442584805,
                40.709165074967
              ],
              [
                -74.002465351103,
                40.709144972369
              ],
              [
                -74.002457617532,
                40.709139900856
              ],
              [
                -74.002511802663,
                40.709092052823
              ],
              [
                -74.002493926107,
                40.709080257416
              ],
              [
                -74.002582683552,
                40.70900236574
              ],
              [
                -74.002600244133,
                40.709013953123
              ],
              [
                -74.002651831641,
                40.708968398685
              ],
              [
                -74.002691325502,
                40.70899429737
              ],
              [
                -74.002727135553,
                40.708962675075
              ],
              [
                -74.002751816328,
                40.708940880315
              ],
              [
                -74.002712322475,
                40.70891498165
              ],
              [
                -74.00276671669,
                40.708866947986
              ],
              [
                -74.002749384515,
                40.708855484893
              ],
              [
                -74.002838566185,
                40.708777400298
              ],
              [
                -74.002855465229,
                40.708788577025
              ],
              [
                -74.002951399893,
                40.708703860809
              ],
              [
                -74.002977468538,
                40.708680840368
              ],
              [
                -74.002961633389,
                40.708670479495
              ],
              [
                -74.003003017769,
                40.708633854629
              ],
              [
                -74.003018903803,
                40.708644249715
              ],
              [
                -74.003025543428,
                40.708638386312
              ],
              [
                -74.003089278144,
                40.708680180947
              ],
              [
                -74.003065668484,
                40.708701030215
              ],
              [
                -74.003077843379,
                40.708709014723
              ],
              [
                -74.003084382423,
                40.708703239569
              ],
              [
                -74.003093087569,
                40.708708947676
              ]
            ]
          ]
        ]
      },
      "id": "nyc-building-901972"
    },
    {
      "type": "Feature",
      "properties": {
        "building_id": "nyc-building-919797",
        "object_id": 919797,
        "bin": "1003427",
        "base_bbl": "1002800047",
        "name": "NYC Building 1003427",
        "use": "feature_code_2100",
        "feature_code": 2100,
        "construction_year": 1900,
        "height_roof_ft": 78.12,
        "height_m": 23.810976,
        "ground_elevation_ft": 33,
        "geometry_source": "Photogrammetric",
        "last_edited_date": "2017-08-22 18:42:23+00:00"
      },
      "geometry": {
        "type": "MultiPolygon",
        "coordinates": [
          [
            [
              [
                -73.996649861526,
                40.713176743023
              ],
              [
                -73.996743013695,
                40.713168984192
              ],
              [
                -73.996746472933,
                40.713193029727
              ],
              [
                -73.99676214364,
                40.71330196765
              ],
              [
                -73.996766577728,
                40.713332794057
              ],
              [
                -73.996776993356,
                40.713405199911
              ],
              [
                -73.996683840861,
                40.713412958769
              ],
              [
                -73.996670851031,
                40.713322658784
              ],
              [
                -73.996650908515,
                40.713184021881
              ],
              [
                -73.996649861526,
                40.713176743023
              ]
            ]
          ]
        ]
      },
      "id": "nyc-building-919797"
    },
    {
      "type": "Feature",
      "properties": {
        "building_id": "nyc-building-921941",
        "object_id": 921941,
        "bin": "1003278",
        "base_bbl": "1002750001",
        "name": "NYC Building 1003278",
        "use": "feature_code_2100",
        "feature_code": 2100,
        "construction_year": 1900,
        "height_roof_ft": 62.58,
        "height_m": 19.074384,
        "ground_elevation_ft": 30,
        "geometry_source": "Photogrammetric",
        "last_edited_date": "2017-08-22 17:39:51+00:00"
      },
      "geometry": {
        "type": "MultiPolygon",
        "coordinates": [
          [
            [
              [
                -73.993978264577,
                40.712615894395
              ],
              [
                -73.993985634134,
                40.712665392256
              ],
              [
                -73.993987000182,
                40.712674568532
              ],
              [
                -73.993963231747,
                40.712676617752
              ],
              [
                -73.993957242299,
                40.712677134331
              ],
              [
                -73.993949036525,
                40.712661741469
              ],
              [
                -73.993884082663,
                40.712539894426
              ],
              [
                -73.993882372464,
                40.712528406519
              ],
              [
                -73.993879946725,
                40.712512107145
              ],
              [
                -73.993870352112,
                40.712504369446
              ],
              [
                -73.993861468794,
                40.712444704729
              ],
              [
                -73.993951791851,
                40.712436918288
              ],
              [
                -73.993960674065,
                40.712496582998
              ],
              [
                -73.993953661359,
                40.712505752531
              ],
              [
                -73.99396031179,
                40.712550423619
              ],
              [
                -73.993947074912,
                40.712551564772
              ],
              [
                -73.993951055945,
                40.71257830745
              ],
              [
                -73.993964294012,
                40.712577166297
              ],
              [
                -73.993968353113,
                40.712604430374
              ],
              [
                -73.993977603435,
                40.712611449439
              ],
              [
                -73.993978264577,
                40.712615894395
              ]
            ]
          ]
        ]
      },
      "id": "nyc-building-921941"
    },
    {
      "type": "Feature",
      "properties": {
        "building_id": "nyc-building-922943",
        "object_id": 922943,
        "bin": "1001357",
        "base_bbl": "1001020001",
        "name": "NYC Building 1001357",
        "use": "feature_code_2100",
        "feature_code": 2100,
        "construction_year": 1968,
        "height_roof_ft": 244.425018,
        "height_m": 74.500745,
        "ground_elevation_ft": 22,
        "geometry_source": "Photogrammetric",
        "last_edited_date": "2017-08-22 19:03:42+00:00"
      },
      "geometry": {
        "type": "MultiPolygon",
        "coordinates": [
          [
            [
              [
                -74.00527737677,
                40.711823612612
              ],
              [
                -74.005222656945,
                40.711771552973
              ],
              [
                -74.005195247733,
                40.711788235277
              ],
              [
                -74.005190623744,
                40.71178383559
              ],
              [
                -74.005100001016,
                40.711697618426
              ],
              [
                -74.004990551285,
                40.711593488145
              ],
              [
                -74.004948019613,
                40.711553023723
              ],
              [
                -74.004866513855,
                40.711602628241
              ],
              [
                -74.004769942328,
                40.711510749555
              ],
              [
                -74.004743276855,
                40.711485379663
              ],
              [
                -74.00469973351,
                40.711443954345
              ],
              [
                -74.004781485338,
                40.711394199549
              ],
              [
                -74.004700106782,
                40.711316775171
              ],
              [
                -74.004418660406,
                40.711049003183
              ],
              [
                -74.004381066935,
                40.711013236324
              ],
              [
                -74.004370752851,
                40.711003422948
              ],
              [
                -74.004281271939,
                40.710918288403
              ],
              [
                -74.00420591846,
                40.710846595198
              ],
              [
                -74.004183956617,
                40.710825700542
              ],
              [
                -74.004093652481,
                40.710739783335
              ],
              [
                -74.004027386124,
                40.710676735495
              ],
              [
                -74.004055913449,
                40.710659374441
              ],
              [
                -74.004056127637,
                40.710659243859
              ],
              [
                -74.004001666536,
                40.71060742676
              ],
              [
                -74.004053636223,
                40.710575798093
              ],
              [
                -74.004076276074,
                40.710597338418
              ],
              [
                -74.004093875017,
                40.710586627115
              ],
              [
                -74.004088218011,
                40.710581244961
              ],
              [
                -74.004280678267,
                40.710464112994
              ],
              [
                -74.00428529027,
                40.710468501913
              ],
              [
                -74.00430381453,
                40.710457228624
              ],
              [
                -74.00428291081,
                40.710437340717
              ],
              [
                -74.004335928683,
                40.710405074321
              ],
              [
                -74.00434279639,
                40.71041160817
              ],
              [
                -74.004388379152,
                40.710454977754
              ],
              [
                -74.00441814881,
                40.710436859233
              ],
              [
                -74.004470211184,
                40.710486392533
              ],
              [
                -74.00458676273,
                40.710597283177
              ],
              [
                -74.00469380535,
                40.710699123955
              ],
              [
                -74.004810755293,
                40.710810391667
              ],
              [
                -74.004945585861,
                40.710938671846
              ],
              [
                -74.005059041773,
                40.711046613866
              ],
              [
                -74.005177801327,
                40.711159601096
              ],
              [
                -74.005299085703,
                40.711274991551
              ],
              [
                -74.005422152867,
                40.711392076553
              ],
              [
                -74.005538115823,
                40.711502401628
              ],
              [
                -74.005587577309,
                40.711549459037
              ],
              [
                -74.005558646476,
                40.711567066327
              ],
              [
                -74.005613914364,
                40.711619647177
              ],
              [
                -74.005560115123,
                40.711652389664
              ],
              [
                -74.005536282632,
                40.711629715949
              ],
              [
                -74.005520342722,
                40.711639417919
              ],
              [
                -74.005525486287,
                40.711644310147
              ],
              [
                -74.005403198498,
                40.711718735976
              ],
              [
                -74.005331022552,
                40.711762662662
              ],
              [
                -74.005325584296,
                40.711757488579
              ],
              [
                -74.005307958025,
                40.711768216279
              ],
              [
                -74.005331537215,
                40.711790649616
              ],
              [
                -74.00527737677,
                40.711823612612
              ]
            ],
            [
              [
                -74.004899928097,
                40.711220455388
              ],
              [
                -74.004933416123,
                40.711200615701
              ],
              [
                -74.004953607858,
                40.711188652446
              ],
              [
                -74.004973961726,
                40.711208544755
              ],
              [
                -74.005005184767,
                40.711190046906
              ],
              [
                -74.00497297576,
                40.71115856734
              ],
              [
                -74.005019409713,
                40.711131057415
              ],
              [
                -74.005003122365,
                40.711115138892
              ],
              [
                -74.004903966412,
                40.711018228369
              ],
              [
                -74.004881707387,
                40.711031416399
              ],
              [
                -74.004708942262,
                40.711133770273
              ],
              [
                -74.004751593133,
                40.711175454973
              ],
              [
                -74.004703309437,
                40.711204060786
              ],
              [
                -74.004743628857,
                40.711243467291
              ],
              [
                -74.004820030902,
                40.711318138986
              ],
              [
                -74.00487344689,
                40.711286492781
              ],
              [
                -74.004932000997,
                40.711251801704
              ],
              [
                -74.004909554698,
                40.711229863516
              ],
              [
                -74.004899928097,
                40.711220455388
              ]
            ]
          ]
        ]
      },
      "id": "nyc-building-922943"
    },
    {
      "type": "Feature",
      "properties": {
        "building_id": "nyc-building-926448",
        "object_id": 926448,
        "bin": "1002033",
        "base_bbl": "1001800025",
        "name": "NYC Building 1002033",
        "use": "feature_code_2100",
        "feature_code": 2100,
        "construction_year": 1900,
        "height_roof_ft": 60.91,
        "height_m": 18.565368,
        "ground_elevation_ft": 18,
        "geometry_source": "Photogrammetric",
        "last_edited_date": "2017-08-22 18:07:47+00:00"
      },
      "geometry": {
        "type": "MultiPolygon",
        "coordinates": [
          [
            [
              [
                -74.009965514712,
                40.718608744039
              ],
              [
                -74.010085482379,
                40.718622743725
              ],
              [
                -74.01024170637,
                40.718640975164
              ],
              [
                -74.010229279111,
                40.718702618885
              ],
              [
                -74.010177700307,
                40.718696599946
              ],
              [
                -74.009927513828,
                40.718667404747
              ],
              [
                -74.009939940175,
                40.718605760159
              ],
              [
                -74.009965514712,
                40.718608744039
              ]
            ]
          ]
        ]
      },
      "id": "nyc-building-926448"
    },
    {
      "type": "Feature",
      "properties": {
        "building_id": "nyc-building-926620",
        "object_id": 926620,
        "bin": "1003865",
        "base_bbl": "1002990022",
        "name": "NYC Building 1003865",
        "use": "feature_code_2100",
        "feature_code": 2100,
        "construction_year": 1910,
        "height_roof_ft": 66.75,
        "height_m": 20.3454,
        "ground_elevation_ft": 39,
        "geometry_source": "Photogrammetric",
        "last_edited_date": "2017-08-22 19:03:41+00:00"
      },
      "geometry": {
        "type": "MultiPolygon",
        "coordinates": [
          [
            [
              [
                -73.991566888782,
                40.715722318232
              ],
              [
                -73.991859721217,
                40.71580968161
              ],
              [
                -73.991827691701,
                40.715871837072
              ],
              [
                -73.991599890947,
                40.71580387537
              ],
              [
                -73.991591262322,
                40.715820619731
              ],
              [
                -73.991588056347,
                40.715819663155
              ],
              [
                -73.991526230395,
                40.71580121797
              ],
              [
                -73.991547201214,
                40.715760521844
              ],
              [
                -73.991566888782,
                40.715722318232
              ]
            ]
          ]
        ]
      },
      "id": "nyc-building-926620"
    },
    {
      "type": "Feature",
      "properties": {
        "building_id": "nyc-building-926693",
        "object_id": 926693,
        "bin": "1001569",
        "base_bbl": "1001440030",
        "name": "NYC Building 1001569",
        "use": "feature_code_2100",
        "feature_code": 2100,
        "construction_year": 1915,
        "height_roof_ft": 56.79,
        "height_m": 17.309592,
        "ground_elevation_ft": 14,
        "geometry_source": "Photogrammetric",
        "last_edited_date": "2017-08-22 19:03:30+00:00"
      },
      "geometry": {
        "type": "MultiPolygon",
        "coordinates": [
          [
            [
              [
                -74.008313923156,
                40.716913415349
              ],
              [
                -74.00835979963,
                40.716855176026
              ],
              [
                -74.008504038418,
                40.716920954038
              ],
              [
                -74.008458162024,
                40.716979193418
              ],
              [
                -74.008313923156,
                40.716913415349
              ]
            ]
          ]
        ]
      },
      "id": "nyc-building-926693"
    },
    {
      "type": "Feature",
      "properties": {
        "building_id": "nyc-building-931158",
        "object_id": 931158,
        "bin": "1003500",
        "base_bbl": "1002810025",
        "name": "NYC Building 1003500",
        "use": "feature_code_2100",
        "feature_code": 2100,
        "construction_year": 1910,
        "height_roof_ft": 71.68,
        "height_m": 21.848064,
        "ground_elevation_ft": 38,
        "geometry_source": "Photogrammetric",
        "last_edited_date": "2017-08-22 17:39:41+00:00"
      },
      "geometry": {
        "type": "MultiPolygon",
        "coordinates": [
          [
            [
              [
                -73.995462672969,
                40.713859275965
              ],
              [
                -73.995459371487,
                40.713836319117
              ],
              [
                -73.995471703802,
                40.713826975904
              ],
              [
                -73.995466994663,
                40.713794243058
              ],
              [
                -73.995452885636,
                40.713791225791
              ],
              [
                -73.9954445178,
                40.713733053373
              ],
              [
                -73.995520481024,
                40.713726726663
              ],
              [
                -73.995536092142,
                40.713725426932
              ],
              [
                -73.995544458873,
                40.713783596641
              ],
              [
                -73.995531720922,
                40.713788853329
              ],
              [
                -73.995536428909,
                40.713821586173
              ],
              [
                -73.995550899834,
                40.713828379285
              ],
              [
                -73.995555128753,
                40.713857785623
              ],
              [
                -73.995536444134,
                40.713859341883
              ],
              [
                -73.995540157299,
                40.713885155164
              ],
              [
                -73.995536269599,
                40.713885479198
              ],
              [
                -73.995490158051,
                40.71388931898
              ],
              [
                -73.995486446089,
                40.713863505697
              ],
              [
                -73.995463555415,
                40.713865412079
              ],
              [
                -73.995462672969,
                40.713859275965
              ]
            ]
          ]
        ]
      },
      "id": "nyc-building-931158"
    },
    {
      "type": "Feature",
      "properties": {
        "building_id": "nyc-building-933855",
        "object_id": 933855,
        "bin": "1001963",
        "base_bbl": "1001760013",
        "name": "NYC Building 1001963",
        "use": "feature_code_2100",
        "feature_code": 2100,
        "construction_year": 1915,
        "height_roof_ft": 67.52,
        "height_m": 20.580096,
        "ground_elevation_ft": 11,
        "geometry_source": "Photogrammetric",
        "last_edited_date": "2017-08-22 17:52:51+00:00"
      },
      "geometry": {
        "type": "MultiPolygon",
        "coordinates": [
          [
            [
              [
                -74.007169988287,
                40.71775732441
              ],
              [
                -74.007261571813,
                40.717643513092
              ],
              [
                -74.00731041742,
                40.717666268594
              ],
              [
                -74.00734317923,
                40.717681530156
              ],
              [
                -74.007302505629,
                40.717732075678
              ],
              [
                -74.007251595792,
                40.717795341538
              ],
              [
                -74.007169988287,
                40.71775732441
              ]
            ]
          ]
        ]
      },
      "id": "nyc-building-933855"
    },
    {
      "type": "Feature",
      "properties": {
        "building_id": "nyc-building-938680",
        "object_id": 938680,
        "bin": "1077110",
        "base_bbl": "1002980025",
        "name": "NYC Building 1077110",
        "use": "feature_code_2100",
        "feature_code": 2100,
        "construction_year": 1910,
        "height_roof_ft": 53.89,
        "height_m": 16.425672,
        "ground_elevation_ft": 36,
        "geometry_source": "Photogrammetric",
        "last_edited_date": "2017-08-22 17:27:33+00:00"
      },
      "geometry": {
        "type": "MultiPolygon",
        "coordinates": [
          [
            [
              [
                -73.990901576216,
                40.71531148084
              ],
              [
                -73.990935454238,
                40.715245738143
              ],
              [
                -73.99109077962,
                40.715292078827
              ],
              [
                -73.99106546887,
                40.71534119611
              ],
              [
                -73.991056900544,
                40.715357821569
              ],
              [
                -73.990969762537,
                40.715331824236
              ],
              [
                -73.990901576216,
                40.71531148084
              ]
            ]
          ]
        ]
      },
      "id": "nyc-building-938680"
    },
    {
      "type": "Feature",
      "properties": {
        "building_id": "nyc-building-940384",
        "object_id": 940384,
        "bin": "1001809",
        "base_bbl": "1001640007",
        "name": "NYC Building 1001809",
        "use": "feature_code_2100",
        "feature_code": 2100,
        "construction_year": 1915,
        "height_roof_ft": 45.851209,
        "height_m": 13.975449,
        "ground_elevation_ft": 20,
        "geometry_source": "Photogrammetric",
        "last_edited_date": "2017-08-22 19:03:28+00:00"
      },
      "geometry": {
        "type": "MultiPolygon",
        "coordinates": [
          [
            [
              [
                -73.999311564815,
                40.714879191462
              ],
              [
                -73.99936586057,
                40.714878598336
              ],
              [
                -73.999366099512,
                40.714891300939
              ],
              [
                -73.999424189518,
                40.714890667283
              ],
              [
                -73.999504859165,
                40.714889786957
              ],
              [
                -73.999504620196,
                40.714877084355
              ],
              [
                -73.999529714731,
                40.714876810704
              ],
              [
                -73.999561175212,
                40.714876466833
              ],
              [
                -73.999565985708,
                40.714931286329
              ],
              [
                -73.999521426421,
                40.714931772429
              ],
              [
                -73.999415797083,
                40.714932925498
              ],
              [
                -73.999312598614,
                40.714934051469
              ],
              [
                -73.999312513449,
                40.714929550717
              ],
              [
                -73.999311771811,
                40.714890204707
              ],
              [
                -73.999311564815,
                40.714879191462
              ]
            ]
          ]
        ]
      },
      "id": "nyc-building-940384"
    },
    {
      "type": "Feature",
      "properties": {
        "building_id": "nyc-building-942044",
        "object_id": 942044,
        "bin": "1003930",
        "base_bbl": "1003040015",
        "name": "NYC Building 1003930",
        "use": "feature_code_2100",
        "feature_code": 2100,
        "construction_year": 1900,
        "height_roof_ft": 69.95,
        "height_m": 21.32076,
        "ground_elevation_ft": 36,
        "geometry_source": "Photogrammetric",
        "last_edited_date": "2017-08-22 17:39:33+00:00"
      },
      "geometry": {
        "type": "MultiPolygon",
        "coordinates": [
          [
            [
              [
                -73.99458838453,
                40.718136804799
              ],
              [
                -73.994460976214,
                40.71809817046
              ],
              [
                -73.994494673311,
                40.718033839631
              ],
              [
                -73.994521335372,
                40.718041924782
              ],
              [
                -73.994803899416,
                40.718127607006
              ],
              [
                -73.994770203754,
                40.718191937924
              ],
              [
                -73.99458838453,
                40.718136804799
              ]
            ]
          ]
        ]
      },
      "id": "nyc-building-942044"
    },
    {
      "type": "Feature",
      "properties": {
        "building_id": "nyc-building-944560",
        "object_id": 944560,
        "bin": "1079040",
        "base_bbl": "1000640015",
        "name": "NYC Building 1079040",
        "use": "feature_code_2100",
        "feature_code": 2100,
        "construction_year": 1908,
        "height_roof_ft": 266.21,
        "height_m": 81.140808,
        "ground_elevation_ft": 31,
        "geometry_source": "Photogrammetric",
        "last_edited_date": "2017-08-22 17:27:32+00:00"
      },
      "geometry": {
        "type": "MultiPolygon",
        "coordinates": [
          [
            [
              [
                -74.009953166975,
                40.709466704568
              ],
              [
                -74.009988624728,
                40.709427137538
              ],
              [
                -74.009902632206,
                40.709382514735
              ],
              [
                -74.009886529021,
                40.709400484019
              ],
              [
                -74.009785082807,
                40.709347842503
              ],
              [
                -74.009773190086,
                40.709341670509
              ],
              [
                -74.009812282632,
                40.709298046421
              ],
              [
                -74.009864148802,
                40.709240167034
              ],
              [
                -74.010179702256,
                40.709403912821
              ],
              [
                -74.010122621938,
                40.70946760921
              ],
              [
                -74.010069388052,
                40.709527013397
              ],
              [
                -74.010042047328,
                40.709512825531
              ],
              [
                -74.009953166975,
                40.709466704568
              ]
            ]
          ]
        ]
      },
      "id": "nyc-building-944560"
    },
    {
      "type": "Feature",
      "properties": {
        "building_id": "nyc-building-947626",
        "object_id": 947626,
        "bin": "1078966",
        "base_bbl": "1000630001",
        "name": "NYC Building 1078966",
        "use": "feature_code_2100",
        "feature_code": 2100,
        "construction_year": 1920,
        "height_roof_ft": 70.94,
        "height_m": 21.622512,
        "ground_elevation_ft": 30,
        "geometry_source": "Photogrammetric",
        "last_edited_date": "2017-08-22 18:07:23+00:00"
      },
      "geometry": {
        "type": "MultiPolygon",
        "coordinates": [
          [
            [
              [
                -74.010145465166,
                40.71035601634
              ],
              [
                -74.010194143139,
                40.710293874974
              ],
              [
                -74.010241921814,
                40.710232880918
              ],
              [
                -74.010286057438,
                40.710176539208
              ],
              [
                -74.010331683773,
                40.710118292766
              ],
              [
                -74.010369682191,
                40.710069785119
              ],
              [
                -74.010412721796,
                40.710089307015
              ],
              [
                -74.010437058883,
                40.710100345977
              ],
              [
                -74.010212840861,
                40.710386577328
              ],
              [
                -74.010193619905,
                40.710377858483
              ],
              [
                -74.010145465166,
                40.71035601634
              ]
            ]
          ]
        ]
      },
      "id": "nyc-building-947626"
    },
    {
      "type": "Feature",
      "properties": {
        "building_id": "nyc-building-950083",
        "object_id": 950083,
        "bin": "1083703",
        "base_bbl": "1002970022",
        "name": "NYC Building 1083703",
        "use": "feature_code_2100",
        "feature_code": 2100,
        "construction_year": 1900,
        "height_roof_ft": 62.58,
        "height_m": 19.074384,
        "ground_elevation_ft": 35,
        "geometry_source": "Photogrammetric",
        "last_edited_date": "2017-08-22 18:24:34+00:00"
      },
      "geometry": {
        "type": "MultiPolygon",
        "coordinates": [
          [
            [
              [
                -73.990306011857,
                40.71520314496
              ],
              [
                -73.9902978309,
                40.715191655558
              ],
              [
                -73.990269977569,
                40.715183345999
              ],
              [
                -73.990273111145,
                40.715177266017
              ],
              [
                -73.990238703963,
                40.715166999987
              ],
              [
                -73.990235570384,
                40.715173079968
              ],
              [
                -73.990209436599,
                40.715165282931
              ],
              [
                -73.990193367781,
                40.715169536475
              ],
              [
                -73.990119206706,
                40.715147409996
              ],
              [
                -73.990152214122,
                40.715083359513
              ],
              [
                -73.990226375136,
                40.715105485971
              ],
              [
                -73.990231185755,
                40.715115262321
              ],
              [
                -73.990260810652,
                40.71512410154
              ],
              [
                -73.990255443207,
                40.71513451729
              ],
              [
                -73.990289850375,
                40.715144782414
              ],
              [
                -73.990295217816,
                40.715134367562
              ],
              [
                -73.99032307113,
                40.715142677116
              ],
              [
                -73.990339019121,
                40.715139094423
              ],
              [
                -73.990396661869,
                40.715156292691
              ],
              [
                -73.990409677291,
                40.715160174976
              ],
              [
                -73.990376670084,
                40.715224226434
              ],
              [
                -73.990306011857,
                40.71520314496
              ]
            ]
          ]
        ]
      },
      "id": "nyc-building-950083"
    },
    {
      "type": "Feature",
      "properties": {
        "building_id": "nyc-building-960062",
        "object_id": 960062,
        "bin": "1002355",
        "base_bbl": "1001970001",
        "name": "NYC Building 1002355",
        "use": "feature_code_2100",
        "feature_code": 2100,
        "construction_year": 1895,
        "height_roof_ft": 75.09,
        "height_m": 22.887432,
        "ground_elevation_ft": 13,
        "geometry_source": "Photogrammetric",
        "last_edited_date": "2017-08-22 19:25:10+00:00"
      },
      "geometry": {
        "type": "MultiPolygon",
        "coordinates": [
          [
            [
              [
                -74.000912015422,
                40.717339564295
              ],
              [
                -74.001013901697,
                40.717195557447
              ],
              [
                -74.001055743005,
                40.717136418762
              ],
              [
                -74.001256752968,
                40.71723687766
              ],
              [
                -74.001269829839,
                40.717243412519
              ],
              [
                -74.001386437671,
                40.717301689492
              ],
              [
                -74.001386253064,
                40.717302789917
              ],
              [
                -74.001384605803,
                40.717312618106
              ],
              [
                -74.001336432664,
                40.717364236823
              ],
              [
                -74.00123302893,
                40.717475036755
              ],
              [
                -74.001000301773,
                40.717348251682
              ],
              [
                -74.000985231081,
                40.717369553382
              ],
              [
                -74.000912015422,
                40.717339564295
              ]
            ]
          ]
        ]
      },
      "id": "nyc-building-960062"
    },
    {
      "type": "Feature",
      "properties": {
        "building_id": "nyc-building-963423",
        "object_id": 963423,
        "bin": "1003606",
        "base_bbl": "1002830083",
        "name": "NYC Building 1003606",
        "use": "feature_code_2100",
        "feature_code": 2100,
        "construction_year": 1940,
        "height_roof_ft": 27.29,
        "height_m": 8.317992,
        "ground_elevation_ft": 39,
        "geometry_source": "Photogrammetric",
        "last_edited_date": "2017-08-22 18:07:10+00:00"
      },
      "geometry": {
        "type": "MultiPolygon",
        "coordinates": [
          [
            [
              [
                -73.991286301339,
                40.714332591717
              ],
              [
                -73.991269652207,
                40.714215518676
              ],
              [
                -73.991250846478,
                40.714083285371
              ],
              [
                -73.991440291967,
                40.714067686556
              ],
              [
                -73.991456208272,
                40.714179604997
              ],
              [
                -73.991463585292,
                40.714231476756
              ],
              [
                -73.99146454777,
                40.714238245965
              ],
              [
                -73.991483848213,
                40.714373952538
              ],
              [
                -73.991487544429,
                40.71439994605
              ],
              [
                -73.991327859119,
                40.714413094196
              ],
              [
                -73.991298098007,
                40.714415544942
              ],
              [
                -73.991286301339,
                40.714332591717
              ]
            ]
          ]
        ]
      },
      "id": "nyc-building-963423"
    },
    {
      "type": "Feature",
      "properties": {
        "building_id": "nyc-building-967437",
        "object_id": 967437,
        "bin": "1003368",
        "base_bbl": "1002790014",
        "name": "NYC Building 1003368",
        "use": "feature_code_2100",
        "feature_code": 2100,
        "construction_year": 1901,
        "height_roof_ft": 51.73,
        "height_m": 15.767304,
        "ground_elevation_ft": 24,
        "geometry_source": "Photogrammetric",
        "last_edited_date": "2017-08-22 17:27:13+00:00"
      },
      "geometry": {
        "type": "MultiPolygon",
        "coordinates": [
          [
            [
              [
                -73.998103945087,
                40.712764403437
              ],
              [
                -73.998158576642,
                40.71275542533
              ],
              [
                -73.998240449982,
                40.712741970276
              ],
              [
                -73.998256267612,
                40.712797703128
              ],
              [
                -73.998135771137,
                40.712817504374
              ],
              [
                -73.998119762608,
                40.712820135407
              ],
              [
                -73.998103945087,
                40.712764403437
              ]
            ]
          ]
        ]
      },
      "id": "nyc-building-967437"
    },
    {
      "type": "Feature",
      "properties": {
        "building_id": "nyc-building-991458",
        "object_id": 991458,
        "bin": "1003072",
        "base_bbl": "1002360016",
        "name": "NYC Building 1003072",
        "use": "feature_code_2100",
        "feature_code": 2100,
        "construction_year": 1910,
        "height_roof_ft": 36.04,
        "height_m": 10.984992,
        "ground_elevation_ft": 26,
        "geometry_source": "Photogrammetric",
        "last_edited_date": "2017-08-22 19:02:11+00:00"
      },
      "geometry": {
        "type": "MultiPolygon",
        "coordinates": [
          [
            [
              [
                -73.997694134562,
                40.719356449772
              ],
              [
                -73.997762231477,
                40.719228170766
              ],
              [
                -73.997791302667,
                40.719173405911
              ],
              [
                -73.997853161826,
                40.719193701873
              ],
              [
                -73.997755434043,
                40.719376562071
              ],
              [
                -73.997694134562,
                40.719356449772
              ]
            ]
          ]
        ]
      },
      "id": "nyc-building-991458"
    },
    {
      "type": "Feature",
      "properties": {
        "building_id": "nyc-building-991617",
        "object_id": 991617,
        "bin": "1005646",
        "base_bbl": "1004230025",
        "name": "NYC Building 1005646",
        "use": "feature_code_2100",
        "feature_code": 2100,
        "construction_year": 1900,
        "height_roof_ft": 63.93,
        "height_m": 19.485864,
        "ground_elevation_ft": 36,
        "geometry_source": "Photogrammetric",
        "last_edited_date": "2017-08-22 17:38:53+00:00"
      },
      "geometry": {
        "type": "MultiPolygon",
        "coordinates": [
          [
            [
              [
                -73.994021812486,
                40.718612961121
              ],
              [
                -73.994005802682,
                40.718599320263
              ],
              [
                -73.993974291578,
                40.71859001545
              ],
              [
                -73.993979617299,
                40.718579575214
              ],
              [
                -73.993941188563,
                40.718568227673
              ],
              [
                -73.993935862837,
                40.718578667906
              ],
              [
                -73.993900332536,
                40.718568175988
              ],
              [
                -73.993881320924,
                40.718571475349
              ],
              [
                -73.993806637623,
                40.718549421468
              ],
              [
                -73.993840322718,
                40.718483383467
              ],
              [
                -73.993892531034,
                40.718498800279
              ],
              [
                -73.993919067775,
                40.71850663612
              ],
              [
                -73.993926060334,
                40.718517738878
              ],
              [
                -73.993936488276,
                40.718520818272
              ],
              [
                -73.993961589429,
                40.718528230788
              ],
              [
                -73.99395818968,
                40.718534897086
              ],
              [
                -73.9939966184,
                40.718546244622
              ],
              [
                -73.994000019328,
                40.718539578323
              ],
              [
                -73.994031530412,
                40.71854888403
              ],
              [
                -73.994050114773,
                40.71854533338
              ],
              [
                -73.994092607707,
                40.718557881474
              ],
              [
                -73.994123852521,
                40.718567107897
              ],
              [
                -73.994090166481,
                40.71863314598
              ],
              [
                -73.994078256751,
                40.718629628877
              ],
              [
                -73.994021812486,
                40.718612961121
              ]
            ]
          ]
        ]
      },
      "id": "nyc-building-991617"
    },
    {
      "type": "Feature",
      "properties": {
        "building_id": "nyc-building-991940",
        "object_id": 991940,
        "bin": "1005629",
        "base_bbl": "1004230003",
        "name": "NYC Building 1005629",
        "use": "feature_code_2100",
        "feature_code": 2100,
        "construction_year": 1920,
        "height_roof_ft": 40.08,
        "height_m": 12.216384,
        "ground_elevation_ft": 35,
        "geometry_source": "Photogrammetric",
        "last_edited_date": "2017-08-22 18:06:46+00:00"
      },
      "geometry": {
        "type": "MultiPolygon",
        "coordinates": [
          [
            [
              [
                -73.994243303238,
                40.718607222648
              ],
              [
                -73.99426225029,
                40.718570114474
              ],
              [
                -73.9942759119,
                40.718543351994
              ],
              [
                -73.994311258802,
                40.718553789756
              ],
              [
                -73.994558765533,
                40.718626875405
              ],
              [
                -73.994529841399,
                40.718691833229
              ],
              [
                -73.994243303238,
                40.718607222648
              ]
            ]
          ]
        ]
      },
      "id": "nyc-building-991940"
    },
    {
      "type": "Feature",
      "properties": {
        "building_id": "nyc-building-992178",
        "object_id": 992178,
        "bin": "1066494",
        "base_bbl": "1002000001",
        "name": "NYC Building 1066494",
        "use": "feature_code_2100",
        "feature_code": 2100,
        "construction_year": 1900,
        "height_roof_ft": 80.71,
        "height_m": 24.600408,
        "ground_elevation_ft": 29,
        "geometry_source": "Photogrammetric",
        "last_edited_date": "2017-08-22 19:24:25+00:00"
      },
      "geometry": {
        "type": "MultiPolygon",
        "coordinates": [
          [
            [
              [
                -73.998843432344,
                40.716211370439
              ],
              [
                -73.998683644919,
                40.716155021992
              ],
              [
                -73.998679875486,
                40.716153692796
              ],
              [
                -73.998681515875,
                40.716150998488
              ],
              [
                -73.998714881083,
                40.71609622352
              ],
              [
                -73.998753999415,
                40.716032001351
              ],
              [
                -73.998759805851,
                40.716022468611
              ],
              [
                -73.998782743145,
                40.71603055814
              ],
              [
                -73.998813143455,
                40.715980648569
              ],
              [
                -73.998829046056,
                40.71598625621
              ],
              [
                -73.998842863821,
                40.715963572493
              ],
              [
                -73.998826961224,
                40.715957963953
              ],
              [
                -73.998890352413,
                40.715853891694
              ],
              [
                -73.998980874174,
                40.715885813821
              ],
              [
                -73.998978418352,
                40.715889845385
              ],
              [
                -73.999048833828,
                40.71591467666
              ],
              [
                -73.999123246019,
                40.715940917221
              ],
              [
                -73.999125701834,
                40.715936885655
              ],
              [
                -73.999194671184,
                40.715961207141
              ],
              [
                -73.99910435865,
                40.716109478211
              ],
              [
                -73.99901735606,
                40.716252314655
              ],
              [
                -73.998853654564,
                40.71619458773
              ],
              [
                -73.998843432344,
                40.716211370439
              ]
            ]
          ]
        ]
      },
      "id": "nyc-building-992178"
    },
    {
      "type": "Feature",
      "properties": {
        "building_id": "nyc-building-992853",
        "object_id": 992853,
        "bin": "1005268",
        "base_bbl": "1004080004",
        "name": "NYC Building 1005268",
        "use": "feature_code_2100",
        "feature_code": 2100,
        "construction_year": 1920,
        "height_roof_ft": 34.43,
        "height_m": 10.494264,
        "ground_elevation_ft": 39,
        "geometry_source": "Photogrammetric",
        "last_edited_date": "2017-08-22 17:26:53+00:00"
      },
      "geometry": {
        "type": "MultiPolygon",
        "coordinates": [
          [
            [
              [
                -73.990121005383,
                40.717616868849
              ],
              [
                -73.990124941761,
                40.717609160819
              ],
              [
                -73.990093366578,
                40.717599824319
              ],
              [
                -73.990123202542,
                40.717541405382
              ],
              [
                -73.990145068458,
                40.717547871118
              ],
              [
                -73.990154897234,
                40.717550777004
              ],
              [
                -73.9903931882,
                40.717621232335
              ],
              [
                -73.990359414898,
                40.717687359379
              ],
              [
                -73.990222622395,
                40.717646914038
              ],
              [
                -73.990121005383,
                40.717616868849
              ]
            ]
          ]
        ]
      },
      "id": "nyc-building-992853"
    },
    {
      "type": "Feature",
      "properties": {
        "building_id": "nyc-building-993156",
        "object_id": 993156,
        "bin": "1002660",
        "base_bbl": "1002060029",
        "name": "NYC Building 1002660",
        "use": "feature_code_2100",
        "feature_code": 2100,
        "construction_year": 1910,
        "height_roof_ft": 58.12,
        "height_m": 17.714976,
        "ground_elevation_ft": 26,
        "geometry_source": "Photogrammetric",
        "last_edited_date": "2017-08-22 17:38:53+00:00"
      },
      "geometry": {
        "type": "MultiPolygon",
        "coordinates": [
          [
            [
              [
                -73.998726260331,
                40.71753040784
              ],
              [
                -73.998810101532,
                40.717394153437
              ],
              [
                -73.998813903126,
                40.717387974175
              ],
              [
                -73.998958529539,
                40.717491459502
              ],
              [
                -73.998935419382,
                40.717529015969
              ],
              [
                -73.998856012224,
                40.717500729284
              ],
              [
                -73.998841441403,
                40.717524408954
              ],
              [
                -73.998817706247,
                40.717562982968
              ],
              [
                -73.998726260331,
                40.71753040784
              ]
            ]
          ]
        ]
      },
      "id": "nyc-building-993156"
    },
    {
      "type": "Feature",
      "properties": {
        "building_id": "nyc-building-993595",
        "object_id": 993595,
        "bin": "1003970",
        "base_bbl": "1003060034",
        "name": "NYC Building 1003970",
        "use": "feature_code_2100",
        "feature_code": 2100,
        "construction_year": 1910,
        "height_roof_ft": 55.54,
        "height_m": 16.928592,
        "ground_elevation_ft": 40,
        "geometry_source": "Photogrammetric",
        "last_edited_date": "2017-08-22 17:52:04+00:00"
      },
      "geometry": {
        "type": "MultiPolygon",
        "coordinates": [
          [
            [
              [
                -73.992918049719,
                40.716813512614
              ],
              [
                -73.992914620905,
                40.716803969696
              ],
              [
                -73.992829996293,
                40.716779303984
              ],
              [
                -73.992821050648,
                40.716785240491
              ],
              [
                -73.992774357722,
                40.716771630861
              ],
              [
                -73.992808859835,
                40.716703100585
              ],
              [
                -73.992858562302,
                40.716717587485
              ],
              [
                -73.992855319967,
                40.716724027734
              ],
              [
                -73.992941026218,
                40.716749007771
              ],
              [
                -73.992943926437,
                40.716743247385
              ],
              [
                -73.992990580324,
                40.716756846138
              ],
              [
                -73.993002178411,
                40.716760226458
              ],
              [
                -73.992968018575,
                40.716828076927
              ],
              [
                -73.992918049719,
                40.716813512614
              ]
            ]
          ]
        ]
      },
      "id": "nyc-building-993595"
    },
    {
      "type": "Feature",
      "properties": {
        "building_id": "nyc-building-994207",
        "object_id": 994207,
        "bin": "1003936",
        "base_bbl": "1003040023",
        "name": "NYC Building 1003936",
        "use": "feature_code_2100",
        "feature_code": 2100,
        "construction_year": 1910,
        "height_roof_ft": 34.96,
        "height_m": 10.655808,
        "ground_elevation_ft": 36,
        "geometry_source": "Photogrammetric",
        "last_edited_date": "2017-08-22 17:38:53+00:00"
      },
      "geometry": {
        "type": "MultiPolygon",
        "coordinates": [
          [
            [
              [
                -73.994156490933,
                40.717854239635
              ],
              [
                -73.994309203106,
                40.717900547011
              ],
              [
                -73.994275536674,
                40.717964821056
              ],
              [
                -73.994122824377,
                40.717918512735
              ],
              [
                -73.994156490933,
                40.717854239635
              ]
            ]
          ]
        ]
      },
      "id": "nyc-building-994207"
    },
    {
      "type": "Feature",
      "properties": {
        "building_id": "nyc-building-994326",
        "object_id": 994326,
        "bin": "1002328",
        "base_bbl": "1001950015",
        "name": "NYC Building 1002328",
        "use": "feature_code_2100",
        "feature_code": 2100,
        "construction_year": 1910,
        "height_roof_ft": 56.4,
        "height_m": 17.19072,
        "ground_elevation_ft": 12,
        "geometry_source": "Photogrammetric",
        "last_edited_date": "2017-08-22 19:24:26+00:00"
      },
      "geometry": {
        "type": "MultiPolygon",
        "coordinates": [
          [
            [
              [
                -74.001313509751,
                40.718003546183
              ],
              [
                -74.001485857803,
                40.71780327783
              ],
              [
                -74.001543982968,
                40.71783223567
              ],
              [
                -74.001561916564,
                40.717811396722
              ],
              [
                -74.001582042785,
                40.717821424528
              ],
              [
                -74.001564161267,
                40.717842203144
              ],
              [
                -74.001393528254,
                40.718040478763
              ],
              [
                -74.001313509751,
                40.718003546183
              ]
            ]
          ]
        ]
      },
      "id": "nyc-building-994326"
    },
    {
      "type": "Feature",
      "properties": {
        "building_id": "nyc-building-994549",
        "object_id": 994549,
        "bin": "1003483",
        "base_bbl": "1002810006",
        "name": "NYC Building 1003483",
        "use": "feature_code_2100",
        "feature_code": 2100,
        "construction_year": 1987,
        "height_roof_ft": 75.85,
        "height_m": 23.11908,
        "ground_elevation_ft": 35,
        "geometry_source": "Photogrammetric",
        "last_edited_date": "2017-08-22 19:24:25+00:00"
      },
      "geometry": {
        "type": "MultiPolygon",
        "coordinates": [
          [
            [
              [
                -73.997237938137,
                40.713583691299
              ],
              [
                -73.997256133868,
                40.713582176174
              ],
              [
                -73.997263595645,
                40.7136092421
              ],
              [
                -73.997296049594,
                40.713726961221
              ],
              [
                -73.997309057474,
                40.713774143781
              ],
              [
                -73.997296047638,
                40.713775227692
              ],
              [
                -73.997095618227,
                40.713791920983
              ],
              [
                -73.99709476166,
                40.713785969487
              ],
              [
                -73.997067702974,
                40.713597871036
              ],
              [
                -73.997237938137,
                40.713583691299
              ]
            ]
          ]
        ]
      },
      "id": "nyc-building-994549"
    },
    {
      "type": "Feature",
      "properties": {
        "building_id": "nyc-building-994871",
        "object_id": 994871,
        "bin": "1003582",
        "base_bbl": "1002830049",
        "name": "NYC Building 1003582",
        "use": "feature_code_2100",
        "feature_code": 2100,
        "construction_year": 1910,
        "height_roof_ft": 66.28,
        "height_m": 20.202144,
        "ground_elevation_ft": 35,
        "geometry_source": "Photogrammetric",
        "last_edited_date": "2017-08-22 19:24:25+00:00"
      },
      "geometry": {
        "type": "MultiPolygon",
        "coordinates": [
          [
            [
              [
                -73.992293307793,
                40.713420864973
              ],
              [
                -73.992217954129,
                40.71342686181
              ],
              [
                -73.992208500599,
                40.713427614898
              ],
              [
                -73.992203784991,
                40.71339330332
              ],
              [
                -73.992189853155,
                40.713384958244
              ],
              [
                -73.992179134637,
                40.713394790193
              ],
              [
                -73.992116705606,
                40.713399917046
              ],
              [
                -73.992104294496,
                40.713391768375
              ],
              [
                -73.992093102577,
                40.713401637204
              ],
              [
                -73.992097883164,
                40.713436417957
              ],
              [
                -73.992072298979,
                40.713438454054
              ],
              [
                -73.992028657456,
                40.713441927013
              ],
              [
                -73.992017104452,
                40.713442846535
              ],
              [
                -73.992014368319,
                40.713422943258
              ],
              [
                -73.992000051539,
                40.713318784694
              ],
              [
                -73.992276254372,
                40.713296802273
              ],
              [
                -73.992293307793,
                40.713420864973
              ]
            ]
          ]
        ]
      },
      "id": "nyc-building-994871"
    },
    {
      "type": "Feature",
      "properties": {
        "building_id": "nyc-building-995412",
        "object_id": 995412,
        "bin": "1001407",
        "base_bbl": "1001240021",
        "name": "NYC Building 1001407",
        "use": "feature_code_2100",
        "feature_code": 2100,
        "construction_year": 1920,
        "height_roof_ft": 100.65,
        "height_m": 30.67812,
        "ground_elevation_ft": 35,
        "geometry_source": "Photogrammetric",
        "last_edited_date": "2017-08-22 17:26:53+00:00"
      },
      "geometry": {
        "type": "MultiPolygon",
        "coordinates": [
          [
            [
              [
                -74.007889039864,
                40.713270049147
              ],
              [
                -74.007971484386,
                40.713165247431
              ],
              [
                -74.008045901364,
                40.713070651705
              ],
              [
                -74.008097825698,
                40.713094302679
              ],
              [
                -74.008126864428,
                40.713107529135
              ],
              [
                -74.007970003083,
                40.713306926686
              ],
              [
                -74.007962099552,
                40.713303326991
              ],
              [
                -74.007889039864,
                40.713270049147
              ]
            ]
          ]
        ]
      },
      "id": "nyc-building-995412"
    },
    {
      "type": "Feature",
      "properties": {
        "building_id": "nyc-building-996969",
        "object_id": 996969,
        "bin": "1003884",
        "base_bbl": "1003000013",
        "name": "NYC Building 1003884",
        "use": "feature_code_2100",
        "feature_code": 2100,
        "construction_year": 1920,
        "height_roof_ft": 61.75,
        "height_m": 18.8214,
        "ground_elevation_ft": 40,
        "geometry_source": "Photogrammetric",
        "last_edited_date": "2017-08-22 18:06:46+00:00"
      },
      "geometry": {
        "type": "MultiPolygon",
        "coordinates": [
          [
            [
              [
                -73.992745142318,
                40.716263554798
              ],
              [
                -73.992833798276,
                40.716289839041
              ],
              [
                -73.99277900692,
                40.716396831556
              ],
              [
                -73.99277581155,
                40.716395884019
              ],
              [
                -73.992565581305,
                40.716333554424
              ],
              [
                -73.992614108488,
                40.716238794141
              ],
              [
                -73.992738879057,
                40.716275786035
              ],
              [
                -73.992745142318,
                40.716263554798
              ]
            ]
          ]
        ]
      },
      "id": "nyc-building-996969"
    },
    {
      "type": "Feature",
      "properties": {
        "building_id": "nyc-building-997246",
        "object_id": 997246,
        "bin": "1002633",
        "base_bbl": "1002050011",
        "name": "NYC Building 1002633",
        "use": "feature_code_2100",
        "feature_code": 2100,
        "construction_year": 1910,
        "height_roof_ft": 45.88,
        "height_m": 13.984224,
        "ground_elevation_ft": 35,
        "geometry_source": "Photogrammetric",
        "last_edited_date": "2017-08-22 17:26:53+00:00"
      },
      "geometry": {
        "type": "MultiPolygon",
        "coordinates": [
          [
            [
              [
                -73.997880580438,
                40.717767834717
              ],
              [
                -73.997824151434,
                40.717748179131
              ],
              [
                -73.997802889524,
                40.717740772932
              ],
              [
                -73.997840955143,
                40.717677506508
              ],
              [
                -73.997842738704,
                40.717678127893
              ],
              [
                -73.998084529275,
                40.717762348776
              ],
              [
                -73.998046463839,
                40.71782561528
              ],
              [
                -73.997880580438,
                40.717767834717
              ]
            ]
          ]
        ]
      },
      "id": "nyc-building-997246"
    },
    {
      "type": "Feature",
      "properties": {
        "building_id": "nyc-building-997491",
        "object_id": 997491,
        "bin": "1005478",
        "base_bbl": "1004140062",
        "name": "NYC Building 1005478",
        "use": "feature_code_2100",
        "feature_code": 2100,
        "construction_year": 1900,
        "height_roof_ft": 54.99,
        "height_m": 16.760952,
        "ground_elevation_ft": 40,
        "geometry_source": "Photogrammetric",
        "last_edited_date": "2017-08-22 17:26:53+00:00"
      },
      "geometry": {
        "type": "MultiPolygon",
        "coordinates": [
          [
            [
              [
                -73.990442954713,
                40.718403704148
              ],
              [
                -73.990502775688,
                40.718287813447
              ],
              [
                -73.99057651669,
                40.718309848683
              ],
              [
                -73.990578820949,
                40.718310537762
              ],
              [
                -73.990503970845,
                40.718455544357
              ],
              [
                -73.990476368211,
                40.718447296107
              ],
              [
                -73.990427925445,
                40.718432819993
              ],
              [
                -73.990442954713,
                40.718403704148
              ]
            ]
          ]
        ]
      },
      "id": "nyc-building-997491"
    },
    {
      "type": "Feature",
      "properties": {
        "building_id": "nyc-building-997939",
        "object_id": 997939,
        "bin": "1001458",
        "base_bbl": "1001340021",
        "name": "NYC Building 1001458",
        "use": "feature_code_2100",
        "feature_code": 2100,
        "construction_year": 1920,
        "height_roof_ft": 67.89,
        "height_m": 20.692872,
        "ground_elevation_ft": 34,
        "geometry_source": "Photogrammetric",
        "last_edited_date": "2017-08-22 18:06:36+00:00"
      },
      "geometry": {
        "type": "MultiPolygon",
        "coordinates": [
          [
            [
              [
                -74.00752721975,
                40.713881198646
              ],
              [
                -74.007621020389,
                40.713761485791
              ],
              [
                -74.007654895553,
                40.713718250927
              ],
              [
                -74.007655394999,
                40.713718477823
              ],
              [
                -74.007736422528,
                40.713755236652
              ],
              [
                -74.007608746854,
                40.71391818446
              ],
              [
                -74.007529595083,
                40.713882276402
              ],
              [
                -74.00752721975,
                40.713881198646
              ]
            ]
          ]
        ]
      },
      "id": "nyc-building-997939"
    }
  ],
  "name": "buildings",
  "crs": {
    "type": "name",
    "properties": {
      "name": "urn:ogc:def:crs:OGC:1.3:CRS84"
    }
  },
  "metadata": {
    "fixture": false,
    "official_data": true,
    "region": "Lower Manhattan, New York City",
    "coordinate_reference_system": "OGC:CRS84",
    "source": "NYC Open Data official snapshot",
    "publishers": [
      "NYC Office of Technology and Innovation (OTI)"
    ],
    "dataset_ids": [
      "5zhs-2jue"
    ],
    "dataset_urls": [
      "https://data.cityofnewyork.us/d/5zhs-2jue"
    ],
    "source_files": [
      "building.geojson"
    ],
    "snapshot_date": "2026-08-27",
    "terms": "NYC Open Data Terms of Use",
    "terms_url": "https://opendata.cityofnewyork.us/overview/#termsofuse",
    "processing": "Fixed bbox source; 360-feature spatially uniform systematic sample; official fields normalized; geometry unchanged."
  }
}
