{
  "type": "FeatureCollection",
  "features": [
    {
      "type": "Feature",
      "properties": {
        "district_id": "MN-101",
        "boro_cd": 101,
        "name": "Manhattan Community District 1"
      },
      "geometry": {
        "type": "MultiPolygon",
        "coordinates": [
          [
            [
              [
                -74.04387761639944,
                40.69018767587399
              ],
              [
                -74.04350596078567,
                40.68968735963629
              ],
              [
                -74.04273533892976,
                40.6900501909178
              ],
              [
                -74.04278433380006,
                40.69012097669134
              ],
              [
                -74.04270428426766,
                40.6901552046445
              ],
              [
                -74.04255372037339,
                40.68996275979236
              ],
              [
                -74.0426392937119,
                40.68992817641353
              ],
              [
                -74.04269380819214,
                40.68999725960997
              ],
              [
                -74.04346752310298,
                40.689636990606225
              ],
              [
                -74.04351637245823,
                40.68919103323996
              ],
              [
                -74.04364078627445,
                40.688766560072914
              ],
              [
                -74.04397458556184,
                40.688582407056096
              ],
              [
                -74.04438521777247,
                40.688516177900276
              ],
              [
                -74.04478399106388,
                40.688595660115794
              ],
              [
                -74.04627539003633,
                40.68932742539434
              ],
              [
                -74.04680284898575,
                40.689953256266215
              ],
              [
                -74.0474765152837,
                40.68961136999821
              ],
              [
                -74.047729627631,
                40.68991531896879
              ],
              [
                -74.04758571924822,
                40.6899825073289
              ],
              [
                -74.0474312612351,
                40.68980389047109
              ],
              [
                -74.04689205500591,
                40.690059098322806
              ],
              [
                -74.04720029366216,
                40.69042481512135
              ],
              [
                -74.04711050698607,
                40.690470412850274
              ],
              [
                -74.04711582042361,
                40.69065580611837
              ],
              [
                -74.04718321412064,
                40.69074735504927
              ],
              [
                -74.04719492513735,
                40.69076326384837
              ],
              [
                -74.04721324567835,
                40.69079048732638
              ],
              [
                -74.04722568425278,
                40.69081957243567
              ],
              [
                -74.04723192827254,
                40.690849788269944
              ],
              [
                -74.04723182081725,
                40.69088037550696
              ],
              [
                -74.04722536457862,
                40.690910565490086
              ],
              [
                -74.04721272179357,
                40.690939599544606
              ],
              [
                -74.04719421016807,
                40.69096674804344
              ],
              [
                -74.0471702948939,
                40.690991328742676
              ],
              [
                -74.04714091053252,
                40.69101051634466
              ],
              [
                -74.04710814053631,
                40.69102620847252
              ],
              [
                -74.04707269656511,
                40.691038064342266
              ],
              [
                -74.0470353483505,
                40.69104582648131
              ],
              [
                -74.04699690697936,
                40.69104932632006
              ],
              [
                -74.04617167065449,
                40.691097981486514
              ],
              [
                -74.04614707208665,
                40.691122646033364
              ],
              [
                -74.04609551065151,
                40.69112006354923
              ],
              [
                -74.0460444245555,
                40.691114152660994
              ],
              [
                -74.04599418395566,
                40.6911049561975
              ],
              [
                -74.04592592767887,
                40.69108260379811
              ],
              [
                -74.04586027427413,
                40.69105611658355
              ],
              [
                -74.04460616482923,
                40.69057348495099
              ],
              [
                -74.04387761639944,
                40.69018767587399
              ]
            ]
          ],
          [
            [
              [
                -74.00199317712729,
                40.692328683412136
              ],
              [
                -74.00179839892095,
                40.69227001601037
              ],
              [
                -74.00181121967667,
                40.692238012881276
              ],
              [
                -74.00200882715212,
                40.692297709500615
              ],
              [
                -74.00205202172337,
                40.69220669210366
              ],
              [
                -74.00216095506005,
                40.69223814086755
              ],
              [
                -74.0020632979122,
                40.692444000334866
              ],
              [
                -74.00195060812472,
                40.692412075095135
              ],
              [
                -74.00199317712729,
                40.692328683412136
              ]
            ]
          ],
          [
            [
              [
                -74.0167475609607,
                40.69334336821777
              ],
              [
                -74.01540359141647,
                40.6930664973093
              ],
              [
                -74.01535466389981,
                40.69322485341736
              ],
              [
                -74.01540916665948,
                40.693238673173255
              ],
              [
                -74.01538919768244,
                40.693298134665696
              ],
              [
                -74.01517482202624,
                40.69325668033564
              ],
              [
                -74.01518934209341,
                40.693198603543145
              ],
              [
                -74.01525474322263,
                40.69320689118408
              ],
              [
                -74.01530915985035,
                40.69304704289173
              ],
              [
                -74.01525951035647,
                40.69303681423205
              ],
              [
                -74.01512637564146,
                40.69317743151614
              ],
              [
                -74.01516538149541,
                40.693197288094986
              ],
              [
                -74.01512878294328,
                40.69324379583458
              ],
              [
                -74.01504789862969,
                40.693199746400694
              ],
              [
                -74.01494315033483,
                40.69314102193099
              ],
              [
                -74.01498417980058,
                40.693106517680675
              ],
              [
                -74.01503973872529,
                40.69313829976103
              ],
              [
                -74.01515612159503,
                40.693015515394414
              ],
              [
                -74.01422123084896,
                40.69282290584166
              ],
              [
                -74.01347809785598,
                40.69213847009193
              ],
              [
                -74.01347183710853,
                40.69213185302381
              ],
              [
                -74.01346424246012,
                40.69212610168638
              ],
              [
                -74.01345551725191,
                40.6921213700673
              ],
              [
                -74.01344589509476,
                40.692117784851945
              ],
              [
                -74.01343563361452,
                40.69211544203167
              ],
              [
                -74.01342500755426,
                40.69211440433362
              ],
              [
                -74.0134143014184,
                40.692114699541385
              ],
              [
                -74.01340380185523,
                40.69211631975099
              ],
              [
                -74.01250258675178,
                40.692303580463125
              ],
              [
                -74.01252289827046,
                40.69233903241489
              ],
              [
                -74.01240888894324,
                40.6924935274803
              ],
              [
                -74.01240098902977,
                40.69250535799697
              ],
              [
                -74.01239161593848,
                40.69251654810922
              ],
              [
                -74.0123726014913,
                40.692533771992
              ],
              [
                -74.01235012591742,
                40.692548382428996
              ],
              [
                -74.01232480071779,
                40.692559981907564
              ],
              [
                -74.01229731492555,
                40.69256825483527
              ],
              [
                -74.0121181561438,
                40.69260636571768
              ],
              [
                -74.01211726765075,
                40.69260655461461
              ],
              [
                -74.01210359185659,
                40.692609464999514
              ],
              [
                -74.0120436917983,
                40.69260181662171
              ],
              [
                -74.0118492003855,
                40.69251819775063
              ],
              [
                -74.01184889307429,
                40.69251787328169
              ],
              [
                -74.01181185647236,
                40.69247933506453
              ],
              [
                -74.0117988123054,
                40.692444594737154
              ],
              [
                -74.01178374501715,
                40.692404766472976
              ],
              [
                -74.01175097032225,
                40.69231811359309
              ],
              [
                -74.01175033086646,
                40.69231641191499
              ],
              [
                -74.01175034252037,
                40.69231634875596
              ],
              [
                -74.01175749051254,
                40.69226373956171
              ],
              [
                -74.01183446726395,
                40.69215905602329
              ],
              [
                -74.01183833471082,
                40.69215379727519
              ],
              [
                -74.01183900825667,
                40.692152877647935
              ],
              [
                -74.01186468706692,
                40.69211796262609
              ],
              [
                -74.01190309722561,
                40.69209058350803
              ],
              [
                -74.01191118868006,
                40.6920888440714
              ],
              [
                -74.0119689325871,
                40.692076474557396
              ],
              [
                -74.01213630770874,
                40.692040643855734
              ],
              [
                -74.01213732516261,
                40.69204041808901
              ],
              [
                -74.01214293316178,
                40.69203921967643
              ],
              [
                -74.01214885984388,
                40.69203794936067
              ],
              [
                -74.0122011411637,
                40.69204490509627
              ],
              [
                -74.01232430689464,
                40.69209118750256
              ],
              [
                -74.01235951844643,
                40.69210777028033
              ],
              [
                -74.01239001029667,
                40.692123085037956
              ],
              [
                -74.01240858613579,
                40.692134240529654
              ],
              [
                -74.01242927059356,
                40.69215423889252
              ],
              [
                -74.01246140165135,
                40.692212624918625
              ],
              [
                -74.01253982481629,
                40.69219697386336
              ],
              [
                -74.01255899015494,
                40.69219315382381
              ],
              [
                -74.01282826026981,
                40.6921394359443
              ],
              [
                -74.01322338051702,
                40.692059190656984
              ],
              [
                -74.01324195439302,
                40.69205541613902
              ],
              [
                -74.01324784563474,
                40.692054217639985
              ],
              [
                -74.01328515792896,
                40.69204736900629
              ],
              [
                -74.01330314021662,
                40.69204264868697
              ],
              [
                -74.01331123156673,
                40.69203949622566
              ],
              [
                -74.01331804474167,
                40.69203590247698
              ],
              [
                -74.01332367657388,
                40.69203182253259
              ],
              [
                -74.01332606546663,
                40.69202957923145
              ],
              [
                -74.01332818317647,
                40.69202720143718
              ],
              [
                -74.01333064247271,
                40.69202372579614
              ],
              [
                -74.01333264149608,
                40.69201997010252
              ],
              [
                -74.01333505303282,
                40.69201209955276
              ],
              [
                -74.01333539494105,
                40.69200820902403
              ],
              [
                -74.0133351582511,
                40.69200446297094
              ],
              [
                -74.01333432977003,
                40.692000924552914
              ],
              [
                -74.01333293283658,
                40.691997636989264
              ],
              [
                -74.01332546520501,
                40.691985202461765
              ],
              [
                -74.01331621036003,
                40.69197249741627
              ],
              [
                -74.01327481959483,
                40.69193534679536
              ],
              [
                -74.01326620460148,
                40.69192718049223
              ],
              [
                -74.0132647611729,
                40.69192580274561
              ],
              [
                -74.01325528699348,
                40.691916816996574
              ],
              [
                -74.01318656537056,
                40.69195792891542
              ],
              [
                -74.01291228751684,
                40.69169073083398
              ],
              [
                -74.01292800393824,
                40.691676104428296
              ],
              [
                -74.0128598710889,
                40.69160299036319
              ],
              [
                -74.01289688430353,
                40.69157689550045
              ],
              [
                -74.01289518355665,
                40.69157528340713
              ],
              [
                -74.0128751983543,
                40.69155633025191
              ],
              [
                -74.01286547266726,
                40.69154710124869
              ],
              [
                -74.0128159518588,
                40.691500126723625
              ],
              [
                -74.01275436836775,
                40.691476467636136
              ],
              [
                -74.01265071760992,
                40.69139945918062
              ],
              [
                -74.01262511694804,
                40.69140873714795
              ],
              [
                -74.01260856859395,
                40.691364104127345
              ],
              [
                -74.01258434696003,
                40.691370649729734
              ],
              [
                -74.01258434935939,
                40.69138336238073
              ],
              [
                -74.0125450515152,
                40.69139159327308
              ],
              [
                -74.01255488211363,
                40.69142300175064
              ],
              [
                -74.01253228594769,
                40.691428986617915
              ],
              [
                -74.01251950752713,
                40.69139683145439
              ],
              [
                -74.01203417616576,
                40.691503076685855
              ],
              [
                -74.01201746659363,
                40.69145820755154
              ],
              [
                -74.01259753152567,
                40.69133433554468
              ],
              [
                -74.01252783209975,
                40.691146337338125
              ],
              [
                -74.01218355071057,
                40.691136215940816
              ],
              [
                -74.01218682075256,
                40.691078024270816
              ],
              [
                -74.01182575354973,
                40.691064816216326
              ],
              [
                -74.01182847957557,
                40.69101135776456
              ],
              [
                -74.01219500090085,
                40.69102884756899
              ],
              [
                -74.01219552958612,
                40.69102057366804
              ],
              [
                -74.01221017410677,
                40.69079169680143
              ],
              [
                -74.01208414396388,
                40.69078062230072
              ],
              [
                -74.01208232424358,
                40.69075988192468
              ],
              [
                -74.01205325498766,
                40.69073914390323
              ],
              [
                -74.01199875966573,
                40.690750211602385
              ],
              [
                -74.0119878628144,
                40.69077233607661
              ],
              [
                -74.01197151318823,
                40.690770955509684
              ],
              [
                -74.01198603276984,
                40.69069766811448
              ],
              [
                -74.01199329167372,
                40.690650653797285
              ],
              [
                -74.01198056761248,
                40.69060640727196
              ],
              [
                -74.01204959850618,
                40.69061054854683
              ],
              [
                -74.01205685428488,
                40.69055385448972
              ],
              [
                -74.01209863431934,
                40.69054693658235
              ],
              [
                -74.01210771369429,
                40.690528959597636
              ],
              [
                -74.01212769712372,
                40.69052895749342
              ],
              [
                -74.01214221600917,
                40.690454287807384
              ],
              [
                -74.012231311469,
                40.69046133077529
              ],
              [
                -74.01230688304491,
                40.68928018293776
              ],
              [
                -74.0127032092405,
                40.688790539817155
              ],
              [
                -74.01275451203065,
                40.68872055623808
              ],
              [
                -74.01316926402752,
                40.68815477070077
              ],
              [
                -74.0132648670562,
                40.68812243009683
              ],
              [
                -74.01333019977949,
                40.688093166048155
              ],
              [
                -74.01341858951305,
                40.68805219781542
              ],
              [
                -74.01347243916628,
                40.68801205796632
              ],
              [
                -74.01488097975022,
                40.68725457099129
              ],
              [
                -74.01604730539535,
                40.687338006800495
              ],
              [
                -74.01609789228397,
                40.68731459228834
              ],
              [
                -74.01651927578648,
                40.687119551147646
              ],
              [
                -74.01698146864119,
                40.68690738448169
              ],
              [
                -74.01704986609217,
                40.68687598741661
              ],
              [
                -74.0167158267198,
                40.686445593709784
              ],
              [
                -74.01664664084757,
                40.686416347233504
              ],
              [
                -74.0151516167432,
                40.68652480204194
              ],
              [
                -74.01514831189695,
                40.68648716725
              ],
              [
                -74.01514714710135,
                40.6864738915167
              ],
              [
                -74.01514391088018,
                40.686437034043095
              ],
              [
                -74.01661971233223,
                40.686319804841126
              ],
              [
                -74.01667351529993,
                40.68630516855369
              ],
              [
                -74.01678113957146,
                40.68634903791936
              ],
              [
                -74.0167734646322,
                40.686398774947314
              ],
              [
                -74.0171209910106,
                40.686843337134135
              ],
              [
                -74.02015656652381,
                40.685449787295234
              ],
              [
                -74.02054367293081,
                40.68527206792613
              ],
              [
                -74.02020686710516,
                40.684833832574654
              ],
              [
                -74.02016278941753,
                40.68483301741103
              ],
              [
                -74.01945957389425,
                40.6851549579226
              ],
              [
                -74.01939842391928,
                40.68508740404737
              ],
              [
                -74.02095255010296,
                40.68438443164738
              ],
              [
                -74.021008778993,
                40.684453539084494
              ],
              [
                -74.02028899992264,
                40.68478444791615
              ],
              [
                -74.02027819846491,
                40.68480913517466
              ],
              [
                -74.02061267235811,
                40.68524039019821
              ],
              [
                -74.02106226329637,
                40.685041024700595
              ],
              [
                -74.02183909525702,
                40.68469654054707
              ],
              [
                -74.02224078898519,
                40.68451840759948
              ],
              [
                -74.02218236980758,
                40.68444818997652
              ],
              [
                -74.02218869159167,
                40.68444512668868
              ],
              [
                -74.02211854383413,
                40.68435195080165
              ],
              [
                -74.022136931921,
                40.68434407196176
              ],
              [
                -74.02220765451614,
                40.68443724772675
              ],
              [
                -74.02225477659645,
                40.684418863528315
              ],
              [
                -74.02218405410032,
                40.68432612470399
              ],
              [
                -74.02219841909843,
                40.684318246629786
              ],
              [
                -74.02227086489532,
                40.68440879753678
              ],
              [
                -74.02227948499687,
                40.684406170711
              ],
              [
                -74.02229730952685,
                40.68442935508529
              ],
              [
                -74.02232719130245,
                40.68441797383376
              ],
              [
                -74.0223381152258,
                40.684430221665025
              ],
              [
                -74.02230823373827,
                40.68444379049444
              ],
              [
                -74.02233552903563,
                40.68447639360439
              ],
              [
                -74.02239732580516,
                40.68444898932659
              ],
              [
                -74.02259359581042,
                40.68435969595013
              ],
              [
                -74.02213250186865,
                40.68376767188283
              ],
              [
                -74.02305574749595,
                40.68291694544531
              ],
              [
                -74.02319462834663,
                40.683000498062334
              ],
              [
                -74.0223682355767,
                40.68377991679415
              ],
              [
                -74.0227589902996,
                40.68428444833244
              ],
              [
                -74.02301704456366,
                40.68416704426928
              ],
              [
                -74.02313509710314,
                40.68412415615031
              ],
              [
                -74.0232567831563,
                40.68408541432099
              ],
              [
                -74.02339776854572,
                40.68404096982183
              ],
              [
                -74.02341479373861,
                40.68403560313067
              ],
              [
                -74.02354160370125,
                40.68400298359273
              ],
              [
                -74.02378267336752,
                40.683968915869215
              ],
              [
                -74.0239473535509,
                40.683949215986814
              ],
              [
                -74.02421537269676,
                40.683944243464516
              ],
              [
                -74.02443173023707,
                40.68395403059466
              ],
              [
                -74.02464809241233,
                40.683978566613234
              ],
              [
                -74.02484185637276,
                40.68401294114259
              ],
              [
                -74.02499306057507,
                40.68405211203321
              ],
              [
                -74.02521646935898,
                40.6840939808715
              ],
              [
                -74.02546836768583,
                40.68415292257847
              ],
              [
                -74.02567183758212,
                40.684236456205234
              ],
              [
                -74.02588501823529,
                40.684376526840225
              ],
              [
                -74.02604653184775,
                40.68451415115512
              ],
              [
                -74.02612578192957,
                40.68459351143994
              ],
              [
                -74.02623238290333,
                40.68470026105399
              ],
              [
                -74.02633404242411,
                40.684801697724346
              ],
              [
                -74.0264406662461,
                40.684951624520124
              ],
              [
                -74.02651822912097,
                40.685108933148655
              ],
              [
                -74.02657640943113,
                40.68524166354086
              ],
              [
                -74.02660875559283,
                40.68537685801007
              ],
              [
                -74.02662819083865,
                40.685526804749834
              ],
              [
                -74.0266217834019,
                40.68565463411161
              ],
              [
                -74.02660890959801,
                40.68576279806969
              ],
              [
                -74.02657021545328,
                40.68590538468152
              ],
              [
                -74.02649600144055,
                40.68605535251659
              ],
              [
                -74.02642577243203,
                40.68617533982978
              ],
              [
                -74.02637621613823,
                40.68623131880023
              ],
              [
                -74.02631270370256,
                40.686295116268234
              ],
              [
                -74.02622025384288,
                40.686384567591105
              ],
              [
                -74.02617488097594,
                40.686429072229195
              ],
              [
                -74.02606584987552,
                40.68653056622804
              ],
              [
                -74.0257838705966,
                40.68679470641746
              ],
              [
                -74.02557971866322,
                40.68699745660011
              ],
              [
                -74.02538699246998,
                40.687166904282435
              ],
              [
                -74.02518794246524,
                40.687356227481914
              ],
              [
                -74.0251542677043,
                40.68738749447709
              ],
              [
                -74.02498452676967,
                40.6875450999612
              ],
              [
                -74.02495996488949,
                40.6875682036496
              ],
              [
                -74.02474903514573,
                40.6877870294124
              ],
              [
                -74.02456390211564,
                40.68796465845398
              ],
              [
                -74.02445685221294,
                40.688060559422105
              ],
              [
                -74.02433922808888,
                40.68816580955569
              ],
              [
                -74.0243230857736,
                40.68818025702214
              ],
              [
                -74.02419511436455,
                40.68829476559009
              ],
              [
                -74.02411997621054,
                40.6883682435104
              ],
              [
                -74.02397192277753,
                40.68851302540451
              ],
              [
                -74.023969248803,
                40.68851555009822
              ],
              [
                -74.02381144169404,
                40.68866451630547
              ],
              [
                -74.0236743648252,
                40.68879230925754
              ],
              [
                -74.02353644452177,
                40.68891577096115
              ],
              [
                -74.02339034096943,
                40.68904924761358
              ],
              [
                -74.02313394750364,
                40.68929545426479
              ],
              [
                -74.02268465939613,
                40.68971747085402
              ],
              [
                -74.02256537904927,
                40.68982575842622
              ],
              [
                -74.02243973951957,
                40.689939819439594
              ],
              [
                -74.02225114057582,
                40.6901222185783
              ],
              [
                -74.02189942193758,
                40.690443472360755
              ],
              [
                -74.02149639768453,
                40.69082705033496
              ],
              [
                -74.02147636060462,
                40.690846622621386
              ],
              [
                -74.02121292061632,
                40.69110396565109
              ],
              [
                -74.02097996202463,
                40.69132439086234
              ],
              [
                -74.02071969701758,
                40.69158098499565
              ],
              [
                -74.02071619151157,
                40.69158423214071
              ],
              [
                -74.02046388462902,
                40.69181799110421
              ],
              [
                -74.02020527434277,
                40.6920339238544
              ],
              [
                -74.01985623976942,
                40.692906233301656
              ],
              [
                -74.01979706616885,
                40.693041562744654
              ],
              [
                -74.01979424538122,
                40.69304594557897
              ],
              [
                -74.01976764190428,
                40.69308055729047
              ],
              [
                -74.01973308196347,
                40.693114107487055
              ],
              [
                -74.0196927182827,
                40.69314366579499
              ],
              [
                -74.01964733809632,
                40.69316865571766
              ],
              [
                -74.01959782648228,
                40.693188589858345
              ],
              [
                -74.01954514909961,
                40.69320307942651
              ],
              [
                -74.01952625786063,
                40.69320679034949
              ],
              [
                -74.0194356527756,
                40.69322117711836
              ],
              [
                -74.01934366787751,
                40.69322898863311
              ],
              [
                -74.01925112492039,
                40.69323015510895
              ],
              [
                -74.01915885064417,
                40.69322466612512
              ],
              [
                -74.01901238427882,
                40.69321982900299
              ],
              [
                -74.01886580645925,
                40.69321771373442
              ],
              [
                -74.0188507475579,
                40.69321765036375
              ],
              [
                -74.01879710616208,
                40.693217659137595
              ],
              [
                -74.01819162214248,
                40.69325480043094
              ],
              [
                -74.01796039442266,
                40.69326898326421
              ],
              [
                -74.01735898628607,
                40.69330587025963
              ],
              [
                -74.0167475609607,
                40.69334336821777
              ]
            ]
          ],
          [
            [
              [
                -74.04037134801165,
                40.70012264306107
              ],
              [
                -74.04029983079131,
                40.70010666122973
              ],
              [
                -74.04022131628301,
                40.700113091585514
              ],
              [
                -74.04012176861717,
                40.700116327273115
              ],
              [
                -74.04006286925896,
                40.70009820710074
              ],
              [
                -74.04000396352954,
                40.70006941574914
              ],
              [
                -74.03993523694733,
                40.70002995679148
              ],
              [
                -74.03987632812007,
                40.69999689728348
              ],
              [
                -74.03982442765316,
                40.69995849940968
              ],
              [
                -74.03977394870654,
                40.699953181624046
              ],
              [
                -74.03970383928056,
                40.69994573562224
              ],
              [
                -74.03965334363124,
                40.69991267376738
              ],
              [
                -74.03962107569691,
                40.699880670922845
              ],
              [
                -74.03954674847935,
                40.699854019611685
              ],
              [
                -74.03948783623592,
                40.6998134896972
              ],
              [
                -74.0394303306441,
                40.699780429478686
              ],
              [
                -74.03936722150529,
                40.699755908002395
              ],
              [
                -74.03931813484016,
                40.69973351532932
              ],
              [
                -74.03925082056196,
                40.69971112902029
              ],
              [
                -74.03916668464402,
                40.69969408414075
              ],
              [
                -74.03909657533852,
                40.69968663827146
              ],
              [
                -74.03903207799623,
                40.69968559301343
              ],
              [
                -74.03897178713575,
                40.699684546295046
              ],
              [
                -74.03891429209703,
                40.69966855935599
              ],
              [
                -74.03885397699936,
                40.69962589529322
              ],
              [
                -74.03880627266417,
                40.699569355019605
              ],
              [
                -74.0387627688549,
                40.69950320981058
              ],
              [
                -74.03874310752309,
                40.69944772704326
              ],
              [
                -74.03874167126195,
                40.6993890361903
              ],
              [
                -74.03871359334863,
                40.699327154530216
              ],
              [
                -74.03868272153154,
                40.69928234667381
              ],
              [
                -74.0386238167206,
                40.69925248696169
              ],
              [
                -74.03853125423386,
                40.69921090119607
              ],
              [
                -74.0384933607577,
                40.69914688779893
              ],
              [
                -74.03848072298685,
                40.6991138120889
              ],
              [
                -74.03846666808383,
                40.69905512544825
              ],
              [
                -74.0384526169438,
                40.699001775218164
              ],
              [
                -74.03845258370814,
                40.69894415154093
              ],
              [
                -74.03844413330664,
                40.69887906163875
              ],
              [
                -74.03844692220781,
                40.69885238265762
              ],
              [
                -74.03843989369778,
                40.698820371714206
              ],
              [
                -74.0384062192017,
                40.698778766330804
              ],
              [
                -74.03838797280886,
                40.69874462533167
              ],
              [
                -74.0383641141926,
                40.69870408364252
              ],
              [
                -74.03836269424626,
                40.698673137972996
              ],
              [
                -74.03838791382293,
                40.69864218342128
              ],
              [
                -74.03841735907037,
                40.69864430739159
              ],
              [
                -74.03844960710025,
                40.69864536377189
              ],
              [
                -74.03847484941177,
                40.698653892191935
              ],
              [
                -74.03850710444748,
                40.69866668735827
              ],
              [
                -74.03854356961311,
                40.6986858829934
              ],
              [
                -74.03858843338712,
                40.698681599365216
              ],
              [
                -74.03862486586024,
                40.69864317129495
              ],
              [
                -74.0386921534176,
                40.69862287420678
              ],
              [
                -74.03880290626624,
                40.69860362857727
              ],
              [
                -74.03887720836664,
                40.69858973090353
              ],
              [
                -74.03896272936329,
                40.69858009797971
              ],
              [
                -74.03904824908517,
                40.6985683306951
              ],
              [
                -74.03915480598657,
                40.698567227345364
              ],
              [
                -74.03921649985952,
                40.698571475606236
              ],
              [
                -74.0392613798839,
                40.698593869090644
              ],
              [
                -74.03932169116187,
                40.69863119770508
              ],
              [
                -74.03937640214593,
                40.698682399630776
              ],
              [
                -74.03942268882601,
                40.69871332992879
              ],
              [
                -74.03947599215621,
                40.6987538611358
              ],
              [
                -74.03951105465487,
                40.698771989294
              ],
              [
                -74.03956713890962,
                40.69877410432477
              ],
              [
                -74.03963302863869,
                40.69876021022777
              ],
              [
                -74.03967087028649,
                40.69873565343823
              ],
              [
                -74.03972692846935,
                40.698692949657655
              ],
              [
                -74.03993272132986,
                40.69854442279383
              ],
              [
                -74.04025555083275,
                40.698804823307505
              ],
              [
                -74.04010009945048,
                40.69892324347259
              ],
              [
                -74.04001368056961,
                40.69889368220006
              ],
              [
                -74.03997479609603,
                40.698887120433604
              ],
              [
                -74.03993158724123,
                40.698873983033295
              ],
              [
                -74.03987974866246,
                40.69887728973476
              ],
              [
                -74.03982791749424,
                40.69889374663193
              ],
              [
                -74.0397933763783,
                40.69892663815397
              ],
              [
                -74.03979339404114,
                40.698956229999375
              ],
              [
                -74.03981502029875,
                40.698998965765725
              ],
              [
                -74.03985391858065,
                40.699028543651714
              ],
              [
                -74.03991442290604,
                40.69906797753726
              ],
              [
                -74.03996628594466,
                40.699104126836495
              ],
              [
                -74.04001382659996,
                40.69913698989217
              ],
              [
                -74.04005703168964,
                40.69914355014164
              ],
              [
                -74.04009591829892,
                40.699153400774904
              ],
              [
                -74.04015641297879,
                40.69917639508439
              ],
              [
                -74.04019531548067,
                40.69921254930369
              ],
              [
                -74.0401996537943,
                40.69924213863384
              ],
              [
                -74.04019966568966,
                40.69926186630658
              ],
              [
                -74.04025153212389,
                40.699304591925966
              ],
              [
                -74.04029907107511,
                40.69933416663835
              ],
              [
                -74.04033364199014,
                40.699350593980036
              ],
              [
                -74.04036821093158,
                40.699363733756826
              ],
              [
                -74.0404114175359,
                40.69937358209792
              ],
              [
                -74.04043303435445,
                40.699399877628046
              ],
              [
                -74.04044523628828,
                40.69942473221021
              ],
              [
                -74.0404662947079,
                40.699469542374025
              ],
              [
                -74.04047473442229,
                40.699513290995895
              ],
              [
                -74.04048175879882,
                40.69953676512698
              ],
              [
                -74.0404873855592,
                40.69956770928752
              ],
              [
                -74.04050142030712,
                40.69959011313217
              ],
              [
                -74.0405308833369,
                40.69962104890016
              ],
              [
                -74.04057156191787,
                40.69965091355889
              ],
              [
                -74.04059681332842,
                40.699673312934664
              ],
              [
                -74.04060664621556,
                40.699702121810446
              ],
              [
                -74.04062630332076,
                40.69974800025662
              ],
              [
                -74.04062773019345,
                40.6997885498949
              ],
              [
                -74.04063196074299,
                40.699828030724426
              ],
              [
                -74.0406516146495,
                40.69986857392597
              ],
              [
                -74.04066986641486,
                40.69990911694932
              ],
              [
                -74.04069513880091,
                40.699965664549694
              ],
              [
                -74.04071479996368,
                40.70001687872104
              ],
              [
                -74.04073446180048,
                40.70007022735327
              ],
              [
                -74.04074290567931,
                40.70012037783734
              ],
              [
                -74.04074713631029,
                40.700160926312165
              ],
              [
                -74.04073313721835,
                40.700197212142534
              ],
              [
                -74.04070370121288,
                40.70021002800454
              ],
              [
                -74.04065462786066,
                40.700211112497236
              ],
              [
                -74.04059853910333,
                40.700204730408615
              ],
              [
                -74.04053683324985,
                40.70018341002295
              ],
              [
                -74.0404849441414,
                40.70016421977875
              ],
              [
                -74.04043865983174,
                40.70014075961763
              ],
              [
                -74.04037134801165,
                40.70012264306107
              ]
            ]
          ],
          [
            [
              [
                -74.0111435335986,
                40.725814475973884
              ],
              [
                -74.01102457951117,
                40.725793862211184
              ],
              [
                -74.01092277258171,
                40.72579415134844
              ],
              [
                -74.01081238260726,
                40.72578980255595
              ],
              [
                -74.01005338591698,
                40.7252444513724
              ],
              [
                -74.00973152280115,
                40.724990371531554
              ],
              [
                -74.00931760445084,
                40.724701551389174
              ],
              [
                -74.00864380566408,
                40.72422131745543
              ],
              [
                -74.0085709097978,
                40.72416935528251
              ],
              [
                -74.0083021626478,
                40.72397780901872
              ],
              [
                -74.00807835289478,
                40.72382686326653
              ],
              [
                -74.0079120604296,
                40.72369976726767
              ],
              [
                -74.00762904152717,
                40.7234977035756
              ],
              [
                -74.00629841710706,
                40.72254950366814
              ],
              [
                -74.00591289877082,
                40.72225294916509
              ],
              [
                -74.00530986129975,
                40.72182419181322
              ],
              [
                -74.00522716174571,
                40.72174410256048
              ],
              [
                -74.00463516244645,
                40.72135363324089
              ],
              [
                -74.00392928293418,
                40.72085443506057
              ],
              [
                -74.00351186439296,
                40.72055635239198
              ],
              [
                -74.00325955049146,
                40.72037709575852
              ],
              [
                -74.00260001909851,
                40.71990342582805
              ],
              [
                -74.00188406309478,
                40.71939757028799
              ],
              [
                -74.0014005568262,
                40.71905262019907
              ],
              [
                -74.00127273340206,
                40.71896142644613
              ],
              [
                -74.00053195521231,
                40.71843023901422
              ],
              [
                -73.99995620864657,
                40.718017095087355
              ],
              [
                -73.99931241700145,
                40.71755024177758
              ],
              [
                -73.99944838180335,
                40.7173297970985
              ],
              [
                -73.9999309777797,
                40.716543914270694
              ],
              [
                -74.00013820907833,
                40.716199730562494
              ],
              [
                -74.00057839216119,
                40.71557090242185
              ],
              [
                -74.00078955186169,
                40.7152909684016
              ],
              [
                -74.00052734942693,
                40.715170059365484
              ],
              [
                -74.0004546306596,
                40.71436504759906
              ],
              [
                -74.0002210584419,
                40.714250626889495
              ],
              [
                -74.00062461465946,
                40.71311189083325
              ],
              [
                -74.00063383195948,
                40.71308117856864
              ],
              [
                -74.0008450545922,
                40.713039620977646
              ],
              [
                -74.00089354391562,
                40.713029950787984
              ],
              [
                -74.00089166286934,
                40.71299925785362
              ],
              [
                -74.00087276307242,
                40.71169696831581
              ],
              [
                -74.00086402815117,
                40.71161954970954
              ],
              [
                -74.00084889359738,
                40.711542704469196
              ],
              [
                -74.00082741969965,
                40.71146673859666
              ],
              [
                -74.00079969198939,
                40.71139195459113
              ],
              [
                -74.0007658208999,
                40.71131865024449
              ],
              [
                -74.00072594161287,
                40.71124711750582
              ],
              [
                -74.00068021266488,
                40.71117764115478
              ],
              [
                -74.00062881616601,
                40.71111049784543
              ],
              [
                -74.00057195679267,
                40.711045954940744
              ],
              [
                -74.00050986097234,
                40.71098426944842
              ],
              [
                -74.00065774673965,
                40.71080077033941
              ],
              [
                -74.00079637813212,
                40.71061828715173
              ],
              [
                -74.00090633637271,
                40.7104778313565
              ],
              [
                -74.00100325442945,
                40.71035402976383
              ],
              [
                -74.00113646757461,
                40.71017596422549
              ],
              [
                -74.00123476628733,
                40.71005533303578
              ],
              [
                -74.00128258532506,
                40.70999405347307
              ],
              [
                -74.00141934716292,
                40.7098147957721
              ],
              [
                -74.0014714023208,
                40.70974655432343
              ],
              [
                -74.00134439913731,
                40.70964629295911
              ],
              [
                -74.00055004953066,
                40.709017917299676
              ],
              [
                -74.00026566682727,
                40.70879294991984
              ],
              [
                -74.00019103138898,
                40.70873391286489
              ],
              [
                -74.00012359123079,
                40.7086845192809
              ],
              [
                -74.00000765589327,
                40.70859961998657
              ],
              [
                -73.99992936423627,
                40.70853681759008
              ],
              [
                -73.9998119392456,
                40.70844261498347
              ],
              [
                -73.9995627336694,
                40.70823648314776
              ],
              [
                -73.99944281440469,
                40.708136556756756
              ],
              [
                -73.99939955073677,
                40.70810033836033
              ],
              [
                -73.99936195582275,
                40.708072286588504
              ],
              [
                -73.99928731116864,
                40.70801660316896
              ],
              [
                -73.99919451174895,
                40.70794737685425
              ],
              [
                -73.99925945470771,
                40.70791402131059
              ],
              [
                -73.99932632675426,
                40.70787967649411
              ],
              [
                -73.9993822517736,
                40.7078415493217
              ],
              [
                -73.99942129138608,
                40.70781893705551
              ],
              [
                -73.99946033075192,
                40.707796326451266
              ],
              [
                -73.99952324941067,
                40.707762628658315
              ],
              [
                -73.99951211364754,
                40.70774870660929
              ],
              [
                -73.99949062474623,
                40.70772184522518
              ],
              [
                -73.9995383965945,
                40.70769347002584
              ],
              [
                -73.99955121325496,
                40.70769435277668
              ],
              [
                -73.9995714951379,
                40.70771719868865
              ],
              [
                -73.99960948039251,
                40.70775997317647
              ],
              [
                -73.9998829708522,
                40.70762408603548
              ],
              [
                -73.9999485594979,
                40.707591496371165
              ],
              [
                -73.99994505655111,
                40.70758262698349
              ],
              [
                -73.9999485595232,
                40.707558691553935
              ],
              [
                -73.99995671262306,
                40.707531198856046
              ],
              [
                -73.99997222648798,
                40.70750639882222
              ],
              [
                -73.99999645016025,
                40.70749164789868
              ],
              [
                -74.00013868859142,
                40.7074050544077
              ],
              [
                -74.00023380525761,
                40.70734714248702
              ],
              [
                -74.0004002783203,
                40.70726027957087
              ],
              [
                -74.00055247932056,
                40.707184275923154
              ],
              [
                -74.00077175219104,
                40.70708014820094
              ],
              [
                -74.00084973367689,
                40.707043118636726
              ],
              [
                -74.00088259097625,
                40.707025253803266
              ],
              [
                -74.0011868526283,
                40.706859825771936
              ],
              [
                -74.00113130577202,
                40.706799050684694
              ],
              [
                -74.00122367538822,
                40.706745261647924
              ],
              [
                -74.00123213691967,
                40.70674033642859
              ],
              [
                -74.00122701299958,
                40.70673486990667
              ],
              [
                -74.00116039022576,
                40.70666372083448
              ],
              [
                -74.00117521610984,
                40.70664874526931
              ],
              [
                -74.00116913341543,
                40.706639497667936
              ],
              [
                -74.00117643567687,
                40.706635058292946
              ],
              [
                -74.0011760207968,
                40.706627574359175
              ],
              [
                -74.00098276691733,
                40.70641671299312
              ],
              [
                -74.00140533024056,
                40.70618013520806
              ],
              [
                -74.00140666691954,
                40.70617938802082
              ],
              [
                -74.00140581495842,
                40.70617861288332
              ],
              [
                -74.0005924020935,
                40.70541007891111
              ],
              [
                -74.00084523503796,
                40.7052545188464
              ],
              [
                -74.00145437418847,
                40.70487330343224
              ],
              [
                -74.00205517727977,
                40.705411349366834
              ],
              [
                -74.00206142563808,
                40.70541700513835
              ],
              [
                -74.00206282084558,
                40.70541607734813
              ],
              [
                -74.00212278686422,
                40.705379002672665
              ],
              [
                -74.0021581834855,
                40.70535711911871
              ],
              [
                -74.00256965059467,
                40.70552357952368
              ],
              [
                -74.00268512768794,
                40.705449248118846
              ],
              [
                -74.00236285311746,
                40.705158966692785
              ],
              [
                -74.0024157347692,
                40.705129311785285
              ],
              [
                -74.00238385458344,
                40.70510127025097
              ],
              [
                -74.00197070397947,
                40.704737867984804
              ],
              [
                -74.00197014837805,
                40.7047311592025
              ],
              [
                -74.00203201379027,
                40.70469295373028
              ],
              [
                -74.002171849419,
                40.70460659646387
              ],
              [
                -74.00218562331565,
                40.704607018874114
              ],
              [
                -74.00233344621164,
                40.70474813530719
              ],
              [
                -74.00233393075764,
                40.70474260690176
              ],
              [
                -74.00242059318668,
                40.704680334603935
              ],
              [
                -74.00243071075865,
                40.70467785800453
              ],
              [
                -74.00248839829258,
                40.7047267723514
              ],
              [
                -74.00248790148638,
                40.70473376058922
              ],
              [
                -74.00239832748953,
                40.70479492514103
              ],
              [
                -74.00238670740679,
                40.70479566367467
              ],
              [
                -74.00332307270787,
                40.705628595220254
              ],
              [
                -74.00358262337757,
                40.70546112883133
              ],
              [
                -74.00363187169326,
                40.70542980675194
              ],
              [
                -74.00364446183865,
                40.705421684136425
              ],
              [
                -74.00383327532258,
                40.70530324302658
              ],
              [
                -74.00366217837694,
                40.705149759739335
              ],
              [
                -74.00358390952114,
                40.705192649148174
              ],
              [
                -74.00355259950756,
                40.70516644083436
              ],
              [
                -74.00363086901315,
                40.70512355144667
              ],
              [
                -74.00262896407828,
                40.70422295278161
              ],
              [
                -74.002866897815,
                40.704075225511744
              ],
              [
                -74.00405666439265,
                40.70514736343912
              ],
              [
                -74.00434050782803,
                40.704962729306715
              ],
              [
                -74.00458622952465,
                40.70479945067947
              ],
              [
                -74.00484062824783,
                40.70463977952667
              ],
              [
                -74.00492037826479,
                40.704591004973516
              ],
              [
                -74.00518805067325,
                40.70442053569077
              ],
              [
                -74.00521160900404,
                40.70440553223552
              ],
              [
                -74.00526035829184,
                40.70437448841031
              ],
              [
                -74.00535027224755,
                40.704310079961715
              ],
              [
                -74.00566330640657,
                40.704104244478394
              ],
              [
                -74.0058912988893,
                40.70395985344216
              ],
              [
                -74.00602048621096,
                40.70387490010204
              ],
              [
                -74.00614106753552,
                40.70398097343561
              ],
              [
                -74.00634215560278,
                40.70384982260761
              ],
              [
                -74.00643259271952,
                40.703791189951815
              ],
              [
                -74.0065959191387,
                40.70368590194944
              ],
              [
                -74.006320807539,
                40.70346676102906
              ],
              [
                -74.00631484519424,
                40.70346132459716
              ],
              [
                -74.00630030777441,
                40.703448234988464
              ],
              [
                -74.0059114573594,
                40.7030981114306
              ],
              [
                -74.00589941745793,
                40.703087270192114
              ],
              [
                -74.00588747266437,
                40.70307651522399
              ],
              [
                -74.00555843304463,
                40.70278125689005
              ],
              [
                -74.0054838408244,
                40.70271432213423
              ],
              [
                -74.00552682615239,
                40.70268528761731
              ],
              [
                -74.00550531272071,
                40.70266684658574
              ],
              [
                -74.00547130861277,
                40.70268982908367
              ],
              [
                -74.00543599763355,
                40.70265955541154
              ],
              [
                -74.00542728826248,
                40.70266543619423
              ],
              [
                -74.00530412596079,
                40.702559865633226
              ],
              [
                -74.00549427805099,
                40.70243138145317
              ],
              [
                -74.00550166067457,
                40.70243086779721
              ],
              [
                -74.00561361797627,
                40.702530242032516
              ],
              [
                -74.00560163196413,
                40.702538059770085
              ],
              [
                -74.00560905264517,
                40.70255281855389
              ],
              [
                -74.00559479485835,
                40.70256802032967
              ],
              [
                -74.00559935100478,
                40.70258016783946
              ],
              [
                -74.00559022977765,
                40.70258581428405
              ],
              [
                -74.00559194611431,
                40.702598835921336
              ],
              [
                -74.00558509547804,
                40.70260405020256
              ],
              [
                -74.00558909594902,
                40.702612730597025
              ],
              [
                -74.00553546138177,
                40.70264552110702
              ],
              [
                -74.00555771998816,
                40.70266439465222
              ],
              [
                -74.00567522249854,
                40.702584072197745
              ],
              [
                -74.00598430339498,
                40.702860018543866
              ],
              [
                -74.00608976093835,
                40.70295112049134
              ],
              [
                -74.00623870508532,
                40.70307978930176
              ],
              [
                -74.00636372730409,
                40.70318779225269
              ],
              [
                -74.00646028831753,
                40.70327120803425
              ],
              [
                -74.00649425191108,
                40.703300548171974
              ],
              [
                -74.00654880812654,
                40.70336761508607
              ],
              [
                -74.00655720878507,
                40.703363148333466
              ],
              [
                -74.00675541584032,
                40.703541489477
              ],
              [
                -74.00678502191047,
                40.70356812740289
              ],
              [
                -74.00699466002457,
                40.70344118856679
              ],
              [
                -74.00722046663678,
                40.703301977806014
              ],
              [
                -74.00751905283795,
                40.703121819734726
              ],
              [
                -74.00752714979264,
                40.70311498091373
              ],
              [
                -74.00760498179518,
                40.702993141156
              ],
              [
                -74.00764555161301,
                40.702928174276515
              ],
              [
                -74.00769798694176,
                40.70284927854697
              ],
              [
                -74.00795594887994,
                40.70269252994472
              ],
              [
                -74.00836148391231,
                40.702444539016554
              ],
              [
                -74.00911037361746,
                40.7019838705112
              ],
              [
                -74.00914202195378,
                40.701972849402864
              ],
              [
                -74.00929072600606,
                40.70193007131956
              ],
              [
                -74.00869964313567,
                40.70113986754241
              ],
              [
                -74.00775549150644,
                40.70154800217457
              ],
              [
                -74.0075913620422,
                40.7013280810483
              ],
              [
                -74.00853611510774,
                40.700919695745235
              ],
              [
                -74.008349275591,
                40.700669348388395
              ],
              [
                -74.00862036163869,
                40.700552163713446
              ],
              [
                -74.00958483017605,
                40.70183738556342
              ],
              [
                -74.01105603841502,
                40.70145418141226
              ],
              [
                -74.01118088303541,
                40.70145139225388
              ],
              [
                -74.01110775373041,
                40.70127576447384
              ],
              [
                -74.01128983905525,
                40.70124998224445
              ],
              [
                -74.0112097577877,
                40.70104458327395
              ],
              [
                -74.01112868539609,
                40.70106489745062
              ],
              [
                -74.01107837974551,
                40.70095712031527
              ],
              [
                -74.01106708568963,
                40.70091494089502
              ],
              [
                -74.01110886351545,
                40.700901420103904
              ],
              [
                -74.01109386310776,
                40.70086641037122
              ],
              [
                -74.01109337389371,
                40.70085125657577
              ],
              [
                -74.01107872437127,
                40.70085194903657
              ],
              [
                -74.01105584312833,
                40.700811531273004
              ],
              [
                -74.01105943295772,
                40.7008026214952
              ],
              [
                -74.01103748928746,
                40.7007571312483
              ],
              [
                -74.01101538388575,
                40.70074112429666
              ],
              [
                -74.01102945843246,
                40.70073117099389
              ],
              [
                -74.01101999687313,
                40.70071239494593
              ],
              [
                -74.01100668082337,
                40.70071138770619
              ],
              [
                -74.01099272755786,
                40.700690593047234
              ],
              [
                -74.0110085466105,
                40.70068355723452
              ],
              [
                -74.01100361903022,
                40.700668066797974
              ],
              [
                -74.01099134410617,
                40.7006733522822
              ],
              [
                -74.01096997178928,
                40.70064553608976
              ],
              [
                -74.01098841773411,
                40.70063424450271
              ],
              [
                -74.01095827294415,
                40.700574591600216
              ],
              [
                -74.01093617683645,
                40.700575841947206
              ],
              [
                -74.01092482717033,
                40.70056679303653
              ],
              [
                -74.01092557334937,
                40.70055583199405
              ],
              [
                -74.01094712848688,
                40.70053774303594
              ],
              [
                -74.01091918086524,
                40.70048646309209
              ],
              [
                -74.01090496934044,
                40.70049178376411
              ],
              [
                -74.01088462665342,
                40.70046142740972
              ],
              [
                -74.0109036642329,
                40.700451381512565
              ],
              [
                -74.01078537980491,
                40.700232514470926
              ],
              [
                -74.01079959311006,
                40.700207213007154
              ],
              [
                -74.01081530667369,
                40.700200444101355
              ],
              [
                -74.01085157384671,
                40.70023851108508
              ],
              [
                -74.01093093205078,
                40.70041515233457
              ],
              [
                -74.01100364429975,
                40.700581109944274
              ],
              [
                -74.01104377249544,
                40.70068284521981
              ],
              [
                -74.01107427475966,
                40.70074833739373
              ],
              [
                -74.01110436404355,
                40.70081064942953
              ],
              [
                -74.01113362222922,
                40.70086787440568
              ],
              [
                -74.01115033556839,
                40.700898400101124
              ],
              [
                -74.01135836291354,
                40.700851958636505
              ],
              [
                -74.0113031892116,
                40.7006478440365
              ],
              [
                -74.01129816432253,
                40.70059888452948
              ],
              [
                -74.01130986410949,
                40.70057980119124
              ],
              [
                -74.0113340941042,
                40.70056835368245
              ],
              [
                -74.01136082267432,
                40.700565810999436
              ],
              [
                -74.0113817187564,
                40.70057025711801
              ],
              [
                -74.01139508123386,
                40.700590607673945
              ],
              [
                -74.01143269912247,
                40.700674541116435
              ],
              [
                -74.01146947437395,
                40.70074892825823
              ],
              [
                -74.01150291143712,
                40.70081505897438
              ],
              [
                -74.01172926817476,
                40.70077011805986
              ],
              [
                -74.01170009248338,
                40.700721538636074
              ],
              [
                -74.01168275397707,
                40.700693345062234
              ],
              [
                -74.01166539833068,
                40.70063756059044
              ],
              [
                -74.01163149614044,
                40.70055539174753
              ],
              [
                -74.01161019835878,
                40.70049300642165
              ],
              [
                -74.01161413587113,
                40.70047261846275
              ],
              [
                -74.01163147918649,
                40.70045821824831
              ],
              [
                -74.01167798034295,
                40.700461815207625
              ],
              [
                -74.01170321011992,
                40.70048100238698
              ],
              [
                -74.0117260583568,
                40.70047860442205
              ],
              [
                -74.01175129264934,
                40.70053078758646
              ],
              [
                -74.01177730827737,
                40.70057097437512
              ],
              [
                -74.0118261923343,
                40.70066634278219
              ],
              [
                -74.01183407601519,
                40.700686134476314
              ],
              [
                -74.01184827026117,
                40.700729925806115
              ],
              [
                -74.01185378549589,
                40.70073892145034
              ],
              [
                -74.01199159781125,
                40.700704830964014
              ],
              [
                -74.01208668214693,
                40.700681308739355
              ],
              [
                -74.01208509377953,
                40.70066451480405
              ],
              [
                -74.01206932171665,
                40.700599733344255
              ],
              [
                -74.01203856797012,
                40.700528956812484
              ],
              [
                -74.01197670642495,
                40.70037842429938
              ],
              [
                -74.01190488098494,
                40.70022693000216
              ],
              [
                -74.01185672556994,
                40.700107103408584
              ],
              [
                -74.01193096316577,
                40.70005121015707
              ],
              [
                -74.01196196116918,
                40.70003754559562
              ],
              [
                -74.01204027930206,
                40.700048091645726
              ],
              [
                -74.01208842091692,
                40.700086584192206
              ],
              [
                -74.0121275950614,
                40.700143086506905
              ],
              [
                -74.01215779158518,
                40.70021137864832
              ],
              [
                -74.01217247960996,
                40.700233115597854
              ],
              [
                -74.01223694549938,
                40.70032127784446
              ],
              [
                -74.012254902849,
                40.70036473434166
              ],
              [
                -74.0123185597424,
                40.700488287090245
              ],
              [
                -74.01236222440261,
                40.700575829962204
              ],
              [
                -74.01239160032284,
                40.70062052809419
              ],
              [
                -74.01259392327508,
                40.70057083347261
              ],
              [
                -74.01259064684221,
                40.70051185050826
              ],
              [
                -74.01255471870938,
                40.700359730657944
              ],
              [
                -74.01252899955233,
                40.700252320357144
              ],
              [
                -74.01251593564191,
                40.70018464848033
              ],
              [
                -74.01251511280124,
                40.70015049211099
              ],
              [
                -74.01254202780166,
                40.70013497414847
              ],
              [
                -74.01261382087365,
                40.70010826581126
              ],
              [
                -74.0126480885809,
                40.70011508828317
              ],
              [
                -74.01268072728449,
                40.700146755381624
              ],
              [
                -74.01273499158562,
                40.70021877270113
              ],
              [
                -74.01279619139252,
                40.7003000998848
              ],
              [
                -74.01283454933409,
                40.700352874734655
              ],
              [
                -74.01286637756563,
                40.700407513371886
              ],
              [
                -74.01288188403385,
                40.7004416598863
              ],
              [
                -74.01290474249372,
                40.70049691216296
              ],
              [
                -74.01290881793956,
                40.70052361169369
              ],
              [
                -74.0130020533556,
                40.700516028465614
              ],
              [
                -74.01310747847371,
                40.70050745218082
              ],
              [
                -74.01311155389506,
                40.7004720530448
              ],
              [
                -74.01311153191459,
                40.700360290603314
              ],
              [
                -74.01309395831629,
                40.70022369324005
              ],
              [
                -74.01307843485952,
                40.700103242584426
              ],
              [
                -74.0130249570557,
                40.699882830206235
              ],
              [
                -74.0130118926586,
                40.69981825663142
              ],
              [
                -74.0130208570277,
                40.69979341936811
              ],
              [
                -74.01304370092437,
                40.69977478473604
              ],
              [
                -74.01311303826304,
                40.69977416538285
              ],
              [
                -74.01314078965092,
                40.69980333792567
              ],
              [
                -74.01315384897731,
                40.69984494048557
              ],
              [
                -74.01316691626805,
                40.69993124433776
              ],
              [
                -74.01317753563335,
                40.700017547965224
              ],
              [
                -74.01318571684631,
                40.70010323034407
              ],
              [
                -74.01320084197317,
                40.70023982797629
              ],
              [
                -74.01320736787197,
                40.70027521651902
              ],
              [
                -74.013222880169,
                40.700333586085605
              ],
              [
                -74.01327349483086,
                40.700496870227944
              ],
              [
                -74.01348560832739,
                40.7004782229086
              ],
              [
                -74.01348068493701,
                40.700357771068596
              ],
              [
                -74.01348311536113,
                40.700263388116475
              ],
              [
                -74.01350349660866,
                40.70017645952844
              ],
              [
                -74.01353285018102,
                40.70010816142342
              ],
              [
                -74.01358669315097,
                40.700079590847785
              ],
              [
                -74.01361029830721,
                40.70008429808729
              ],
              [
                -74.01367479314794,
                40.70012582145101
              ],
              [
                -74.01366274969902,
                40.700136656532884
              ],
              [
                -74.01364265186702,
                40.700161782809566
              ],
              [
                -74.01361182269146,
                40.70024517414817
              ],
              [
                -74.01357049009941,
                40.700232202871554
              ],
              [
                -74.01356130931909,
                40.70029512215841
              ],
              [
                -74.01353310205637,
                40.700297124245914
              ],
              [
                -74.01353047796475,
                40.700311100346646
              ],
              [
                -74.01356131236537,
                40.70031009758531
              ],
              [
                -74.01356034144283,
                40.70036653343744
              ],
              [
                -74.01352950889165,
                40.70037352412428
              ],
              [
                -74.0135314747603,
                40.70038201618379
              ],
              [
                -74.01356297111606,
                40.700380013206605
              ],
              [
                -74.01355970548933,
                40.70043893442761
              ],
              [
                -74.01352361756736,
                40.700441937578496
              ],
              [
                -74.013522959189,
                40.70046041540717
              ],
              [
                -74.01358070018833,
                40.70045691449314
              ],
              [
                -74.01358541798506,
                40.7005019127564
              ],
              [
                -74.01355283229515,
                40.700503357667245
              ],
              [
                -74.01357712822566,
                40.700643681476215
              ],
              [
                -74.01351039592653,
                40.70065037115225
              ],
              [
                -74.01355826959487,
                40.700939870830716
              ],
              [
                -74.01395152756511,
                40.70099098246014
              ],
              [
                -74.01409198385475,
                40.70055161782475
              ],
              [
                -74.01410490300086,
                40.70051082838701
              ],
              [
                -74.01409144949477,
                40.70050833622452
              ],
              [
                -74.01412821190823,
                40.70039328205477
              ],
              [
                -74.01413726388596,
                40.70039495521047
              ],
              [
                -74.01414860637789,
                40.7003205717239
              ],
              [
                -74.01417467279454,
                40.700260891294015
              ],
              [
                -74.01422063195494,
                40.700111491365895
              ],
              [
                -74.01430981311296,
                40.70012129606889
              ],
              [
                -74.01430981586157,
                40.70013410151579
              ],
              [
                -74.0141778793178,
                40.70054147355388
              ],
              [
                -74.01416495763293,
                40.700539052030976
              ],
              [
                -74.0141523878731,
                40.70057786628629
              ],
              [
                -74.01428920741134,
                40.70064414476523
              ],
              [
                -74.01430157023242,
                40.70063221177289
              ],
              [
                -74.0142965168929,
                40.700629186523855
              ],
              [
                -74.01431530264759,
                40.70061103797436
              ],
              [
                -74.01431796468086,
                40.700612497308
              ],
              [
                -74.01436783583223,
                40.70054612266771
              ],
              [
                -74.01444813150721,
                40.70044737240012
              ],
              [
                -74.01455999973693,
                40.700309786779826
              ],
              [
                -74.01457513332033,
                40.700316916331374
              ],
              [
                -74.01458425440427,
                40.70030846895527
              ],
              [
                -74.01458234409444,
                40.700283875528726
              ],
              [
                -74.01463294333459,
                40.70019742990999
              ],
              [
                -74.01467119992007,
                40.70021040119729
              ],
              [
                -74.01466717213697,
                40.70023938040491
              ],
              [
                -74.01465386124694,
                40.70024264117531
              ],
              [
                -74.01460863003749,
                40.700309708748584
              ],
              [
                -74.01460825448508,
                40.70032365711402
              ],
              [
                -74.01455219325999,
                40.700382980751755
              ],
              [
                -74.01449342549972,
                40.70044516925076
              ],
              [
                -74.01449246893424,
                40.700454669003044
              ],
              [
                -74.01448492126376,
                40.70046115359216
              ],
              [
                -74.01447857931358,
                40.70046208215594
              ],
              [
                -74.01440947394667,
                40.70055133141249
              ],
              [
                -74.01439689988942,
                40.70056348139074
              ],
              [
                -74.01439480693739,
                40.700570479097465
              ],
              [
                -74.01432384363027,
                40.700661304629875
              ],
              [
                -74.01464323234912,
                40.700817304325284
              ],
              [
                -74.01472424834412,
                40.70071429389447
              ],
              [
                -74.0147714243914,
                40.700663651907036
              ],
              [
                -74.01481236514054,
                40.70061084993632
              ],
              [
                -74.01485926659412,
                40.70055544414315
              ],
              [
                -74.0149303261123,
                40.70047926986363
              ],
              [
                -74.01499883053579,
                40.70040612057669
              ],
              [
                -74.01506818269304,
                40.70031825755512
              ],
              [
                -74.01509832270126,
                40.700334265523615
              ],
              [
                -74.01503579735079,
                40.700420831010774
              ],
              [
                -74.01502271060053,
                40.7004195360588
              ],
              [
                -74.01500850517257,
                40.700437709926256
              ],
              [
                -74.0149931457591,
                40.70043684732
              ],
              [
                -74.01496757071698,
                40.700465414879766
              ],
              [
                -74.0149749555559,
                40.700470177723616
              ],
              [
                -74.01494881182721,
                40.700494413601405
              ],
              [
                -74.01494255505817,
                40.700506103291495
              ],
              [
                -74.01492322289359,
                40.70051519147163
              ],
              [
                -74.0149175465081,
                40.700525575712895
              ],
              [
                -74.01492379463954,
                40.700530338707296
              ],
              [
                -74.01493687947062,
                40.70052297938142
              ],
              [
                -74.0149419915596,
                40.700523843325946
              ],
              [
                -74.01488598965476,
                40.700580114435844
              ],
              [
                -74.0148200428468,
                40.700660619780386
              ],
              [
                -74.01472681782197,
                40.700774015849824
              ],
              [
                -74.01470265033885,
                40.700799116025856
              ],
              [
                -74.01467365628488,
                40.70083460902858
              ],
              [
                -74.01481072560142,
                40.70090383147972
              ],
              [
                -74.01482834225281,
                40.70089474286989
              ],
              [
                -74.0150211366168,
                40.70099250401358
              ],
              [
                -74.01514231812101,
                40.70084289235444
              ],
              [
                -74.01567778184742,
                40.701256021027625
              ],
              [
                -74.01579351711152,
                40.701346905807675
              ],
              [
                -74.01591034233417,
                40.701460948444
              ],
              [
                -74.01611609060481,
                40.701630801625505
              ],
              [
                -74.01613890636003,
                40.70164601710289
              ],
              [
                -74.01624449060664,
                40.701752721436975
              ],
              [
                -74.01639205370195,
                40.70189770100838
              ],
              [
                -74.01651515260784,
                40.7020172986716
              ],
              [
                -74.01653258703746,
                40.70203653968322
              ],
              [
                -74.01681859599923,
                40.70233857508063
              ],
              [
                -74.0168965704124,
                40.70242187945713
              ],
              [
                -74.01700396789508,
                40.702554535627705
              ],
              [
                -74.01713705889378,
                40.70271134026786
              ],
              [
                -74.01714508062659,
                40.70270534997635
              ],
              [
                -74.01725182133951,
                40.70283555726394
              ],
              [
                -74.01724571591129,
                40.70283845773937
              ],
              [
                -74.01725328400002,
                40.70284622216026
              ],
              [
                -74.01729346221046,
                40.70288743920961
              ],
              [
                -74.01731837763408,
                40.70291887177174
              ],
              [
                -74.01739839332281,
                40.7030191408051
              ],
              [
                -74.01744003546041,
                40.703077514542045
              ],
              [
                -74.01749381162757,
                40.70315484295769
              ],
              [
                -74.01754038297949,
                40.70323616043002
              ],
              [
                -74.01757548561503,
                40.70330750305621
              ],
              [
                -74.01759647967049,
                40.70336138680664
              ],
              [
                -74.01761681217123,
                40.70342324846557
              ],
              [
                -74.01762601904936,
                40.7034227607247
              ],
              [
                -74.01764797506856,
                40.703494599879704
              ],
              [
                -74.0176604507462,
                40.703549979097744
              ],
              [
                -74.01766881307273,
                40.70359131346783
              ],
              [
                -74.01777128020329,
                40.703583815929825
              ],
              [
                -74.01776730114295,
                40.70354518126105
              ],
              [
                -74.01787839340639,
                40.70353850803738
              ],
              [
                -74.0178846288097,
                40.70358178318937
              ],
              [
                -74.01789088495364,
                40.70362520777183
              ],
              [
                -74.01777639388398,
                40.70363255834218
              ],
              [
                -74.01777128399804,
                40.703598050880196
              ],
              [
                -74.01767132020267,
                40.703606427383974
              ],
              [
                -74.01768310568113,
                40.70371113122548
              ],
              [
                -74.01767264581432,
                40.703711791046175
              ],
              [
                -74.0176768962942,
                40.70377050363874
              ],
              [
                -74.0176742874819,
                40.70383436757171
              ],
              [
                -74.01766578442248,
                40.703899233718715
              ],
              [
                -74.01765792483431,
                40.70393266178659
              ],
              [
                -74.0176430653269,
                40.70398897295898
              ],
              [
                -74.01765378898196,
                40.70399838081269
              ],
              [
                -74.01765461989739,
                40.704009682569954
              ],
              [
                -74.01764390293602,
                40.704022245902145
              ],
              [
                -74.01763399890552,
                40.70402475178334
              ],
              [
                -74.01762657963042,
                40.70402350132434
              ],
              [
                -74.01757035640019,
                40.70418388098674
              ],
              [
                -74.01779454520292,
                40.70423489759895
              ],
              [
                -74.01785585682929,
                40.70407884711322
              ],
              [
                -74.01775054986868,
                40.704054882893665
              ],
              [
                -74.01779139303439,
                40.70395091258379
              ],
              [
                -74.01781758697946,
                40.70393792249673
              ],
              [
                -74.01783782825967,
                40.703962666138686
              ],
              [
                -74.01780821746956,
                40.7040319644798
              ],
              [
                -74.01791229326221,
                40.70405449715117
              ],
              [
                -74.0179426936393,
                40.703973176576405
              ],
              [
                -74.01795473982637,
                40.70397578611135
              ],
              [
                -74.01784441106724,
                40.70424203993809
              ],
              [
                -74.01844704670988,
                40.70416235496205
              ],
              [
                -74.01865886498044,
                40.70442877929025
              ],
              [
                -74.01751646371467,
                40.70458062415006
              ],
              [
                -74.01748090483301,
                40.70466726085802
              ],
              [
                -74.01753170409474,
                40.704670872388405
              ],
              [
                -74.01754796252615,
                40.704663659375136
              ],
              [
                -74.01755812673757,
                40.7046657214245
              ],
              [
                -74.0175703146188,
                40.70466262399815
              ],
              [
                -74.01757369902538,
                40.704667783652575
              ],
              [
                -74.01756693013898,
                40.70467138584931
              ],
              [
                -74.01759808539691,
                40.70468427213649
              ],
              [
                -74.01763433061089,
                40.704678707871224
              ],
              [
                -74.01767570940247,
                40.704680679349956
              ],
              [
                -74.01768670225856,
                40.70467379112305
              ],
              [
                -74.017718379389,
                40.70467969845173
              ],
              [
                -74.01773325394228,
                40.70467133287103
              ],
              [
                -74.017749416039,
                40.70467526793793
              ],
              [
                -74.0177655688175,
                40.70467231546054
              ],
              [
                -74.01776687049336,
                40.704664930160526
              ],
              [
                -74.01778367349166,
                40.704670837588296
              ],
              [
                -74.01779789585463,
                40.704666902187796
              ],
              [
                -74.01780630901126,
                40.704661985472676
              ],
              [
                -74.01782893315087,
                40.704664929945736
              ],
              [
                -74.0178399261186,
                40.704660995542795
              ],
              [
                -74.01790198846368,
                40.70465164811164
              ],
              [
                -74.01791039104725,
                40.70465903307631
              ],
              [
                -74.01794142815905,
                40.70465558354963
              ],
              [
                -74.01794401937286,
                40.70464820843327
              ],
              [
                -74.01796922420502,
                40.70464721810145
              ],
              [
                -74.01797892738368,
                40.704640824588054
              ],
              [
                -74.01798926941159,
                40.704646731822145
              ],
              [
                -74.01799832152902,
                40.70464968541838
              ],
              [
                -74.01800802337449,
                40.70463836559953
              ],
              [
                -74.01802418707244,
                40.70464574984399
              ],
              [
                -74.0180429299157,
                40.70462803711049
              ],
              [
                -74.01805392410763,
                40.70462950493473
              ],
              [
                -74.01806509374255,
                40.704635825991765
              ],
              [
                -74.01811302905885,
                40.704553602333924
              ],
              [
                -74.01886289045426,
                40.704719607170915
              ],
              [
                -74.01888747947997,
                40.704729142804425
              ],
              [
                -74.01892572382414,
                40.704773762570454
              ],
              [
                -74.01934155704555,
                40.70607053870678
              ],
              [
                -74.01934254624474,
                40.706093672527274
              ],
              [
                -74.0192224228399,
                40.70657308872623
              ],
              [
                -74.01912275963412,
                40.7069758143376
              ],
              [
                -74.01910255488421,
                40.707000437641675
              ],
              [
                -74.01909155084711,
                40.70700447318465
              ],
              [
                -74.01906617140145,
                40.70701377062164
              ],
              [
                -74.01903338019704,
                40.707013190876204
              ],
              [
                -74.01895359463371,
                40.706996769465675
              ],
              [
                -74.01894579167337,
                40.70701777094153
              ],
              [
                -74.01893740557156,
                40.70703420689686
              ],
              [
                -74.01892660443805,
                40.70704425778599
              ],
              [
                -74.01890921570671,
                40.707064342451424
              ],
              [
                -74.01888462028894,
                40.70708580553695
              ],
              [
                -74.01885943006918,
                40.70710041568386
              ],
              [
                -74.01882943775034,
                40.70711548664025
              ],
              [
                -74.0187964493679,
                40.70712781984775
              ],
              [
                -74.0187610576787,
                40.70713786652521
              ],
              [
                -74.01872626987432,
                40.707143355686526
              ],
              [
                -74.01868966870477,
                40.707142443754144
              ],
              [
                -74.01865548075625,
                40.70714153912525
              ],
              [
                -74.01863058372714,
                40.707139715772044
              ],
              [
                -74.01858078403724,
                40.707123748102944
              ],
              [
                -74.01854718475342,
                40.70710777026439
              ],
              [
                -74.01857117399437,
                40.7070799223888
              ],
              [
                -74.01860717601127,
                40.70709544097534
              ],
              [
                -74.018634170231,
                40.707103198808895
              ],
              [
                -74.01864437101173,
                40.707105475860615
              ],
              [
                -74.01864796262211,
                40.70708173803014
              ],
              [
                -74.01868695379925,
                40.70708400923774
              ],
              [
                -74.01872115249107,
                40.70708172615001
              ],
              [
                -74.0187505462297,
                40.70707989331009
              ],
              [
                -74.01876194037419,
                40.707075785364474
              ],
              [
                -74.01874993323992,
                40.707049762489696
              ],
              [
                -74.01877393087639,
                40.70704428278774
              ],
              [
                -74.01879432757889,
                40.707032411169926
              ],
              [
                -74.01882011914353,
                40.707015972883156
              ],
              [
                -74.0188387043294,
                40.70699496965173
              ],
              [
                -74.01884829724433,
                40.706983090410375
              ],
              [
                -74.01884889814508,
                40.70697031235039
              ],
              [
                -74.01881110035019,
                40.7069662117743
              ],
              [
                -74.0187985148563,
                40.70698218837642
              ],
              [
                -74.0187757159848,
                40.70699725864664
              ],
              [
                -74.01874212416375,
                40.70700776337897
              ],
              [
                -74.01872292981705,
                40.70700685750059
              ],
              [
                -74.01869473190766,
                40.7070109676701
              ],
              [
                -74.01867853372204,
                40.7070187330026
              ],
              [
                -74.01864794474125,
                40.707017819578596
              ],
              [
                -74.01862814488062,
                40.7070109784651
              ],
              [
                -74.01861254498972,
                40.7069972851461
              ],
              [
                -74.01860474411275,
                40.70698906417743
              ],
              [
                -74.01860294181317,
                40.70697491797829
              ],
              [
                -74.01859153053346,
                40.70695939491856
              ],
              [
                -74.01857952850986,
                40.70694981480916
              ],
              [
                -74.01857172609171,
                40.706938397924056
              ],
              [
                -74.01856933191749,
                40.70692059520591
              ],
              [
                -74.01856452356978,
                40.70690644010942
              ],
              [
                -74.01854892759579,
                40.70690827067932
              ],
              [
                -74.0185351326967,
                40.70691832201425
              ],
              [
                -74.01853033752082,
                40.70695073241057
              ],
              [
                -74.01840649088626,
                40.70725787215867
              ],
              [
                -74.01821726389754,
                40.70774220596928
              ],
              [
                -74.01821699384479,
                40.70775130976845
              ],
              [
                -74.01819029259647,
                40.7078216261101
              ],
              [
                -74.01865557049648,
                40.70792394888343
              ],
              [
                -74.01864689079085,
                40.707946813547146
              ],
              [
                -74.01880063068425,
                40.70798062163757
              ],
              [
                -74.0188319588391,
                40.70799916678933
              ],
              [
                -74.01883395951488,
                40.70800221914029
              ],
              [
                -74.01885347760376,
                40.708022012284204
              ],
              [
                -74.01885500911968,
                40.70804753444759
              ],
              [
                -74.01874689830457,
                40.7084805802538
              ],
              [
                -74.01863142468964,
                40.708941100054346
              ],
              [
                -74.01846882134527,
                40.709589571008905
              ],
              [
                -74.01834136609787,
                40.71010647644119
              ],
              [
                -74.01826409180683,
                40.71040899662699
              ],
              [
                -74.01814480361773,
                40.71088865018915
              ],
              [
                -74.01811057789178,
                40.711029628214604
              ],
              [
                -74.01804609687574,
                40.711344501487254
              ],
              [
                -74.01797853231493,
                40.71175631920825
              ],
              [
                -74.01792224257028,
                40.71203924270091
              ],
              [
                -74.01787333422641,
                40.712315143954015
              ],
              [
                -74.01777014254505,
                40.71283457478931
              ],
              [
                -74.01775292705901,
                40.71284832755615
              ],
              [
                -74.01773183836701,
                40.71284931234683
              ],
              [
                -74.01772021563546,
                40.7128447309338
              ],
              [
                -74.01772148946115,
                40.71278414461066
              ],
              [
                -74.01780037888393,
                40.71234512415872
              ],
              [
                -74.01662424425291,
                40.712157318995494
              ],
              [
                -74.01654463812528,
                40.71245603793113
              ],
              [
                -74.01659227582778,
                40.71254817107701
              ],
              [
                -74.0166181765532,
                40.712649763569246
              ],
              [
                -74.01661840078305,
                40.71275615002984
              ],
              [
                -74.01659149520499,
                40.71286156321744
              ],
              [
                -74.01655548893456,
                40.71292909550456
              ],
              [
                -74.01654112171731,
                40.71295556481954
              ],
              [
                -74.01647724204145,
                40.713029493074146
              ],
              [
                -74.01639169485816,
                40.71309999795089
              ],
              [
                -74.01632006627581,
                40.713407982478444
              ],
              [
                -74.0165411468663,
                40.71344105274255
              ],
              [
                -74.01691068695467,
                40.71349632801045
              ],
              [
                -74.01757952508993,
                40.71359549038381
              ],
              [
                -74.01765509447189,
                40.713161062667204
              ],
              [
                -74.01767041664053,
                40.713069207965276
              ],
              [
                -74.01767270844078,
                40.713065996202786
              ],
              [
                -74.01767565425034,
                40.71306310966778
              ],
              [
                -74.01767917611988,
                40.71306062474092
              ],
              [
                -74.0176831808571,
                40.713058607175974
              ],
              [
                -74.01768756249247,
                40.71305711035977
              ],
              [
                -74.01769220508339,
                40.713056173899645
              ],
              [
                -74.01769698578217,
                40.71305582257523
              ],
              [
                -74.01770177808656,
                40.71305606568298
              ],
              [
                -74.01770610827474,
                40.71305681373998
              ],
              [
                -74.01771024206708,
                40.71305804745645
              ],
              [
                -74.0177140859701,
                40.71305973892956
              ],
              [
                -74.0177175530466,
                40.713061849903404
              ],
              [
                -74.01772056488205,
                40.71306433263438
              ],
              [
                -74.01772305335807,
                40.71306713097075
              ],
              [
                -74.01772496219296,
                40.71307018162288
              ],
              [
                -74.01770687258336,
                40.71316928246624
              ],
              [
                -74.01761833310015,
                40.7136543234331
              ],
              [
                -74.01753721790733,
                40.714097542247956
              ],
              [
                -74.01740871360487,
                40.71480679990559
              ],
              [
                -74.01738281387838,
                40.714941434315236
              ],
              [
                -74.01738223187856,
                40.71494446127945
              ],
              [
                -74.01732570958444,
                40.715254913255045
              ],
              [
                -74.01726421509521,
                40.71559268237011
              ],
              [
                -74.01712122293621,
                40.716371793077364
              ],
              [
                -74.01698274294627,
                40.71713064366833
              ],
              [
                -74.01686297377272,
                40.717786954287945
              ],
              [
                -74.01671018605823,
                40.718624176058164
              ],
              [
                -74.01669419095941,
                40.71864884335458
              ],
              [
                -74.01665946969614,
                40.718666021224834
              ],
              [
                -74.01662996338192,
                40.71866536845042
              ],
              [
                -74.01594695204274,
                40.71857554890645
              ],
              [
                -74.0159438298421,
                40.71858925504437
              ],
              [
                -74.01566883666857,
                40.71855448876333
              ],
              [
                -74.01567062060747,
                40.71853774823381
              ],
              [
                -74.01555087754507,
                40.71852193318397
              ],
              [
                -74.01500060682412,
                40.71844923605518
              ],
              [
                -74.01499619731617,
                40.718473001316845
              ],
              [
                -74.01498981339564,
                40.71850734732785
              ],
              [
                -74.01498333230722,
                40.718523791433164
              ],
              [
                -74.01497036257996,
                40.718535850864455
              ],
              [
                -74.0149451554934,
                40.71854353507732
              ],
              [
                -74.01470270021812,
                40.71851615488436
              ],
              [
                -74.01321322719193,
                40.71831571989594
              ],
              [
                -74.01306805492318,
                40.71892219382567
              ],
              [
                -74.01307237769215,
                40.71893861917286
              ],
              [
                -74.01303068126435,
                40.71913145581929
              ],
              [
                -74.01301172799539,
                40.719218969116426
              ],
              [
                -74.01295524308756,
                40.71948945339735
              ],
              [
                -74.01295749567798,
                40.71950016380323
              ],
              [
                -74.01290892764018,
                40.71973485170661
              ],
              [
                -74.01345505633182,
                40.719801707426384
              ],
              [
                -74.01341376512872,
                40.72001948201438
              ],
              [
                -74.01399452219557,
                40.72008564946672
              ],
              [
                -74.01399999964441,
                40.72006718366165
              ],
              [
                -74.0142646199906,
                40.72009514658379
              ],
              [
                -74.01426696671713,
                40.72008680714385
              ],
              [
                -74.01557364096601,
                40.720243294464986
              ],
              [
                -74.01557364347123,
                40.72025401550964
              ],
              [
                -74.01571378469997,
                40.72027067526838
              ],
              [
                -74.0157130096578,
                40.720303435742075
              ],
              [
                -74.01637848291482,
                40.72037660883105
              ],
              [
                -74.01630573342837,
                40.7207270200383
              ],
              [
                -74.01449720312957,
                40.72051372126332
              ],
              [
                -74.01351919132372,
                40.720395186558335
              ],
              [
                -74.01299980679079,
                40.720333090750216
              ],
              [
                -74.0128973027087,
                40.72086804597598
              ],
              [
                -74.01569471973286,
                40.72120642487545
              ],
              [
                -74.01562245781948,
                40.7215434536739
              ],
              [
                -74.01316066673286,
                40.721253963194776
              ],
              [
                -74.01311663311996,
                40.72147373453092
              ],
              [
                -74.01325380075872,
                40.72148992000137
              ],
              [
                -74.01326193939082,
                40.72147181193326
              ],
              [
                -74.01363523640495,
                40.721516561134564
              ],
              [
                -74.01361558335005,
                40.72158618255959
              ],
              [
                -74.0135612803112,
                40.72158061384525
              ],
              [
                -74.01356109093356,
                40.721571893764214
              ],
              [
                -74.01325565118515,
                40.72154385653947
              ],
              [
                -74.01325799654838,
                40.72152777302949
              ],
              [
                -74.0131123731524,
                40.721509920295844
              ],
              [
                -74.0131037691494,
                40.721554595471346
              ],
              [
                -74.01253875807262,
                40.72150317657655
              ],
              [
                -74.01249171031532,
                40.72177975782762
              ],
              [
                -74.01237071715393,
                40.72238758057912
              ],
              [
                -74.01223080840147,
                40.723056257072834
              ],
              [
                -74.01209463829593,
                40.7237070524813
              ],
              [
                -74.01196432049122,
                40.72432986423991
              ],
              [
                -74.0118133958526,
                40.72507800630602
              ],
              [
                -74.01165415104032,
                40.725867374070916
              ],
              [
                -74.01165326569942,
                40.725871761851536
              ],
              [
                -74.01195833074836,
                40.725977599218496
              ],
              [
                -74.01231588417473,
                40.72603384328552
              ],
              [
                -74.01411595444266,
                40.7262158633031
              ],
              [
                -74.01477821548464,
                40.72628170647352
              ],
              [
                -74.01516324118423,
                40.726319711936995
              ],
              [
                -74.01520426531143,
                40.726361949379765
              ],
              [
                -74.01518864981996,
                40.72645118300777
              ],
              [
                -74.015170840198,
                40.72657939065785
              ],
              [
                -74.01175747477754,
                40.72618990533803
              ],
              [
                -74.01158193997684,
                40.726171034832234
              ],
              [
                -74.01147123249083,
                40.72606197969027
              ],
              [
                -74.01129464114884,
                40.725954942917134
              ],
              [
                -74.0111435335986,
                40.725814475973884
              ]
            ]
          ]
        ]
      },
      "id": "nyc-community-district-101"
    },
    {
      "type": "Feature",
      "properties": {
        "district_id": "MN-102",
        "boro_cd": 102,
        "name": "Manhattan Community District 2"
      },
      "geometry": {
        "type": "MultiPolygon",
        "coordinates": [
          [
            [
              [
                -74.00915345169425,
                40.74249618755625
              ],
              [
                -74.00901826641196,
                40.74243747858323
              ],
              [
                -74.0088933979832,
                40.74238416718943
              ],
              [
                -74.00879080522749,
                40.74237514372377
              ],
              [
                -74.0086990229636,
                40.742361723963505
              ],
              [
                -74.0082040187844,
                40.742147518791064
              ],
              [
                -74.00779116134794,
                40.74197084424423
              ],
              [
                -74.00697077724404,
                40.74162712715832
              ],
              [
                -74.00544214844913,
                40.74098214026187
              ],
              [
                -74.00536222029363,
                40.74094950351815
              ],
              [
                -74.00512553452248,
                40.740850213068576
              ],
              [
                -74.00310733884224,
                40.73999752055912
              ],
              [
                -74.00252381416747,
                40.739752643642305
              ],
              [
                -73.99968423039347,
                40.73855247381623
              ],
              [
                -73.99683993860417,
                40.737360889398374
              ],
              [
                -73.993616883955,
                40.736004491616214
              ],
              [
                -73.99171498773394,
                40.735215300666795
              ],
              [
                -73.99119899334936,
                40.73501236858365
              ],
              [
                -73.99075396816642,
                40.73483915457386
              ],
              [
                -73.98990295970059,
                40.73443478963449
              ],
              [
                -73.98987421242556,
                40.734284556917956
              ],
              [
                -73.9898546321718,
                40.73413347345728
              ],
              [
                -73.98984426079987,
                40.733981862735476
              ],
              [
                -73.98984312005862,
                40.73383004937338
              ],
              [
                -73.98985121272044,
                40.73367835838752
              ],
              [
                -73.98986852139565,
                40.73352711455507
              ],
              [
                -73.99003455735858,
                40.73275415137419
              ],
              [
                -73.99010225743841,
                40.73244537234058
              ],
              [
                -73.99011350296756,
                40.73240050434395
              ],
              [
                -73.99021190972442,
                40.73199633440502
              ],
              [
                -73.99039010002672,
                40.73128852382765
              ],
              [
                -73.9905055860359,
                40.73056495673792
              ],
              [
                -73.99072530409872,
                40.729878687476614
              ],
              [
                -73.99078461602444,
                40.729745748338665
              ],
              [
                -73.99097394420761,
                40.729195707209264
              ],
              [
                -73.9911431514612,
                40.728588157155606
              ],
              [
                -73.99122943604792,
                40.72807261736077
              ],
              [
                -73.99129790628726,
                40.727755248562374
              ],
              [
                -73.99123439559044,
                40.72772680526254
              ],
              [
                -73.99135288961898,
                40.72755739806033
              ],
              [
                -73.99138898337311,
                40.72749770114233
              ],
              [
                -73.99155207579066,
                40.72709433672403
              ],
              [
                -73.99156762927869,
                40.72703464711637
              ],
              [
                -73.99163853409182,
                40.72683325577507
              ],
              [
                -73.99179396219462,
                40.72639179536178
              ],
              [
                -73.99206108543514,
                40.72564461433449
              ],
              [
                -73.99221516612971,
                40.72523259566832
              ],
              [
                -73.99232767958787,
                40.7249060973922
              ],
              [
                -73.99257987396696,
                40.724201554923425
              ],
              [
                -73.99260322198438,
                40.72413644968358
              ],
              [
                -73.99263254954295,
                40.724056865152576
              ],
              [
                -73.9930919022704,
                40.722820084364145
              ],
              [
                -73.99326016194931,
                40.72235442627813
              ],
              [
                -73.99333917242924,
                40.722141140172
              ],
              [
                -73.99336181506884,
                40.72208001783559
              ],
              [
                -73.99352731367806,
                40.7216332613661
              ],
              [
                -73.99379593869142,
                40.720937537465915
              ],
              [
                -73.9938379218417,
                40.720832148621945
              ],
              [
                -73.9940415520236,
                40.72032097982332
              ],
              [
                -73.99407263221248,
                40.72024349090313
              ],
              [
                -73.99416805982594,
                40.72001184625224
              ],
              [
                -73.99423470916308,
                40.71985151456367
              ],
              [
                -73.99439866258628,
                40.719457108928
              ],
              [
                -73.99480779021309,
                40.71845742635051
              ],
              [
                -73.9954287587875,
                40.717279243048054
              ],
              [
                -73.99580912349239,
                40.71664465970815
              ],
              [
                -73.99605872744375,
                40.716231640211106
              ],
              [
                -73.99698375215492,
                40.71654054317223
              ],
              [
                -73.99776285925766,
                40.7168139281217
              ],
              [
                -73.99858925568033,
                40.7170995115373
              ],
              [
                -73.99931241700145,
                40.71755024177758
              ],
              [
                -73.99995620864657,
                40.718017095087355
              ],
              [
                -74.00053195521231,
                40.71843023901422
              ],
              [
                -74.00127273340206,
                40.71896142644613
              ],
              [
                -74.0014005568262,
                40.71905262019907
              ],
              [
                -74.00188406309478,
                40.71939757028799
              ],
              [
                -74.00260001909851,
                40.71990342582805
              ],
              [
                -74.00325955049146,
                40.72037709575852
              ],
              [
                -74.00351186439296,
                40.72055635239198
              ],
              [
                -74.00392928293418,
                40.72085443506057
              ],
              [
                -74.00463516244645,
                40.72135363324089
              ],
              [
                -74.00522716174571,
                40.72174410256048
              ],
              [
                -74.00530986129975,
                40.72182419181322
              ],
              [
                -74.00591289877082,
                40.72225294916509
              ],
              [
                -74.00629841710706,
                40.72254950366814
              ],
              [
                -74.00762904152717,
                40.7234977035756
              ],
              [
                -74.0079120604296,
                40.72369976726767
              ],
              [
                -74.00807835289478,
                40.72382686326653
              ],
              [
                -74.0083021626478,
                40.72397780901872
              ],
              [
                -74.0085709097978,
                40.72416935528251
              ],
              [
                -74.00864380566408,
                40.72422131745543
              ],
              [
                -74.00931760445084,
                40.724701551389174
              ],
              [
                -74.00973152280115,
                40.724990371531554
              ],
              [
                -74.01005338591698,
                40.7252444513724
              ],
              [
                -74.01081238260726,
                40.72578980255595
              ],
              [
                -74.01092277258171,
                40.72579415134844
              ],
              [
                -74.01102457951117,
                40.725793862211184
              ],
              [
                -74.0111435335986,
                40.725814475973884
              ],
              [
                -74.01129464114884,
                40.725954942917134
              ],
              [
                -74.01147123249083,
                40.72606197969027
              ],
              [
                -74.01158193997684,
                40.726171034832234
              ],
              [
                -74.01175747477754,
                40.72618990533803
              ],
              [
                -74.015170840198,
                40.72657939065785
              ],
              [
                -74.01514325523314,
                40.726710526782114
              ],
              [
                -74.01512356549473,
                40.7267939430673
              ],
              [
                -74.01430671596631,
                40.726708121196886
              ],
              [
                -74.01341677520723,
                40.7266210312136
              ],
              [
                -74.01234454766033,
                40.72651943048265
              ],
              [
                -74.01154201897596,
                40.72644734642468
              ],
              [
                -74.01138323604756,
                40.728229272367344
              ],
              [
                -74.01439069932388,
                40.728463047520314
              ],
              [
                -74.01434461474166,
                40.72862218378165
              ],
              [
                -74.0142192854302,
                40.729523427755694
              ],
              [
                -74.0140774139114,
                40.730640409188055
              ],
              [
                -74.01408693559918,
                40.73066317304047
              ],
              [
                -74.01403796924798,
                40.73069421884407
              ],
              [
                -74.01401552295431,
                40.73068283965627
              ],
              [
                -74.01116195696476,
                40.730450676349214
              ],
              [
                -74.01108971391913,
                40.73125256845363
              ],
              [
                -74.01107170223513,
                40.7314524921764
              ],
              [
                -74.01099350879153,
                40.73232041794078
              ],
              [
                -74.01094118226749,
                40.73300776326952
              ],
              [
                -74.01146083559178,
                40.73302841363854
              ],
              [
                -74.01400220214607,
                40.73306800179563
              ],
              [
                -74.01399957240966,
                40.73333227751791
              ],
              [
                -74.01090389883285,
                40.73329761713975
              ],
              [
                -74.0108984071244,
                40.73335120737616
              ],
              [
                -74.01087119577758,
                40.7333526110264
              ],
              [
                -74.01084459823936,
                40.73335720253515
              ],
              [
                -74.01081925594468,
                40.73336487117211
              ],
              [
                -74.01079578005711,
                40.7333754319979
              ],
              [
                -74.01077473673004,
                40.73338863032412
              ],
              [
                -74.0107566334533,
                40.73340414785528
              ],
              [
                -74.01074330013905,
                40.73342264686807
              ],
              [
                -74.01073424442943,
                40.7334425875551
              ],
              [
                -74.01072972404017,
                40.733463402434396
              ],
              [
                -74.01072986761922,
                40.73348449914529
              ],
              [
                -74.01073467108485,
                40.733505277306
              ],
              [
                -74.01074399774157,
                40.73352514559974
              ],
              [
                -74.01075758216963,
                40.733543538602675
              ],
              [
                -74.01077503777829,
                40.73355993287526
              ],
              [
                -74.01080216592655,
                40.733578120481035
              ],
              [
                -74.01083296877994,
                40.73359252910992
              ],
              [
                -74.01086654686934,
                40.733602738017005
              ],
              [
                -74.01083284563212,
                40.73400709401116
              ],
              [
                -74.01201792010474,
                40.7340637444565
              ],
              [
                -74.01200124222393,
                40.73433840116636
              ],
              [
                -74.01081359479109,
                40.73428344364777
              ],
              [
                -74.01078798331723,
                40.73454829384453
              ],
              [
                -74.0107092291038,
                40.735362872140335
              ],
              [
                -74.0106429201788,
                40.73604869770505
              ],
              [
                -74.01067724659342,
                40.73605627995698
              ],
              [
                -74.0106698675122,
                40.736101931929305
              ],
              [
                -74.01068752603769,
                40.73611386772294
              ],
              [
                -74.01070404345349,
                40.73612918443106
              ],
              [
                -74.01071702975841,
                40.73614635650898
              ],
              [
                -74.0107261323198,
                40.7361649176665
              ],
              [
                -74.01073110396335,
                40.736184363893884
              ],
              [
                -74.01073180968531,
                40.73620416714788
              ],
              [
                -74.01072823031869,
                40.73622378968992
              ],
              [
                -74.01072046305416,
                40.73624269868816
              ],
              [
                -74.0107087188013,
                40.73626038068585
              ],
              [
                -74.01069377899165,
                40.736275949166426
              ],
              [
                -74.01067576028156,
                40.736289501447104
              ],
              [
                -74.0106551258418,
                40.73630068916542
              ],
              [
                -74.01065421033887,
                40.73634774474348
              ],
              [
                -74.01061910077432,
                40.73634539072197
              ],
              [
                -74.01056810573441,
                40.73697222014267
              ],
              [
                -74.01051581576759,
                40.73759606495379
              ],
              [
                -74.0104765981442,
                40.73806394059523
              ],
              [
                -74.0110870663595,
                40.73809275008146
              ],
              [
                -74.01106791934328,
                40.738304096174225
              ],
              [
                -74.01108874587187,
                40.73831752469125
              ],
              [
                -74.01110665714643,
                40.73833319829913
              ],
              [
                -74.01112123961931,
                40.73835075511695
              ],
              [
                -74.01113215659934,
                40.73836978978284
              ],
              [
                -74.01113915602562,
                40.73838986281323
              ],
              [
                -74.01111553678528,
                40.73839208561709
              ],
              [
                -74.01109173778062,
                40.738392181488734
              ],
              [
                -74.01106808891201,
                40.738390149099196
              ],
              [
                -74.01105426715455,
                40.73838794795741
              ],
              [
                -74.01105126196637,
                40.7383964257508
              ],
              [
                -74.01045432864602,
                40.738364505725755
              ],
              [
                -74.01042867884634,
                40.73870336465894
              ],
              [
                -74.01039303134563,
                40.739174296561934
              ],
              [
                -74.01049858988299,
                40.739173432770585
              ],
              [
                -74.01055473996811,
                40.73918623904919
              ],
              [
                -74.01074676135302,
                40.739175936679786
              ],
              [
                -74.01138798406559,
                40.73921605608881
              ],
              [
                -74.0114845673462,
                40.73926046209167
              ],
              [
                -74.01158045502316,
                40.73926453611219
              ],
              [
                -74.01158818724909,
                40.73927159539781
              ],
              [
                -74.01158715816625,
                40.73947886983238
              ],
              [
                -74.01163351895192,
                40.7395064860663
              ],
              [
                -74.01162792311769,
                40.73956247360376
              ],
              [
                -74.01155518156285,
                40.73955672622748
              ],
              [
                -74.01152745020407,
                40.73987377094748
              ],
              [
                -74.01151491736535,
                40.73997286369896
              ],
              [
                -74.0114607395534,
                40.74058421475269
              ],
              [
                -74.01215741913089,
                40.740605998131436
              ],
              [
                -74.01215372624051,
                40.74067425662087
              ],
              [
                -74.01265742489994,
                40.74069665223196
              ],
              [
                -74.0126592820849,
                40.7407476384976
              ],
              [
                -74.01257372996915,
                40.740741731845056
              ],
              [
                -74.01257372874734,
                40.7407352576228
              ],
              [
                -74.01147486918863,
                40.74068706027121
              ],
              [
                -74.01137438820489,
                40.740723947641506
              ],
              [
                -74.01071840609633,
                40.74068559392572
              ],
              [
                -74.00963145571754,
                40.74064536737443
              ],
              [
                -74.00949685520361,
                40.740727011785665
              ],
              [
                -74.00949154621281,
                40.74074270943997
              ],
              [
                -74.00951627358202,
                40.740773583673665
              ],
              [
                -74.00951844195933,
                40.74080572291708
              ],
              [
                -74.00950137905859,
                40.74082922374594
              ],
              [
                -74.00946293860208,
                40.74090233724049
              ],
              [
                -74.00941140266131,
                40.74115409331305
              ],
              [
                -74.00953902448505,
                40.74125115861632
              ],
              [
                -74.00966433364141,
                40.74129880035866
              ],
              [
                -74.00961923440443,
                40.741363610514966
              ],
              [
                -74.01020818993538,
                40.74160753792842
              ],
              [
                -74.010383580722,
                40.74139785352676
              ],
              [
                -74.01139609242074,
                40.741822813235274
              ],
              [
                -74.01083987411933,
                40.742596734022634
              ],
              [
                -74.01029100591903,
                40.742358524639805
              ],
              [
                -74.01012563710833,
                40.742575831777195
              ],
              [
                -74.00932113973238,
                40.74224424271675
              ],
              [
                -74.00928105078988,
                40.74230524043315
              ],
              [
                -74.00919185382803,
                40.742292631516854
              ],
              [
                -74.00915345169425,
                40.74249618755625
              ]
            ],
            [
              [
                -74.00937125244927,
                40.742185150284826
              ],
              [
                -74.0100880336451,
                40.74248815567386
              ],
              [
                -74.01019827672162,
                40.74233375374003
              ],
              [
                -74.0098223415751,
                40.74216605205829
              ],
              [
                -74.01016559689417,
                40.74167234807372
              ],
              [
                -74.00956912252538,
                40.741422703061644
              ],
              [
                -74.00952151608975,
                40.741485607440026
              ],
              [
                -74.00936174828294,
                40.74142362374203
              ],
              [
                -74.00934576009128,
                40.74151041070398
              ],
              [
                -74.00927792756075,
                40.74187861085631
              ],
              [
                -74.0092377993956,
                40.74207162715807
              ],
              [
                -74.00941384793754,
                40.742129870171
              ],
              [
                -74.00937125244927,
                40.742185150284826
              ]
            ]
          ]
        ]
      },
      "id": "nyc-community-district-102"
    },
    {
      "type": "Feature",
      "properties": {
        "district_id": "MN-103",
        "boro_cd": 103,
        "name": "Manhattan Community District 3"
      },
      "geometry": {
        "type": "MultiPolygon",
        "coordinates": [
          [
            [
              [
                -73.98877931684075,
                40.73396539973867
              ],
              [
                -73.98757195270184,
                40.73345699067873
              ],
              [
                -73.98718049670539,
                40.733292147761865
              ],
              [
                -73.98494550599996,
                40.732349672818195
              ],
              [
                -73.98356052121288,
                40.731770224933925
              ],
              [
                -73.98346644208236,
                40.73173108111869
              ],
              [
                -73.98321467146559,
                40.73162416829126
              ],
              [
                -73.9829644066345,
                40.7315208425478
              ],
              [
                -73.9825562923175,
                40.73135013405208
              ],
              [
                -73.98246876214023,
                40.7313148847333
              ],
              [
                -73.98190911506126,
                40.73109512881427
              ],
              [
                -73.98166657031133,
                40.73099854758146
              ],
              [
                -73.98034007500252,
                40.73044246087398
              ],
              [
                -73.97992109976283,
                40.73026220520887
              ],
              [
                -73.97910803894669,
                40.7299105584782
              ],
              [
                -73.97802697950854,
                40.72943305910755
              ],
              [
                -73.97753843835038,
                40.72922624791733
              ],
              [
                -73.97690436371674,
                40.728957824278204
              ],
              [
                -73.97619632359181,
                40.728661976526695
              ],
              [
                -73.9758124489941,
                40.728519767622686
              ],
              [
                -73.97566782613242,
                40.728462532006915
              ],
              [
                -73.97329796772085,
                40.727428008859945
              ],
              [
                -73.9720501534717,
                40.726880946797536
              ],
              [
                -73.97197685059938,
                40.72683035620182
              ],
              [
                -73.97191244151819,
                40.726791008767556
              ],
              [
                -73.97185671237712,
                40.72675868546629
              ],
              [
                -73.97179601986961,
                40.72671367965678
              ],
              [
                -73.97162697271727,
                40.726628452997026
              ],
              [
                -73.9716697270118,
                40.72639232715454
              ],
              [
                -73.97169587451597,
                40.72624182980508
              ],
              [
                -73.97171894361507,
                40.72612199325969
              ],
              [
                -73.97173843379365,
                40.72599966755568
              ],
              [
                -73.97176755410239,
                40.72583330295222
              ],
              [
                -73.97177410965313,
                40.72582128133725
              ],
              [
                -73.9717914296149,
                40.725814221149236
              ],
              [
                -73.97181650587754,
                40.725814966250084
              ],
              [
                -73.97185935830902,
                40.72558296953304
              ],
              [
                -73.97187437695217,
                40.72550311607998
              ],
              [
                -73.97188490951483,
                40.72542440506596
              ],
              [
                -73.9719112073207,
                40.725290370700094
              ],
              [
                -73.97193374501076,
                40.7251762903514
              ],
              [
                -73.97193975456322,
                40.72515803861019
              ],
              [
                -73.97196154778587,
                40.72503997881097
              ],
              [
                -73.97200511841187,
                40.72484149021098
              ],
              [
                -73.97203666966882,
                40.72468407002025
              ],
              [
                -73.97206595867414,
                40.72455915832883
              ],
              [
                -73.97207196960349,
                40.72453635085828
              ],
              [
                -73.97208098151926,
                40.72449756793053
              ],
              [
                -73.97208400057288,
                40.72446790554588
              ],
              [
                -73.97209751290906,
                40.72442341523486
              ],
              [
                -73.97215609001728,
                40.724170178278285
              ],
              [
                -73.97216585996622,
                40.724131963775896
              ],
              [
                -73.972216923762,
                40.72393005464691
              ],
              [
                -73.97223344676965,
                40.7238467799265
              ],
              [
                -73.97226499868242,
                40.723714457333806
              ],
              [
                -73.97232507731586,
                40.723463499327494
              ],
              [
                -73.97236115744649,
                40.723312060476644
              ],
              [
                -73.97239945748277,
                40.72314881636678
              ],
              [
                -73.97251011180381,
                40.72269688600691
              ],
              [
                -73.97288971396699,
                40.72108829721948
              ],
              [
                -73.97314808331102,
                40.71999057325975
              ],
              [
                -73.97357185653419,
                40.71859722942143
              ],
              [
                -73.97374101738176,
                40.71809467576952
              ],
              [
                -73.97391750479419,
                40.717593583062374
              ],
              [
                -73.97410129682518,
                40.717094013143104
              ],
              [
                -73.97429237062839,
                40.71659602766552
              ],
              [
                -73.97449070246041,
                40.716099688086445
              ],
              [
                -73.97469626768377,
                40.71560505565835
              ],
              [
                -73.97490904076994,
                40.715112191421525
              ],
              [
                -73.97512899530274,
                40.71462115619685
              ],
              [
                -73.97514977937124,
                40.71457942386365
              ],
              [
                -73.97516360806188,
                40.714551905691344
              ],
              [
                -73.97518850986306,
                40.7145031607241
              ],
              [
                -73.97521387023663,
                40.714448498798625
              ],
              [
                -73.97522549627958,
                40.71442343994211
              ],
              [
                -73.97524666388625,
                40.714377806305656
              ],
              [
                -73.97524670420732,
                40.71437772456117
              ],
              [
                -73.9758031128397,
                40.71317812458937
              ],
              [
                -73.97579532792433,
                40.71317002319181
              ],
              [
                -73.97596844519694,
                40.71278957339103
              ],
              [
                -73.97604981455508,
                40.71260419377806
              ],
              [
                -73.9761236883879,
                40.71246032539851
              ],
              [
                -73.9761653123832,
                40.712420197910994
              ],
              [
                -73.97631127867197,
                40.71211864731031
              ],
              [
                -73.97642872514528,
                40.711909032503854
              ],
              [
                -73.97650540115391,
                40.71179878945266
              ],
              [
                -73.9765500881422,
                40.71173453872846
              ],
              [
                -73.97671221539667,
                40.711535765178574
              ],
              [
                -73.97681883540048,
                40.71141956752392
              ],
              [
                -73.97699076574627,
                40.71125666023073
              ],
              [
                -73.97705659401753,
                40.71119762646699
              ],
              [
                -73.9772221356257,
                40.71106873122849
              ],
              [
                -73.97752668432639,
                40.710843072733326
              ],
              [
                -73.97772119493068,
                40.71071007466089
              ],
              [
                -73.97782091638246,
                40.710645444907165
              ],
              [
                -73.97789949619445,
                40.71059986620255
              ],
              [
                -73.97799674790384,
                40.71056101739179
              ],
              [
                -73.97807974906621,
                40.7105322505774
              ],
              [
                -73.97818190694284,
                40.71050686551781
              ],
              [
                -73.97825557749212,
                40.71049790905545
              ],
              [
                -73.97837148165257,
                40.71048970749174
              ],
              [
                -73.97861560123998,
                40.71047378191105
              ],
              [
                -73.97877613342084,
                40.710463315047406
              ],
              [
                -73.97918894377005,
                40.71043492338845
              ],
              [
                -73.9792072643461,
                40.7104336663933
              ],
              [
                -73.9792901523712,
                40.7104281445671
              ],
              [
                -73.98003642292834,
                40.71037840126683
              ],
              [
                -73.98028344332177,
                40.7103618156112
              ],
              [
                -73.98033652490473,
                40.71035920071487
              ],
              [
                -73.98033090124429,
                40.710286938313715
              ],
              [
                -73.98051046026364,
                40.710274751945846
              ],
              [
                -73.98128647552558,
                40.71021834788182
              ],
              [
                -73.98124579569945,
                40.70982621460142
              ],
              [
                -73.98306019477401,
                40.70964791174828
              ],
              [
                -73.98364234472633,
                40.70959187924491
              ],
              [
                -73.98449647076764,
                40.709509663939606
              ],
              [
                -73.98639828917548,
                40.7093265843858
              ],
              [
                -73.98814626172096,
                40.70915916701502
              ],
              [
                -73.9881554605141,
                40.70914914247345
              ],
              [
                -73.98839064023267,
                40.70912694916282
              ],
              [
                -73.98844653437385,
                40.70913382054716
              ],
              [
                -73.98847967268775,
                40.70915584680608
              ],
              [
                -73.9884972717388,
                40.709176305293354
              ],
              [
                -73.9886365807185,
                40.70991206151646
              ],
              [
                -73.98864533493685,
                40.709916933898725
              ],
              [
                -73.98866750580943,
                40.7099200348309
              ],
              [
                -73.98869610271332,
                40.709928449844725
              ],
              [
                -73.98871771111247,
                40.70994709001644
              ],
              [
                -73.98873681707525,
                40.70997074184526
              ],
              [
                -73.98879717785803,
                40.70996660747239
              ],
              [
                -73.98889845980884,
                40.709954735765194
              ],
              [
                -73.98935765696677,
                40.70990098670803
              ],
              [
                -73.98946067019428,
                40.70988928705146
              ],
              [
                -73.98957449608717,
                40.709874081606685
              ],
              [
                -73.98974515155741,
                40.70984876165581
              ],
              [
                -73.99015825373382,
                40.709790372663925
              ],
              [
                -73.99051420376698,
                40.70973388411898
              ],
              [
                -73.9907891301856,
                40.70968950658886
              ],
              [
                -73.99106783463007,
                40.7096572298428
              ],
              [
                -73.9913510923706,
                40.7096203327035
              ],
              [
                -73.99170260292523,
                40.70956526245363
              ],
              [
                -73.99176779580132,
                40.709555055523886
              ],
              [
                -73.9919054436645,
                40.70952539658242
              ],
              [
                -73.99203926968346,
                40.70951691966548
              ],
              [
                -73.99209131635969,
                40.70950822290395
              ],
              [
                -73.9921486897015,
                40.709498609104266
              ],
              [
                -73.9923611613991,
                40.709464368811595
              ],
              [
                -73.99284846748647,
                40.709381877638926
              ],
              [
                -73.99374012862228,
                40.70924612043552
              ],
              [
                -73.99400820164045,
                40.70923747991919
              ],
              [
                -73.99414063200345,
                40.70923326740011
              ],
              [
                -73.99437823543936,
                40.7091926391991
              ],
              [
                -73.99457899963724,
                40.70913097291024
              ],
              [
                -73.99517577369836,
                40.70903429330791
              ],
              [
                -73.99601898395763,
                40.70891622384763
              ],
              [
                -73.9966640099659,
                40.70882690451789
              ],
              [
                -73.99728287195578,
                40.708731619843086
              ],
              [
                -73.99808351186999,
                40.70850961536731
              ],
              [
                -73.99828602320592,
                40.708429931467776
              ],
              [
                -73.99852758585311,
                40.70833152790845
              ],
              [
                -73.99856114620616,
                40.70831528323372
              ],
              [
                -73.99872197955064,
                40.70823745289637
              ],
              [
                -73.99875396570859,
                40.708223651027375
              ],
              [
                -73.99880846276643,
                40.708200134992836
              ],
              [
                -73.99882158420984,
                40.708175481677664
              ],
              [
                -73.9988813086388,
                40.70813663391996
              ],
              [
                -73.99898340963244,
                40.70809265331633
              ],
              [
                -73.9990527673855,
                40.70803254586652
              ],
              [
                -73.99913434918952,
                40.707982396946115
              ],
              [
                -73.99919451174895,
                40.70794737685425
              ],
              [
                -73.99928731116864,
                40.70801660316896
              ],
              [
                -73.99936195582275,
                40.708072286588504
              ],
              [
                -73.99939955073677,
                40.70810033836033
              ],
              [
                -73.99944281440469,
                40.708136556756756
              ],
              [
                -73.9995627336694,
                40.70823648314776
              ],
              [
                -73.9998119392456,
                40.70844261498347
              ],
              [
                -73.99992936423627,
                40.70853681759008
              ],
              [
                -74.00000765589327,
                40.70859961998657
              ],
              [
                -74.00012359123079,
                40.7086845192809
              ],
              [
                -74.00019103138898,
                40.70873391286489
              ],
              [
                -74.00026566682727,
                40.70879294991984
              ],
              [
                -74.00055004953066,
                40.709017917299676
              ],
              [
                -74.00134439913731,
                40.70964629295911
              ],
              [
                -74.0014714023208,
                40.70974655432343
              ],
              [
                -74.00141934716292,
                40.7098147957721
              ],
              [
                -74.00128258532506,
                40.70999405347307
              ],
              [
                -74.00123476628733,
                40.71005533303578
              ],
              [
                -74.00113646757461,
                40.71017596422549
              ],
              [
                -74.00100325442945,
                40.71035402976383
              ],
              [
                -74.00090633637271,
                40.7104778313565
              ],
              [
                -74.00079637813212,
                40.71061828715173
              ],
              [
                -74.00065774673965,
                40.71080077033941
              ],
              [
                -74.00050986097234,
                40.71098426944842
              ],
              [
                -74.00057195679267,
                40.711045954940744
              ],
              [
                -74.00062881616601,
                40.71111049784543
              ],
              [
                -74.00068021266488,
                40.71117764115478
              ],
              [
                -74.00072594161287,
                40.71124711750582
              ],
              [
                -74.0007658208999,
                40.71131865024449
              ],
              [
                -74.00079969198939,
                40.71139195459113
              ],
              [
                -74.00082741969965,
                40.71146673859666
              ],
              [
                -74.00084889359738,
                40.711542704469196
              ],
              [
                -74.00086402815117,
                40.71161954970954
              ],
              [
                -74.00087276307242,
                40.71169696831581
              ],
              [
                -74.00089166286934,
                40.71299925785362
              ],
              [
                -74.00089354391562,
                40.713029950787984
              ],
              [
                -74.0008450545922,
                40.713039620977646
              ],
              [
                -74.00063383195948,
                40.71308117856864
              ],
              [
                -74.00062461465946,
                40.71311189083325
              ],
              [
                -74.0002210584419,
                40.714250626889495
              ],
              [
                -74.0004546306596,
                40.71436504759906
              ],
              [
                -74.00052734942693,
                40.715170059365484
              ],
              [
                -74.00078955186169,
                40.7152909684016
              ],
              [
                -74.00057839216119,
                40.71557090242185
              ],
              [
                -74.00013820907833,
                40.716199730562494
              ],
              [
                -73.9999309777797,
                40.716543914270694
              ],
              [
                -73.99944838180335,
                40.7173297970985
              ],
              [
                -73.99931241700145,
                40.71755024177758
              ],
              [
                -73.99858925568033,
                40.7170995115373
              ],
              [
                -73.99776285925766,
                40.7168139281217
              ],
              [
                -73.99698375215492,
                40.71654054317223
              ],
              [
                -73.99605872744375,
                40.716231640211106
              ],
              [
                -73.99580912349239,
                40.71664465970815
              ],
              [
                -73.9954287587875,
                40.717279243048054
              ],
              [
                -73.99480779021309,
                40.71845742635051
              ],
              [
                -73.99439866258628,
                40.719457108928
              ],
              [
                -73.99423470916308,
                40.71985151456367
              ],
              [
                -73.99416805982594,
                40.72001184625224
              ],
              [
                -73.99407263221248,
                40.72024349090313
              ],
              [
                -73.9940415520236,
                40.72032097982332
              ],
              [
                -73.9938379218417,
                40.720832148621945
              ],
              [
                -73.99379593869142,
                40.720937537465915
              ],
              [
                -73.99352731367806,
                40.7216332613661
              ],
              [
                -73.99336181506884,
                40.72208001783559
              ],
              [
                -73.99333917242924,
                40.722141140172
              ],
              [
                -73.99326016194931,
                40.72235442627813
              ],
              [
                -73.9930919022704,
                40.722820084364145
              ],
              [
                -73.99263254954295,
                40.724056865152576
              ],
              [
                -73.99260322198438,
                40.72413644968358
              ],
              [
                -73.99257987396696,
                40.724201554923425
              ],
              [
                -73.99232767958787,
                40.7249060973922
              ],
              [
                -73.99221516612971,
                40.72523259566832
              ],
              [
                -73.99206108543514,
                40.72564461433449
              ],
              [
                -73.99179396219462,
                40.72639179536178
              ],
              [
                -73.99163853409182,
                40.72683325577507
              ],
              [
                -73.99156762927869,
                40.72703464711637
              ],
              [
                -73.99155207579066,
                40.72709433672403
              ],
              [
                -73.99138898337311,
                40.72749770114233
              ],
              [
                -73.99135288961898,
                40.72755739806033
              ],
              [
                -73.99123439559044,
                40.72772680526254
              ],
              [
                -73.99129790628726,
                40.727755248562374
              ],
              [
                -73.99122943604792,
                40.72807261736077
              ],
              [
                -73.9911431514612,
                40.728588157155606
              ],
              [
                -73.99097394420761,
                40.729195707209264
              ],
              [
                -73.99078461602444,
                40.729745748338665
              ],
              [
                -73.99072530409872,
                40.729878687476614
              ],
              [
                -73.9905055860359,
                40.73056495673792
              ],
              [
                -73.99039010002672,
                40.73128852382765
              ],
              [
                -73.99021190972442,
                40.73199633440502
              ],
              [
                -73.99011350296756,
                40.73240050434395
              ],
              [
                -73.99010225743841,
                40.73244537234058
              ],
              [
                -73.99003455735858,
                40.73275415137419
              ],
              [
                -73.98986852139565,
                40.73352711455507
              ],
              [
                -73.98985121272044,
                40.73367835838752
              ],
              [
                -73.98984312005862,
                40.73383004937338
              ],
              [
                -73.98984426079987,
                40.733981862735476
              ],
              [
                -73.9898546321718,
                40.73413347345728
              ],
              [
                -73.98987421242556,
                40.734284556917956
              ],
              [
                -73.98990295970059,
                40.73443478963449
              ],
              [
                -73.98883935090079,
                40.73399047942893
              ],
              [
                -73.98877931684075,
                40.73396539973867
              ]
            ]
          ]
        ]
      },
      "id": "nyc-community-district-103"
    }
  ],
  "name": "districts",
  "crs": {
    "type": "name",
    "properties": {
      "name": "urn:ogc:def:crs:OGC:1.3:CRS84"
    }
  },
  "metadata": {
    "fixture": false,
    "official_data": true,
    "region": "Lower Manhattan, New York City",
    "coordinate_reference_system": "OGC:CRS84",
    "source": "NYC Open Data official snapshot",
    "publishers": [
      "NYC Department of City Planning (DCP)"
    ],
    "dataset_ids": [
      "5crt-au7u"
    ],
    "dataset_urls": [
      "https://data.cityofnewyork.us/d/5crt-au7u"
    ],
    "source_files": [
      "community-districts.geojson"
    ],
    "snapshot_date": "2026-08-27",
    "terms": "NYC Open Data Terms of Use",
    "terms_url": "https://opendata.cityofnewyork.us/overview/#termsofuse",
    "processing": "Official Manhattan Community Districts 101–103; fields normalized; geometry unchanged."
  }
}
