{
  "type": "FeatureCollection",
  "features": [
    {
      "type": "Feature",
      "properties": {
        "road_id": "nyc-centerline-101532",
        "object_id": 101532,
        "physical_id": 129472,
        "name": "E  BROADWAY",
        "street_name": "BROADWAY",
        "road_class": "major",
        "rw_type": 1,
        "segment_type": null,
        "posted_speed": 25.0,
        "number_total_lanes": 4,
        "number_travel_lanes": 2,
        "status": "2",
        "modified_date": "2025-10-28 13:25:31+00:00"
      },
      "geometry": {
        "type": "MultiLineString",
        "coordinates": [
          [
            [
              -73.9940747033,
              40.713744381687
            ],
            [
              -73.994037731316,
              40.713746646419
            ]
          ]
        ]
      },
      "id": "nyc-centerline-101532"
    },
    {
      "type": "Feature",
      "properties": {
        "road_id": "nyc-centerline-101535",
        "object_id": 101535,
        "physical_id": 129475,
        "name": "HENRY ST",
        "street_name": "HENRY",
        "road_class": "other_four_plus_lane",
        "rw_type": 1,
        "segment_type": null,
        "posted_speed": 25.0,
        "number_total_lanes": 4,
        "number_travel_lanes": 2,
        "status": "2",
        "modified_date": "2024-04-10 13:15:28+00:00"
      },
      "geometry": {
        "type": "MultiLineString",
        "coordinates": [
          [
            [
              -73.993707205854,
              40.713093509481
            ],
            [
              -73.993667334851,
              40.713096112675
            ]
          ]
        ]
      },
      "id": "nyc-centerline-101535"
    },
    {
      "type": "Feature",
      "properties": {
        "road_id": "nyc-centerline-101536",
        "object_id": 101536,
        "physical_id": 129476,
        "name": "HENRY ST",
        "street_name": "HENRY",
        "road_class": "other_four_plus_lane",
        "rw_type": 1,
        "segment_type": null,
        "posted_speed": 25.0,
        "number_total_lanes": 4,
        "number_travel_lanes": 2,
        "status": "2",
        "modified_date": "2024-04-10 13:15:28+00:00"
      },
      "geometry": {
        "type": "MultiLineString",
        "coordinates": [
          [
            [
              -73.993667334851,
              40.713096112675
            ],
            [
              -73.99361514473,
              40.713099519805
            ]
          ]
        ]
      },
      "id": "nyc-centerline-101536"
    },
    {
      "type": "Feature",
      "properties": {
        "road_id": "nyc-centerline-101538",
        "object_id": 101538,
        "physical_id": 129480,
        "name": "MADISON ST",
        "street_name": "MADISON",
        "road_class": "other_four_plus_lane",
        "rw_type": 1,
        "segment_type": null,
        "posted_speed": 25.0,
        "number_total_lanes": 4,
        "number_travel_lanes": 2,
        "status": "2",
        "modified_date": "2018-04-19 15:17:01+00:00"
      },
      "geometry": {
        "type": "MultiLineString",
        "coordinates": [
          [
            [
              -73.993366003443,
              40.712399232321
            ],
            [
              -73.993274581584,
              40.712406540744
            ]
          ]
        ]
      },
      "id": "nyc-centerline-101538"
    },
    {
      "type": "Feature",
      "properties": {
        "road_id": "nyc-centerline-101539",
        "object_id": 101539,
        "physical_id": 129481,
        "name": "MADISON ST",
        "street_name": "MADISON",
        "road_class": "other_four_plus_lane",
        "rw_type": 1,
        "segment_type": null,
        "posted_speed": 25.0,
        "number_total_lanes": 4,
        "number_travel_lanes": 2,
        "status": "2",
        "modified_date": "2018-04-19 15:17:01+00:00"
      },
      "geometry": {
        "type": "MultiLineString",
        "coordinates": [
          [
            [
              -73.993274581584,
              40.712406540744
            ],
            [
              -73.992538086973,
              40.712465414457
            ]
          ]
        ]
      },
      "id": "nyc-centerline-101539"
    },
    {
      "type": "Feature",
      "properties": {
        "road_id": "nyc-centerline-101642",
        "object_id": 101642,
        "physical_id": 129837,
        "name": "SPRUCE ST",
        "street_name": "SPRUCE",
        "road_class": "other_four_plus_lane",
        "rw_type": 1,
        "segment_type": null,
        "posted_speed": 25.0,
        "number_total_lanes": 4,
        "number_travel_lanes": 4,
        "status": "2",
        "modified_date": "2018-04-19 15:18:04+00:00"
      },
      "geometry": {
        "type": "MultiLineString",
        "coordinates": [
          [
            [
              -74.006070476538,
              40.712016667969
            ],
            [
              -74.006036767589,
              40.711914427838
            ]
          ]
        ]
      },
      "id": "nyc-centerline-101642"
    },
    {
      "type": "Feature",
      "properties": {
        "road_id": "nyc-centerline-101695",
        "object_id": 101695,
        "physical_id": 130178,
        "name": "E  BROADWAY",
        "street_name": "BROADWAY",
        "road_class": "major",
        "rw_type": 1,
        "segment_type": null,
        "posted_speed": 25.0,
        "number_total_lanes": 4,
        "number_travel_lanes": 2,
        "status": "2",
        "modified_date": "2025-10-28 13:25:31+00:00"
      },
      "geometry": {
        "type": "MultiLineString",
        "coordinates": [
          [
            [
              -73.994436905032,
              40.713713490523
            ],
            [
              -73.994368250847,
              40.713720325972
            ]
          ]
        ]
      },
      "id": "nyc-centerline-101695"
    },
    {
      "type": "Feature",
      "properties": {
        "road_id": "nyc-centerline-101697",
        "object_id": 101697,
        "physical_id": 130190,
        "name": "HENRY ST",
        "street_name": "HENRY",
        "road_class": "other_four_plus_lane",
        "rw_type": 1,
        "segment_type": null,
        "posted_speed": 25.0,
        "number_total_lanes": 4,
        "number_travel_lanes": 2,
        "status": "2",
        "modified_date": "2024-04-10 13:15:28+00:00"
      },
      "geometry": {
        "type": "MultiLineString",
        "coordinates": [
          [
            [
              -73.994119735156,
              40.713060014493
            ],
            [
              -73.994058007636,
              40.713065504535
            ]
          ]
        ]
      },
      "id": "nyc-centerline-101697"
    },
    {
      "type": "Feature",
      "properties": {
        "road_id": "nyc-centerline-101698",
        "object_id": 101698,
        "physical_id": 130191,
        "name": "HENRY ST",
        "street_name": "HENRY",
        "road_class": "other_four_plus_lane",
        "rw_type": 1,
        "segment_type": null,
        "posted_speed": 25.0,
        "number_total_lanes": 4,
        "number_travel_lanes": 2,
        "status": "2",
        "modified_date": "2024-04-10 13:15:28+00:00"
      },
      "geometry": {
        "type": "MultiLineString",
        "coordinates": [
          [
            [
              -73.994058007636,
              40.713065504535
            ],
            [
              -73.994002158961,
              40.713070471998
            ]
          ]
        ]
      },
      "id": "nyc-centerline-101698"
    },
    {
      "type": "Feature",
      "properties": {
        "road_id": "nyc-centerline-101701",
        "object_id": 101701,
        "physical_id": 130196,
        "name": "MADISON ST",
        "street_name": "MADISON",
        "road_class": "other_four_plus_lane",
        "rw_type": 1,
        "segment_type": null,
        "posted_speed": 25.0,
        "number_total_lanes": 4,
        "number_travel_lanes": 2,
        "status": "2",
        "modified_date": "2020-03-27 12:14:42+00:00"
      },
      "geometry": {
        "type": "MultiLineString",
        "coordinates": [
          [
            [
              -73.99368000748,
              40.712373596906
            ],
            [
              -73.993607698454,
              40.712379641812
            ]
          ]
        ]
      },
      "id": "nyc-centerline-101701"
    },
    {
      "type": "Feature",
      "properties": {
        "road_id": "nyc-centerline-101707",
        "object_id": 101707,
        "physical_id": 130205,
        "name": "CHERRY ST",
        "street_name": "CHERRY",
        "road_class": "other_four_plus_lane",
        "rw_type": 1,
        "segment_type": null,
        "posted_speed": 25.0,
        "number_total_lanes": 4,
        "number_travel_lanes": 2,
        "status": "2",
        "modified_date": "2021-01-11 08:13:30+00:00"
      },
      "geometry": {
        "type": "MultiLineString",
        "coordinates": [
          [
            [
              -73.994144239666,
              40.710566899939
            ],
            [
              -73.992789693663,
              40.710774614928
            ]
          ]
        ]
      },
      "id": "nyc-centerline-101707"
    },
    {
      "type": "Feature",
      "properties": {
        "road_id": "nyc-centerline-101711",
        "object_id": 101711,
        "physical_id": 130209,
        "name": "SOUTH ST",
        "street_name": "SOUTH",
        "road_class": "other_four_plus_lane",
        "rw_type": 1,
        "segment_type": null,
        "posted_speed": 25.0,
        "number_total_lanes": 6,
        "number_travel_lanes": 4,
        "status": "2",
        "modified_date": "2019-04-15 15:16:42+00:00"
      },
      "geometry": {
        "type": "MultiLineString",
        "coordinates": [
          [
            [
              -73.994023095271,
              40.709493247819
            ],
            [
              -73.992221398266,
              40.709752972012
            ]
          ]
        ]
      },
      "id": "nyc-centerline-101711"
    },
    {
      "type": "Feature",
      "properties": {
        "road_id": "nyc-centerline-101712",
        "object_id": 101712,
        "physical_id": 130210,
        "name": "SOUTH ST",
        "street_name": "SOUTH",
        "road_class": "other_four_plus_lane",
        "rw_type": 1,
        "segment_type": null,
        "posted_speed": 25.0,
        "number_total_lanes": 6,
        "number_travel_lanes": 4,
        "status": "2",
        "modified_date": "2019-04-15 15:21:08+00:00"
      },
      "geometry": {
        "type": "MultiLineString",
        "coordinates": [
          [
            [
              -73.992221398266,
              40.709752972012
            ],
            [
              -73.992175277338,
              40.709762835226
            ]
          ]
        ]
      },
      "id": "nyc-centerline-101712"
    },
    {
      "type": "Feature",
      "properties": {
        "road_id": "nyc-centerline-101883",
        "object_id": 101883,
        "physical_id": 131151,
        "name": "PIKE SLIP",
        "street_name": "PIKE",
        "road_class": "other_four_plus_lane",
        "rw_type": 1,
        "segment_type": null,
        "posted_speed": 25.0,
        "number_total_lanes": 4,
        "number_travel_lanes": 3,
        "status": "2",
        "modified_date": "2024-09-20 09:02:50+00:00"
      },
      "geometry": {
        "type": "MultiLineString",
        "coordinates": [
          [
            [
              -73.992122649718,
              40.71059134238
            ],
            [
              -73.992076249004,
              40.710238375787
            ]
          ]
        ]
      },
      "id": "nyc-centerline-101883"
    },
    {
      "type": "Feature",
      "properties": {
        "road_id": "nyc-centerline-101885",
        "object_id": 101885,
        "physical_id": 131155,
        "name": "SOUTH ST",
        "street_name": "SOUTH",
        "road_class": "other_four_plus_lane",
        "rw_type": 1,
        "segment_type": null,
        "posted_speed": 25.0,
        "number_total_lanes": 6,
        "number_travel_lanes": 4,
        "status": "2",
        "modified_date": "2022-05-02 16:20:19+00:00"
      },
      "geometry": {
        "type": "MultiLineString",
        "coordinates": [
          [
            [
              -73.991835779722,
              40.709827567231
            ],
            [
              -73.991780781785,
              40.709834795295
            ]
          ]
        ]
      },
      "id": "nyc-centerline-101885"
    },
    {
      "type": "Feature",
      "properties": {
        "road_id": "nyc-centerline-102159",
        "object_id": 102159,
        "physical_id": 131917,
        "name": "VESEY ST",
        "street_name": "VESEY",
        "road_class": "other_four_plus_lane",
        "rw_type": 1,
        "segment_type": null,
        "posted_speed": 25.0,
        "number_total_lanes": 4,
        "number_travel_lanes": 4,
        "status": "2",
        "modified_date": "2022-05-02 16:20:19+00:00"
      },
      "geometry": {
        "type": "MultiLineString",
        "coordinates": [
          [
            [
              -74.013983444954,
              40.713799282489
            ],
            [
              -74.01409767396,
              40.713849569031
            ]
          ]
        ]
      },
      "id": "nyc-centerline-102159"
    },
    {
      "type": "Feature",
      "properties": {
        "road_id": "nyc-centerline-102163",
        "object_id": 102163,
        "physical_id": 131932,
        "name": "MURRAY ST",
        "street_name": "MURRAY",
        "road_class": "other_four_plus_lane",
        "rw_type": 1,
        "segment_type": null,
        "posted_speed": 25.0,
        "number_total_lanes": 4,
        "number_travel_lanes": 2,
        "status": "2",
        "modified_date": "2017-03-17 10:05:17+00:00"
      },
      "geometry": {
        "type": "MultiLineString",
        "coordinates": [
          [
            [
              -74.013692425808,
              40.715297257936
            ],
            [
              -74.014290192348,
              40.715392976845
            ]
          ]
        ]
      },
      "id": "nyc-centerline-102163"
    },
    {
      "type": "Feature",
      "properties": {
        "road_id": "nyc-centerline-102165",
        "object_id": 102165,
        "physical_id": 131937,
        "name": "WARREN ST",
        "street_name": "WARREN",
        "road_class": "other_four_plus_lane",
        "rw_type": 1,
        "segment_type": null,
        "posted_speed": 25.0,
        "number_total_lanes": 4,
        "number_travel_lanes": 2,
        "status": "2",
        "modified_date": "2025-05-01 14:59:48+00:00"
      },
      "geometry": {
        "type": "MultiLineString",
        "coordinates": [
          [
            [
              -74.013337353536,
              40.716574574178
            ],
            [
              -74.014296986847,
              40.717000153404
            ]
          ]
        ]
      },
      "id": "nyc-centerline-102165"
    },
    {
      "type": "Feature",
      "properties": {
        "road_id": "nyc-centerline-102646",
        "object_id": 102646,
        "physical_id": 133535,
        "name": "PEARL ST",
        "street_name": "PEARL",
        "road_class": "other_four_plus_lane",
        "rw_type": 1,
        "segment_type": null,
        "posted_speed": 25.0,
        "number_total_lanes": 4,
        "number_travel_lanes": 4,
        "status": "2",
        "modified_date": "2026-08-04 14:43:05+00:00"
      },
      "geometry": {
        "type": "MultiLineString",
        "coordinates": [
          [
            [
              -74.001472702027,
              40.709754793587
            ],
            [
              -74.001420646196,
              40.709823035051
            ]
          ]
        ]
      },
      "id": "nyc-centerline-102646"
    },
    {
      "type": "Feature",
      "properties": {
        "road_id": "nyc-centerline-103553",
        "object_id": 103553,
        "physical_id": 140869,
        "name": "DIVISION ST",
        "street_name": "DIVISION",
        "road_class": "other_four_plus_lane",
        "rw_type": 1,
        "segment_type": null,
        "posted_speed": 25.0,
        "number_total_lanes": 5,
        "number_travel_lanes": 3,
        "status": "2",
        "modified_date": "2022-05-18 06:50:49+00:00"
      },
      "geometry": {
        "type": "MultiLineString",
        "coordinates": [
          [
            [
              -73.997445784322,
              40.714075113542
            ],
            [
              -73.99609129387,
              40.714142355721
            ],
            [
              -73.995105130871,
              40.714201596113
            ],
            [
              -73.994841785978,
              40.714217591989
            ]
          ]
        ]
      },
      "id": "nyc-centerline-103553"
    },
    {
      "type": "Feature",
      "properties": {
        "road_id": "nyc-centerline-103555",
        "object_id": 103555,
        "physical_id": 140885,
        "name": "E  BROADWAY",
        "street_name": "BROADWAY",
        "road_class": "major",
        "rw_type": 1,
        "segment_type": null,
        "posted_speed": 25.0,
        "number_total_lanes": 4,
        "number_travel_lanes": 4,
        "status": "2",
        "modified_date": "2025-08-25 11:36:47+00:00"
      },
      "geometry": {
        "type": "MultiLineString",
        "coordinates": [
          [
            [
              -73.998037271345,
              40.713765075764
            ],
            [
              -73.998020914034,
              40.713723480715
            ],
            [
              -73.997995688542,
              40.713686981009
            ]
          ]
        ]
      },
      "id": "nyc-centerline-103555"
    },
    {
      "type": "Feature",
      "properties": {
        "road_id": "nyc-centerline-103575",
        "object_id": 103575,
        "physical_id": 140968,
        "name": "BOWERY",
        "street_name": "BOWERY",
        "road_class": "other_four_plus_lane",
        "rw_type": 1,
        "segment_type": null,
        "posted_speed": 25.0,
        "number_total_lanes": 4,
        "number_travel_lanes": 4,
        "status": "2",
        "modified_date": "2024-04-21 22:21:10+00:00"
      },
      "geometry": {
        "type": "MultiLineString",
        "coordinates": [
          [
            [
              -73.996150590077,
              40.716093081496
            ],
            [
              -73.996060025123,
              40.716239880432
            ]
          ]
        ]
      },
      "id": "nyc-centerline-103575"
    },
    {
      "type": "Feature",
      "properties": {
        "road_id": "nyc-centerline-103747",
        "object_id": 103747,
        "physical_id": 142425,
        "name": "BROADWAY",
        "street_name": "BROADWAY",
        "road_class": "major",
        "rw_type": 1,
        "segment_type": null,
        "posted_speed": 25.0,
        "number_total_lanes": 5,
        "number_travel_lanes": 4,
        "status": "2",
        "modified_date": "2026-08-14 09:59:09+00:00"
      },
      "geometry": {
        "type": "MultiLineString",
        "coordinates": [
          [
            [
              -74.008602155465,
              40.711400479061
            ],
            [
              -74.008377585855,
              40.711664685243
            ],
            [
              -74.008101120099,
              40.712002643384
            ]
          ]
        ]
      },
      "id": "nyc-centerline-103747"
    },
    {
      "type": "Feature",
      "properties": {
        "road_id": "nyc-centerline-104",
        "object_id": 104,
        "physical_id": 142,
        "name": "CHURCH ST",
        "street_name": "CHURCH",
        "road_class": "other_four_plus_lane",
        "rw_type": 1,
        "segment_type": null,
        "posted_speed": 25.0,
        "number_total_lanes": 5,
        "number_travel_lanes": 4,
        "status": "2",
        "modified_date": "2022-05-02 16:20:19+00:00"
      },
      "geometry": {
        "type": "MultiLineString",
        "coordinates": [
          [
            [
              -74.010802069424,
              40.711025646201
            ],
            [
              -74.010466641785,
              40.711542786564
            ]
          ]
        ]
      },
      "id": "nyc-centerline-104"
    },
    {
      "type": "Feature",
      "properties": {
        "road_id": "nyc-centerline-104261",
        "object_id": 104261,
        "physical_id": 145506,
        "name": "W  BROADWAY",
        "street_name": "BROADWAY",
        "road_class": "major",
        "rw_type": 1,
        "segment_type": null,
        "posted_speed": 25.0,
        "number_total_lanes": 4,
        "number_travel_lanes": 2,
        "status": "2",
        "modified_date": "2024-09-23 14:48:37+00:00"
      },
      "geometry": {
        "type": "MultiLineString",
        "coordinates": [
          [
            [
              -74.010561847621,
              40.713854515092
            ],
            [
              -74.010280849174,
              40.714203127973
            ],
            [
              -74.010129409007,
              40.714391006138
            ]
          ]
        ]
      },
      "id": "nyc-centerline-104261"
    },
    {
      "type": "Feature",
      "properties": {
        "road_id": "nyc-centerline-104280",
        "object_id": 104280,
        "physical_id": 145587,
        "name": "BROADWAY",
        "street_name": "BROADWAY",
        "road_class": "major",
        "rw_type": 1,
        "segment_type": null,
        "posted_speed": 25.0,
        "number_total_lanes": 4,
        "number_travel_lanes": 2,
        "status": "2",
        "modified_date": "2019-04-15 15:19:39+00:00"
      },
      "geometry": {
        "type": "MultiLineString",
        "coordinates": [
          [
            [
              -74.001885362827,
              40.71940581094
            ],
            [
              -74.001525237002,
              40.71982898088
            ],
            [
              -74.001425809712,
              40.71994543894
            ]
          ]
        ]
      },
      "id": "nyc-centerline-104280"
    },
    {
      "type": "Feature",
      "properties": {
        "road_id": "nyc-centerline-104282",
        "object_id": 104282,
        "physical_id": 145603,
        "name": "CANAL ST",
        "street_name": "CANAL",
        "road_class": "other_four_plus_lane",
        "rw_type": 1,
        "segment_type": null,
        "posted_speed": 25.0,
        "number_total_lanes": 6,
        "number_travel_lanes": 5,
        "status": "2",
        "modified_date": "2019-04-15 15:18:11+00:00"
      },
      "geometry": {
        "type": "MultiLineString",
        "coordinates": [
          [
            [
              -74.001274033574,
              40.71896966653
            ],
            [
              -74.001401856384,
              40.7190608608
            ],
            [
              -74.001885362827,
              40.71940581094
            ]
          ]
        ]
      },
      "id": "nyc-centerline-104282"
    },
    {
      "type": "Feature",
      "properties": {
        "road_id": "nyc-centerline-104631",
        "object_id": 104631,
        "physical_id": 146698,
        "name": "VESEY ST",
        "street_name": "VESEY",
        "road_class": "other_four_plus_lane",
        "rw_type": 1,
        "segment_type": null,
        "posted_speed": 25.0,
        "number_total_lanes": 4,
        "number_travel_lanes": 4,
        "status": "2",
        "modified_date": "2018-04-19 15:17:43+00:00"
      },
      "geometry": {
        "type": "MultiLineString",
        "coordinates": [
          [
            [
              -74.01409767396,
              40.713849569031
            ],
            [
              -74.014407391779,
              40.713985914054
            ]
          ]
        ]
      },
      "id": "nyc-centerline-104631"
    },
    {
      "type": "Feature",
      "properties": {
        "road_id": "nyc-centerline-104639",
        "object_id": 104639,
        "physical_id": 146743,
        "name": "CHAMBERS ST",
        "street_name": "CHAMBERS",
        "road_class": "other_four_plus_lane",
        "rw_type": 1,
        "segment_type": null,
        "posted_speed": 25.0,
        "number_total_lanes": 4,
        "number_travel_lanes": 2,
        "status": "2",
        "modified_date": "2022-11-30 09:16:35+00:00"
      },
      "geometry": {
        "type": "MultiLineString",
        "coordinates": [
          [
            [
              -74.013160748438,
              40.717319433702
            ],
            [
              -74.013333172287,
              40.717398174786
            ]
          ]
        ]
      },
      "id": "nyc-centerline-104639"
    },
    {
      "type": "Feature",
      "properties": {
        "road_id": "nyc-centerline-104640",
        "object_id": 104640,
        "physical_id": 146744,
        "name": "CHAMBERS ST",
        "street_name": "CHAMBERS",
        "road_class": "other_four_plus_lane",
        "rw_type": 1,
        "segment_type": null,
        "posted_speed": 25.0,
        "number_total_lanes": 4,
        "number_travel_lanes": 2,
        "status": "2",
        "modified_date": "2022-11-30 09:16:35+00:00"
      },
      "geometry": {
        "type": "MultiLineString",
        "coordinates": [
          [
            [
              -74.013333172287,
              40.717398174786
            ],
            [
              -74.01382784696,
              40.717623970651
            ]
          ]
        ]
      },
      "id": "nyc-centerline-104640"
    },
    {
      "type": "Feature",
      "properties": {
        "road_id": "nyc-centerline-105",
        "object_id": 105,
        "physical_id": 143,
        "name": "CHURCH ST",
        "street_name": "CHURCH",
        "road_class": "other_four_plus_lane",
        "rw_type": 1,
        "segment_type": null,
        "posted_speed": 25.0,
        "number_total_lanes": 5,
        "number_travel_lanes": 4,
        "status": "2",
        "modified_date": "2022-05-02 16:20:19+00:00"
      },
      "geometry": {
        "type": "MultiLineString",
        "coordinates": [
          [
            [
              -74.011232308233,
              40.710375103202
            ],
            [
              -74.010802069424,
              40.711025646201
            ]
          ]
        ]
      },
      "id": "nyc-centerline-105"
    },
    {
      "type": "Feature",
      "properties": {
        "road_id": "nyc-centerline-105016",
        "object_id": 105016,
        "physical_id": 148468,
        "name": "W  BROADWAY",
        "street_name": "BROADWAY",
        "road_class": "major",
        "rw_type": 1,
        "segment_type": null,
        "posted_speed": 25.0,
        "number_total_lanes": 4,
        "number_travel_lanes": 2,
        "status": "2",
        "modified_date": "2026-08-04 14:35:18+00:00"
      },
      "geometry": {
        "type": "MultiLineString",
        "coordinates": [
          [
            [
              -74.007537241031,
              40.717669476987
            ],
            [
              -74.007267875079,
              40.718001278794
            ],
            [
              -74.007053264605,
              40.718277279945
            ]
          ]
        ]
      },
      "id": "nyc-centerline-105016"
    },
    {
      "type": "Feature",
      "properties": {
        "road_id": "nyc-centerline-105024",
        "object_id": 105024,
        "physical_id": 148484,
        "name": "CENTRE ST",
        "street_name": "CENTRE",
        "road_class": "other_four_plus_lane",
        "rw_type": 1,
        "segment_type": null,
        "posted_speed": 25.0,
        "number_total_lanes": 4,
        "number_travel_lanes": 2,
        "status": "2",
        "modified_date": "2026-08-04 14:35:18+00:00"
      },
      "geometry": {
        "type": "MultiLineString",
        "coordinates": [
          [
            [
              -74.003095041215,
              40.713966018313
            ],
            [
              -74.002834513553,
              40.714152569992
            ],
            [
              -74.002599337363,
              40.714320966783
            ]
          ]
        ]
      },
      "id": "nyc-centerline-105024"
    },
    {
      "type": "Feature",
      "properties": {
        "road_id": "nyc-centerline-106",
        "object_id": 106,
        "physical_id": 144,
        "name": "CHURCH ST",
        "street_name": "CHURCH",
        "road_class": "other_four_plus_lane",
        "rw_type": 1,
        "segment_type": null,
        "posted_speed": 25.0,
        "number_total_lanes": 4,
        "number_travel_lanes": 2,
        "status": "2",
        "modified_date": "2022-05-02 16:20:19+00:00"
      },
      "geometry": {
        "type": "MultiLineString",
        "coordinates": [
          [
            [
              -74.010466641785,
              40.711542786564
            ],
            [
              -74.01012297732,
              40.712092935828
            ]
          ]
        ]
      },
      "id": "nyc-centerline-106"
    },
    {
      "type": "Feature",
      "properties": {
        "road_id": "nyc-centerline-107",
        "object_id": 107,
        "physical_id": 145,
        "name": "CHURCH ST",
        "street_name": "CHURCH",
        "road_class": "other_four_plus_lane",
        "rw_type": 1,
        "segment_type": null,
        "posted_speed": 25.0,
        "number_total_lanes": 5,
        "number_travel_lanes": 4,
        "status": "2",
        "modified_date": "2019-04-15 15:21:43+00:00"
      },
      "geometry": {
        "type": "MultiLineString",
        "coordinates": [
          [
            [
              -74.01012297732,
              40.712092935828
            ],
            [
              -74.009669424499,
              40.712732809713
            ]
          ]
        ]
      },
      "id": "nyc-centerline-107"
    },
    {
      "type": "Feature",
      "properties": {
        "road_id": "nyc-centerline-108",
        "object_id": 108,
        "physical_id": 146,
        "name": "CHURCH ST",
        "street_name": "CHURCH",
        "road_class": "other_four_plus_lane",
        "rw_type": 1,
        "segment_type": null,
        "posted_speed": 25.0,
        "number_total_lanes": 5,
        "number_travel_lanes": 3,
        "status": "2",
        "modified_date": "2023-09-26 09:48:14+00:00"
      },
      "geometry": {
        "type": "MultiLineString",
        "coordinates": [
          [
            [
              -74.009669424499,
              40.712732809713
            ],
            [
              -74.009255979918,
              40.713264045832
            ]
          ]
        ]
      },
      "id": "nyc-centerline-108"
    },
    {
      "type": "Feature",
      "properties": {
        "road_id": "nyc-centerline-108383",
        "object_id": 108383,
        "physical_id": 165571,
        "name": "SOUTH ST",
        "street_name": "SOUTH",
        "road_class": "other_four_plus_lane",
        "rw_type": 1,
        "segment_type": null,
        "posted_speed": 25.0,
        "number_total_lanes": 6,
        "number_travel_lanes": 4,
        "status": "2",
        "modified_date": "2022-05-02 16:20:19+00:00"
      },
      "geometry": {
        "type": "MultiLineString",
        "coordinates": [
          [
            [
              -73.992014822614,
              40.709790330647
            ],
            [
              -73.991910805136,
              40.709815183733
            ]
          ]
        ]
      },
      "id": "nyc-centerline-108383"
    },
    {
      "type": "Feature",
      "properties": {
        "road_id": "nyc-centerline-108389",
        "object_id": 108389,
        "physical_id": 165577,
        "name": "PIKE SLIP",
        "street_name": "PIKE",
        "road_class": "other_four_plus_lane",
        "rw_type": 1,
        "segment_type": null,
        "posted_speed": 25.0,
        "number_total_lanes": 4,
        "number_travel_lanes": 3,
        "status": "2",
        "modified_date": "2024-09-20 09:05:03+00:00"
      },
      "geometry": {
        "type": "MultiLineString",
        "coordinates": [
          [
            [
              -73.992076249004,
              40.710238375787
            ],
            [
              -73.992050960276,
              40.710063389355
            ]
          ]
        ]
      },
      "id": "nyc-centerline-108389"
    },
    {
      "type": "Feature",
      "properties": {
        "road_id": "nyc-centerline-108582",
        "object_id": 108582,
        "physical_id": 166349,
        "name": "CATHERINE SLIP",
        "street_name": "CATHERINE",
        "road_class": "other_four_plus_lane",
        "rw_type": 1,
        "segment_type": null,
        "posted_speed": 25.0,
        "number_total_lanes": 4,
        "number_travel_lanes": 2,
        "status": "2",
        "modified_date": "2020-04-14 12:43:40+00:00"
      },
      "geometry": {
        "type": "MultiLineString",
        "coordinates": [
          [
            [
              -73.996386894742,
              40.709758946488
            ],
            [
              -73.99637622391,
              40.709714996433
            ],
            [
              -73.99633743543,
              40.709555231847
            ],
            [
              -73.996321157676,
              40.709494236734
            ],
            [
              -73.996258548417,
              40.709279800066
            ],
            [
              -73.996062641273,
              40.709212808003
            ]
          ]
        ]
      },
      "id": "nyc-centerline-108582"
    },
    {
      "type": "Feature",
      "properties": {
        "road_id": "nyc-centerline-108589",
        "object_id": 108589,
        "physical_id": 166364,
        "name": "FRONT ST",
        "street_name": "FRONT",
        "road_class": "other_four_plus_lane",
        "rw_type": 6,
        "segment_type": null,
        "posted_speed": 25.0,
        "number_total_lanes": 4,
        "number_travel_lanes": 4,
        "status": "2",
        "modified_date": "2021-10-14 11:21:09+00:00"
      },
      "geometry": {
        "type": "MultiLineString",
        "coordinates": [
          [
            [
              -74.001700822841,
              40.707755714864
            ],
            [
              -74.00158235291,
              40.707815743361
            ],
            [
              -74.001458495622,
              40.707878500821
            ]
          ]
        ]
      },
      "id": "nyc-centerline-108589"
    },
    {
      "type": "Feature",
      "properties": {
        "road_id": "nyc-centerline-108618",
        "object_id": 108618,
        "physical_id": 166414,
        "name": "PIKE SLIP",
        "street_name": "PIKE",
        "road_class": "other_four_plus_lane",
        "rw_type": 1,
        "segment_type": null,
        "posted_speed": 25.0,
        "number_total_lanes": 4,
        "number_travel_lanes": 3,
        "status": "2",
        "modified_date": "2024-09-20 09:04:06+00:00"
      },
      "geometry": {
        "type": "MultiLineString",
        "coordinates": [
          [
            [
              -73.992050960276,
              40.710063389355
            ],
            [
              -73.992014822614,
              40.709790330647
            ]
          ]
        ]
      },
      "id": "nyc-centerline-108618"
    },
    {
      "type": "Feature",
      "properties": {
        "road_id": "nyc-centerline-108619",
        "object_id": 108619,
        "physical_id": 166416,
        "name": "SOUTH ST",
        "street_name": "SOUTH",
        "road_class": "other_four_plus_lane",
        "rw_type": 1,
        "segment_type": null,
        "posted_speed": 25.0,
        "number_total_lanes": 6,
        "number_travel_lanes": 4,
        "status": "2",
        "modified_date": "2022-05-02 16:20:19+00:00"
      },
      "geometry": {
        "type": "MultiLineString",
        "coordinates": [
          [
            [
              -73.992049415699,
              40.709784410959
            ],
            [
              -73.992014822614,
              40.709790330647
            ]
          ]
        ]
      },
      "id": "nyc-centerline-108619"
    },
    {
      "type": "Feature",
      "properties": {
        "road_id": "nyc-centerline-108804",
        "object_id": 108804,
        "physical_id": 166808,
        "name": "WORTH ST",
        "street_name": "WORTH",
        "road_class": "other_four_plus_lane",
        "rw_type": 1,
        "segment_type": null,
        "posted_speed": 25.0,
        "number_total_lanes": 4,
        "number_travel_lanes": 4,
        "status": "2",
        "modified_date": "2026-05-26 13:52:12+00:00"
      },
      "geometry": {
        "type": "MultiLineString",
        "coordinates": [
          [
            [
              -73.999558102928,
              40.713933460745
            ],
            [
              -73.999452838464,
              40.713884057261
            ],
            [
              -73.998631564462,
              40.713515002424
            ]
          ]
        ]
      },
      "id": "nyc-centerline-108804"
    },
    {
      "type": "Feature",
      "properties": {
        "road_id": "nyc-centerline-109",
        "object_id": 109,
        "physical_id": 147,
        "name": "CHURCH ST",
        "street_name": "CHURCH",
        "road_class": "other_four_plus_lane",
        "rw_type": 1,
        "segment_type": null,
        "posted_speed": 25.0,
        "number_total_lanes": 5,
        "number_travel_lanes": 3,
        "status": "2",
        "modified_date": "2023-09-26 09:48:14+00:00"
      },
      "geometry": {
        "type": "MultiLineString",
        "coordinates": [
          [
            [
              -74.009255979918,
              40.713264045832
            ],
            [
              -74.008833262921,
              40.71380418721
            ]
          ]
        ]
      },
      "id": "nyc-centerline-109"
    },
    {
      "type": "Feature",
      "properties": {
        "road_id": "nyc-centerline-109133",
        "object_id": 109133,
        "physical_id": 167423,
        "name": "CATHERINE SLIP",
        "street_name": "CATHERINE",
        "road_class": "other_four_plus_lane",
        "rw_type": 1,
        "segment_type": null,
        "posted_speed": 25.0,
        "number_total_lanes": 4,
        "number_travel_lanes": 2,
        "status": "2",
        "modified_date": "2020-04-14 15:21:37+00:00"
      },
      "geometry": {
        "type": "MultiLineString",
        "coordinates": [
          [
            [
              -73.996493953597,
              40.710208071578
            ],
            [
              -73.996425086258,
              40.70990500196
            ],
            [
              -73.996407555177,
              40.709844959716
            ],
            [
              -73.996386894742,
              40.709758946488
            ]
          ]
        ]
      },
      "id": "nyc-centerline-109133"
    },
    {
      "type": "Feature",
      "properties": {
        "road_id": "nyc-centerline-110",
        "object_id": 110,
        "physical_id": 148,
        "name": "CHURCH ST",
        "street_name": "CHURCH",
        "road_class": "other_four_plus_lane",
        "rw_type": 1,
        "segment_type": null,
        "posted_speed": 25.0,
        "number_total_lanes": 5,
        "number_travel_lanes": 3,
        "status": "2",
        "modified_date": "2023-09-26 09:48:14+00:00"
      },
      "geometry": {
        "type": "MultiLineString",
        "coordinates": [
          [
            [
              -74.008833262921,
              40.71380418721
            ],
            [
              -74.008388210315,
              40.714370533528
            ]
          ]
        ]
      },
      "id": "nyc-centerline-110"
    },
    {
      "type": "Feature",
      "properties": {
        "road_id": "nyc-centerline-111",
        "object_id": 111,
        "physical_id": 149,
        "name": "CHURCH ST",
        "street_name": "CHURCH",
        "road_class": "other_four_plus_lane",
        "rw_type": 1,
        "segment_type": null,
        "posted_speed": 25.0,
        "number_total_lanes": 5,
        "number_travel_lanes": 3,
        "status": "2",
        "modified_date": "2026-08-04 14:35:18+00:00"
      },
      "geometry": {
        "type": "MultiLineString",
        "coordinates": [
          [
            [
              -74.008388210315,
              40.714370533528
            ],
            [
              -74.007940735565,
              40.714935212698
            ]
          ]
        ]
      },
      "id": "nyc-centerline-111"
    },
    {
      "type": "Feature",
      "properties": {
        "road_id": "nyc-centerline-111083",
        "object_id": 111083,
        "physical_id": 171872,
        "name": "BROADWAY",
        "street_name": "BROADWAY",
        "road_class": "major",
        "rw_type": 1,
        "segment_type": null,
        "posted_speed": 25.0,
        "number_total_lanes": 5,
        "number_travel_lanes": 4,
        "status": "2",
        "modified_date": "2023-04-18 08:15:53+00:00"
      },
      "geometry": {
        "type": "MultiLineString",
        "coordinates": [
          [
            [
              -74.007225804396,
              40.713063512303
            ],
            [
              -74.007025206743,
              40.713303272596
            ],
            [
              -74.006783249847,
              40.713614392088
            ]
          ]
        ]
      },
      "id": "nyc-centerline-111083"
    },
    {
      "type": "Feature",
      "properties": {
        "road_id": "nyc-centerline-111192",
        "object_id": 111192,
        "physical_id": 172073,
        "name": "BROADWAY",
        "street_name": "BROADWAY",
        "road_class": "major",
        "rw_type": 1,
        "segment_type": null,
        "posted_speed": 25.0,
        "number_total_lanes": 4,
        "number_travel_lanes": 2,
        "status": "2",
        "modified_date": "2024-04-08 09:04:07+00:00"
      },
      "geometry": {
        "type": "MultiLineString",
        "coordinates": [
          [
            [
              -74.003536106624,
              40.717455193362
            ],
            [
              -74.003390250296,
              40.717627468167
            ],
            [
              -74.003046634579,
              40.718034056983
            ]
          ]
        ]
      },
      "id": "nyc-centerline-111192"
    },
    {
      "type": "Feature",
      "properties": {
        "road_id": "nyc-centerline-111326",
        "object_id": 111326,
        "physical_id": 172323,
        "name": "E  BROADWAY",
        "street_name": "BROADWAY",
        "road_class": "major",
        "rw_type": 1,
        "segment_type": null,
        "posted_speed": 25.0,
        "number_total_lanes": 4,
        "number_travel_lanes": 2,
        "status": "2",
        "modified_date": "2018-04-19 15:18:25+00:00"
      },
      "geometry": {
        "type": "MultiLineString",
        "coordinates": [
          [
            [
              -73.992469573795,
              40.713865064646
            ],
            [
              -73.991232261006,
              40.713971512849
            ],
            [
              -73.99106464518,
              40.713985932414
            ],
            [
              -73.990190317071,
              40.714061474046
            ]
          ]
        ]
      },
      "id": "nyc-centerline-111326"
    },
    {
      "type": "Feature",
      "properties": {
        "road_id": "nyc-centerline-112",
        "object_id": 112,
        "physical_id": 151,
        "name": "CHURCH ST",
        "street_name": "CHURCH",
        "road_class": "other_four_plus_lane",
        "rw_type": 1,
        "segment_type": null,
        "posted_speed": 25.0,
        "number_total_lanes": 5,
        "number_travel_lanes": 3,
        "status": "2",
        "modified_date": "2025-10-28 13:25:31+00:00"
      },
      "geometry": {
        "type": "MultiLineString",
        "coordinates": [
          [
            [
              -74.007545060654,
              40.71544106481
            ],
            [
              -74.007098589737,
              40.716006505822
            ]
          ]
        ]
      },
      "id": "nyc-centerline-112"
    },
    {
      "type": "Feature",
      "properties": {
        "road_id": "nyc-centerline-112891",
        "object_id": 112891,
        "physical_id": 176506,
        "name": "LAFAYETTE ST",
        "street_name": "LAFAYETTE",
        "road_class": "other_four_plus_lane",
        "rw_type": 1,
        "segment_type": null,
        "posted_speed": 25.0,
        "number_total_lanes": 5,
        "number_travel_lanes": 3,
        "status": "2",
        "modified_date": "2026-08-04 14:35:18+00:00"
      },
      "geometry": {
        "type": "MultiLineString",
        "coordinates": [
          [
            [
              -74.00158954794,
              40.717300134643
            ],
            [
              -74.001337210528,
              40.717559139458
            ],
            [
              -74.000989479869,
              40.717940142673
            ]
          ]
        ]
      },
      "id": "nyc-centerline-112891"
    },
    {
      "type": "Feature",
      "properties": {
        "road_id": "nyc-centerline-113",
        "object_id": 113,
        "physical_id": 152,
        "name": "CHURCH ST",
        "street_name": "CHURCH",
        "road_class": "other_four_plus_lane",
        "rw_type": 1,
        "segment_type": null,
        "posted_speed": 25.0,
        "number_total_lanes": 5,
        "number_travel_lanes": 3,
        "status": "2",
        "modified_date": "2026-08-04 14:35:18+00:00"
      },
      "geometry": {
        "type": "MultiLineString",
        "coordinates": [
          [
            [
              -74.007098589737,
              40.716006505822
            ],
            [
              -74.006675493978,
              40.716540317472
            ]
          ]
        ]
      },
      "id": "nyc-centerline-113"
    },
    {
      "type": "Feature",
      "properties": {
        "road_id": "nyc-centerline-114",
        "object_id": 114,
        "physical_id": 153,
        "name": "CHURCH ST",
        "street_name": "CHURCH",
        "road_class": "other_four_plus_lane",
        "rw_type": 1,
        "segment_type": null,
        "posted_speed": 25.0,
        "number_total_lanes": 5,
        "number_travel_lanes": 3,
        "status": "2",
        "modified_date": "2026-08-04 14:35:18+00:00"
      },
      "geometry": {
        "type": "MultiLineString",
        "coordinates": [
          [
            [
              -74.006675493978,
              40.716540317472
            ],
            [
              -74.0062503216,
              40.717083952258
            ]
          ]
        ]
      },
      "id": "nyc-centerline-114"
    },
    {
      "type": "Feature",
      "properties": {
        "road_id": "nyc-centerline-115",
        "object_id": 115,
        "physical_id": 154,
        "name": "CHURCH ST",
        "street_name": "CHURCH",
        "road_class": "other_four_plus_lane",
        "rw_type": 1,
        "segment_type": null,
        "posted_speed": 25.0,
        "number_total_lanes": 5,
        "number_travel_lanes": 3,
        "status": "2",
        "modified_date": "2025-10-28 13:25:31+00:00"
      },
      "geometry": {
        "type": "MultiLineString",
        "coordinates": [
          [
            [
              -74.0062503216,
              40.717083952258
            ],
            [
              -74.005778598853,
              40.717684887336
            ]
          ]
        ]
      },
      "id": "nyc-centerline-115"
    },
    {
      "type": "Feature",
      "properties": {
        "road_id": "nyc-centerline-115126",
        "object_id": 115126,
        "physical_id": 182263,
        "name": "CHATHAM SQ",
        "street_name": "CHATHAM",
        "road_class": "other_four_plus_lane",
        "rw_type": 1,
        "segment_type": null,
        "posted_speed": 25.0,
        "number_total_lanes": 4,
        "number_travel_lanes": 3,
        "status": "2",
        "modified_date": "2020-04-14 15:13:10+00:00"
      },
      "geometry": {
        "type": "MultiLineString",
        "coordinates": [
          [
            [
              -73.998486544342,
              40.713565816068
            ],
            [
              -73.998037271345,
              40.713765075764
            ]
          ]
        ]
      },
      "id": "nyc-centerline-115126"
    },
    {
      "type": "Feature",
      "properties": {
        "road_id": "nyc-centerline-115471",
        "object_id": 115471,
        "physical_id": 183412,
        "name": "HUDSON ST",
        "street_name": "HUDSON",
        "road_class": "other_four_plus_lane",
        "rw_type": 1,
        "segment_type": null,
        "posted_speed": 25.0,
        "number_total_lanes": 5,
        "number_travel_lanes": 3,
        "status": "2",
        "modified_date": "2018-04-02 14:33:48+00:00"
      },
      "geometry": {
        "type": "MultiLineString",
        "coordinates": [
          [
            [
              -74.008943737175,
              40.717933081862
            ],
            [
              -74.008918353271,
              40.718079074294
            ],
            [
              -74.008884356891,
              40.718274604912
            ]
          ]
        ]
      },
      "id": "nyc-centerline-115471"
    },
    {
      "type": "Feature",
      "properties": {
        "road_id": "nyc-centerline-116",
        "object_id": 116,
        "physical_id": 155,
        "name": "CHURCH ST",
        "street_name": "CHURCH",
        "road_class": "other_four_plus_lane",
        "rw_type": 1,
        "segment_type": null,
        "posted_speed": 25.0,
        "number_total_lanes": 5,
        "number_travel_lanes": 3,
        "status": "2",
        "modified_date": "2026-08-04 14:35:18+00:00"
      },
      "geometry": {
        "type": "MultiLineString",
        "coordinates": [
          [
            [
              -74.005778598853,
              40.717684887336
            ],
            [
              -74.005324998711,
              40.718281587197
            ]
          ]
        ]
      },
      "id": "nyc-centerline-116"
    },
    {
      "type": "Feature",
      "properties": {
        "road_id": "nyc-centerline-117",
        "object_id": 117,
        "physical_id": 156,
        "name": "CHURCH ST",
        "street_name": "CHURCH",
        "road_class": "other_four_plus_lane",
        "rw_type": 1,
        "segment_type": null,
        "posted_speed": 25.0,
        "number_total_lanes": 4,
        "number_travel_lanes": 3,
        "status": "2",
        "modified_date": "2024-05-15 10:11:02+00:00"
      },
      "geometry": {
        "type": "MultiLineString",
        "coordinates": [
          [
            [
              -74.005324998711,
              40.718281587197
            ],
            [
              -74.004846168153,
              40.718861257686
            ]
          ]
        ]
      },
      "id": "nyc-centerline-117"
    },
    {
      "type": "Feature",
      "properties": {
        "road_id": "nyc-centerline-117407",
        "object_id": 117407,
        "physical_id": 189007,
        "name": "CHRYSTIE ST",
        "street_name": "CHRYSTIE",
        "road_class": "other_four_plus_lane",
        "rw_type": 1,
        "segment_type": null,
        "posted_speed": 25.0,
        "number_total_lanes": 5,
        "number_travel_lanes": 3,
        "status": "2",
        "modified_date": "2026-08-04 14:35:18+00:00"
      },
      "geometry": {
        "type": "MultiLineString",
        "coordinates": [
          [
            [
              -73.994868562461,
              40.716186770706
            ],
            [
              -73.994456039931,
              40.716983092271
            ]
          ]
        ]
      },
      "id": "nyc-centerline-117407"
    },
    {
      "type": "Feature",
      "properties": {
        "road_id": "nyc-centerline-117410",
        "object_id": 117410,
        "physical_id": 189012,
        "name": "MANHATTAN BRG",
        "street_name": "MANHATTAN",
        "road_class": "other_four_plus_lane",
        "rw_type": 9,
        "segment_type": null,
        "posted_speed": 25.0,
        "number_total_lanes": 4,
        "number_travel_lanes": 3,
        "status": "2",
        "modified_date": "2023-10-16 12:10:12+00:00"
      },
      "geometry": {
        "type": "MultiLineString",
        "coordinates": [
          [
            [
              -73.994619280211,
              40.715748454949
            ],
            [
              -73.994638634602,
              40.715750317879
            ],
            [
              -73.994658128644,
              40.71575089196
            ],
            [
              -73.994677614375,
              40.715750172836
            ],
            [
              -73.994696943897,
              40.715748165964
            ],
            [
              -73.994715970497,
              40.715744886577
            ],
            [
              -73.994734549761,
              40.715740359565
            ],
            [
              -73.994752540671,
              40.715734619289
            ],
            [
              -73.994769806674,
              40.715727709317
            ]
          ],
          [
            [
              -73.994769806674,
              40.715727709317
            ],
            [
              -73.994786216661,
              40.715719682026
            ],
            [
              -73.99480164613,
              40.715710598419
            ],
            [
              -73.994815977972,
              40.715700527441
            ],
            [
              -73.994829103406,
              40.715689545531
            ],
            [
              -73.994840922809,
              40.715677736043
            ],
            [
              -73.994851346471,
              40.71566518861
            ],
            [
              -73.994860295276,
              40.715651998468
            ],
            [
              -73.994867701302,
              40.715638265731
            ]
          ]
        ]
      },
      "id": "nyc-centerline-117410"
    },
    {
      "type": "Feature",
      "properties": {
        "road_id": "nyc-centerline-117674",
        "object_id": 117674,
        "physical_id": 189761,
        "name": "GOLD ST",
        "street_name": "GOLD",
        "road_class": "other_four_plus_lane",
        "rw_type": 1,
        "segment_type": null,
        "posted_speed": 25.0,
        "number_total_lanes": 4,
        "number_travel_lanes": 2,
        "status": "2",
        "modified_date": "2024-05-10 11:31:21+00:00"
      },
      "geometry": {
        "type": "MultiLineString",
        "coordinates": [
          [
            [
              -74.005149032212,
              40.709433763539
            ],
            [
              -74.004989093816,
              40.709550693088
            ],
            [
              -74.004827381626,
              40.709668919147
            ]
          ]
        ]
      },
      "id": "nyc-centerline-117674"
    },
    {
      "type": "Feature",
      "properties": {
        "road_id": "nyc-centerline-117679",
        "object_id": 117679,
        "physical_id": 189766,
        "name": "GREENWICH ST",
        "street_name": "GREENWICH",
        "road_class": "other_four_plus_lane",
        "rw_type": 1,
        "segment_type": null,
        "posted_speed": 25.0,
        "number_total_lanes": 4,
        "number_travel_lanes": 2,
        "status": "2",
        "modified_date": "2022-12-08 15:51:43+00:00"
      },
      "geometry": {
        "type": "MultiLineString",
        "coordinates": [
          [
            [
              -74.010402569697,
              40.718810271858
            ],
            [
              -74.010314503279,
              40.719340757931
            ],
            [
              -74.010294836007,
              40.719459225131
            ]
          ]
        ]
      },
      "id": "nyc-centerline-117679"
    },
    {
      "type": "Feature",
      "properties": {
        "road_id": "nyc-centerline-117959",
        "object_id": 117959,
        "physical_id": 190256,
        "name": "W  BROADWAY",
        "street_name": "BROADWAY",
        "road_class": "major",
        "rw_type": 1,
        "segment_type": null,
        "posted_speed": 25.0,
        "number_total_lanes": 4,
        "number_travel_lanes": 2,
        "status": "2",
        "modified_date": "2026-08-04 14:35:18+00:00"
      },
      "geometry": {
        "type": "MultiLineString",
        "coordinates": [
          [
            [
              -74.009240376263,
              40.715528408001
            ],
            [
              -74.008998495456,
              40.715815586757
            ],
            [
              -74.008824585536,
              40.716022063926
            ]
          ]
        ]
      },
      "id": "nyc-centerline-117959"
    },
    {
      "type": "Feature",
      "properties": {
        "road_id": "nyc-centerline-117960",
        "object_id": 117960,
        "physical_id": 190257,
        "name": "CHURCH ST",
        "street_name": "CHURCH",
        "road_class": "other_four_plus_lane",
        "rw_type": 1,
        "segment_type": null,
        "posted_speed": 25.0,
        "number_total_lanes": 5,
        "number_travel_lanes": 3,
        "status": "2",
        "modified_date": "2025-10-28 13:25:31+00:00"
      },
      "geometry": {
        "type": "MultiLineString",
        "coordinates": [
          [
            [
              -74.007940735565,
              40.714935212698
            ],
            [
              -74.007743248659,
              40.715187691608
            ],
            [
              -74.007545060654,
              40.71544106481
            ]
          ]
        ]
      },
      "id": "nyc-centerline-117960"
    },
    {
      "type": "Feature",
      "properties": {
        "road_id": "nyc-centerline-118",
        "object_id": 118,
        "physical_id": 157,
        "name": "CHURCH ST",
        "street_name": "CHURCH",
        "road_class": "other_four_plus_lane",
        "rw_type": 1,
        "segment_type": null,
        "posted_speed": 25.0,
        "number_total_lanes": 5,
        "number_travel_lanes": 3,
        "status": "2",
        "modified_date": "2017-03-17 09:34:51+00:00"
      },
      "geometry": {
        "type": "MultiLineString",
        "coordinates": [
          [
            [
              -74.004846168153,
              40.718861257686
            ],
            [
              -74.004373450652,
              40.719474965517
            ]
          ]
        ]
      },
      "id": "nyc-centerline-118"
    },
    {
      "type": "Feature",
      "properties": {
        "road_id": "nyc-centerline-118587",
        "object_id": 118587,
        "physical_id": 191133,
        "name": "WORTH ST",
        "street_name": "WORTH",
        "road_class": "other_four_plus_lane",
        "rw_type": 1,
        "segment_type": null,
        "posted_speed": 25.0,
        "number_total_lanes": 4,
        "number_travel_lanes": 2,
        "status": "2",
        "modified_date": "2021-03-26 15:30:55+00:00"
      },
      "geometry": {
        "type": "MultiLineString",
        "coordinates": [
          [
            [
              -74.007537241031,
              40.717669476987
            ],
            [
              -74.006858643403,
              40.717360731015
            ],
            [
              -74.0062503216,
              40.717083952258
            ]
          ]
        ]
      },
      "id": "nyc-centerline-118587"
    },
    {
      "type": "Feature",
      "properties": {
        "road_id": "nyc-centerline-118941",
        "object_id": 118941,
        "physical_id": 191781,
        "name": "PEARL ST",
        "street_name": "PEARL",
        "road_class": "other_four_plus_lane",
        "rw_type": 1,
        "segment_type": null,
        "posted_speed": 25.0,
        "number_total_lanes": 6,
        "number_travel_lanes": 4,
        "status": "2",
        "modified_date": "2021-05-05 10:16:00+00:00"
      },
      "geometry": {
        "type": "MultiLineString",
        "coordinates": [
          [
            [
              -74.003403412764,
              40.708091913356
            ],
            [
              -74.002902148553,
              40.708516498719
            ],
            [
              -74.00250383902,
              40.708853868096
            ]
          ]
        ]
      },
      "id": "nyc-centerline-118941"
    },
    {
      "type": "Feature",
      "properties": {
        "road_id": "nyc-centerline-118942",
        "object_id": 118942,
        "physical_id": 191782,
        "name": "PEARL ST",
        "street_name": "PEARL",
        "road_class": "other_four_plus_lane",
        "rw_type": 1,
        "segment_type": null,
        "posted_speed": 25.0,
        "number_total_lanes": 6,
        "number_travel_lanes": 4,
        "status": "2",
        "modified_date": "2025-07-02 09:29:54+00:00"
      },
      "geometry": {
        "type": "MultiLineString",
        "coordinates": [
          [
            [
              -74.00250383902,
              40.708853868096
            ],
            [
              -74.002149503105,
              40.709140230978
            ],
            [
              -74.001665967749,
              40.709531002264
            ]
          ]
        ]
      },
      "id": "nyc-centerline-118942"
    },
    {
      "type": "Feature",
      "properties": {
        "road_id": "nyc-centerline-119931",
        "object_id": 119931,
        "physical_id": 193940,
        "name": "PIKE SLIP",
        "street_name": "PIKE",
        "road_class": "other_four_plus_lane",
        "rw_type": 1,
        "segment_type": null,
        "posted_speed": 25.0,
        "number_total_lanes": 4,
        "number_travel_lanes": 3,
        "status": "2",
        "modified_date": "2024-09-20 09:03:59+00:00"
      },
      "geometry": {
        "type": "MultiLineString",
        "coordinates": [
          [
            [
              -73.991978044985,
              40.710919505474
            ],
            [
              -73.991918202437,
              40.710605745255
            ],
            [
              -73.991854841066,
              40.710254132843
            ],
            [
              -73.991822119572,
              40.710072548452
            ],
            [
              -73.991780781785,
              40.709834795295
            ]
          ]
        ]
      },
      "id": "nyc-centerline-119931"
    },
    {
      "type": "Feature",
      "properties": {
        "road_id": "nyc-centerline-121",
        "object_id": 121,
        "physical_id": 160,
        "name": "CHURCH ST",
        "street_name": "CHURCH",
        "road_class": "other_four_plus_lane",
        "rw_type": 1,
        "segment_type": null,
        "posted_speed": 25.0,
        "number_total_lanes": 4,
        "number_travel_lanes": 4,
        "status": "2",
        "modified_date": "2022-05-02 16:20:19+00:00"
      },
      "geometry": {
        "type": "MultiLineString",
        "coordinates": [
          [
            [
              -74.011686766037,
              40.709700982008
            ],
            [
              -74.011232308233,
              40.710375103202
            ]
          ]
        ]
      },
      "id": "nyc-centerline-121"
    },
    {
      "type": "Feature",
      "properties": {
        "road_id": "nyc-centerline-126745",
        "object_id": 126745,
        "physical_id": 293,
        "name": "WEST ST",
        "street_name": "WEST",
        "road_class": "other_four_plus_lane",
        "rw_type": 2,
        "segment_type": null,
        "posted_speed": 30.0,
        "number_total_lanes": 4,
        "number_travel_lanes": 4,
        "status": "2",
        "modified_date": "2020-01-09 10:13:22+00:00"
      },
      "geometry": {
        "type": "MultiLineString",
        "coordinates": [
          [
            [
              -74.013529041118,
              40.715271094973
            ],
            [
              -74.013408728506,
              40.715745813381
            ],
            [
              -74.013308913321,
              40.716138159964
            ],
            [
              -74.013209097841,
              40.716530504931
            ]
          ]
        ]
      },
      "id": "nyc-centerline-126745"
    },
    {
      "type": "Feature",
      "properties": {
        "road_id": "nyc-centerline-126966",
        "object_id": 126966,
        "physical_id": 259,
        "name": "WEST ST",
        "street_name": "WEST",
        "road_class": "other_four_plus_lane",
        "rw_type": 2,
        "segment_type": null,
        "posted_speed": 30.0,
        "number_total_lanes": 5,
        "number_travel_lanes": 4,
        "status": "2",
        "modified_date": "2020-01-09 10:13:59+00:00"
      },
      "geometry": {
        "type": "MultiLineString",
        "coordinates": [
          [
            [
              -74.013725454358,
              40.713686548789
            ],
            [
              -74.013440278462,
              40.714438658252
            ]
          ]
        ]
      },
      "id": "nyc-centerline-126966"
    },
    {
      "type": "Feature",
      "properties": {
        "road_id": "nyc-centerline-127617",
        "object_id": 127617,
        "physical_id": 123275,
        "name": "WEST ST",
        "street_name": "WEST",
        "road_class": "other_four_plus_lane",
        "rw_type": 2,
        "segment_type": null,
        "posted_speed": 30.0,
        "number_total_lanes": 4,
        "number_travel_lanes": 4,
        "status": "2",
        "modified_date": "2023-04-04 14:43:12+00:00"
      },
      "geometry": {
        "type": "MultiLineString",
        "coordinates": [
          [
            [
              -74.012689364841,
              40.717306334934
            ],
            [
              -74.012326740477,
              40.718880694116
            ],
            [
              -74.01229296323,
              40.719047188937
            ]
          ]
        ]
      },
      "id": "nyc-centerline-127617"
    },
    {
      "type": "Feature",
      "properties": {
        "road_id": "nyc-centerline-127634",
        "object_id": 127634,
        "physical_id": 296,
        "name": "WEST ST",
        "street_name": "WEST",
        "road_class": "other_four_plus_lane",
        "rw_type": 2,
        "segment_type": null,
        "posted_speed": 30.0,
        "number_total_lanes": 6,
        "number_travel_lanes": 6,
        "status": "2",
        "modified_date": "2026-06-03 14:02:10+00:00"
      },
      "geometry": {
        "type": "MultiLineString",
        "coordinates": [
          [
            [
              -74.013037170641,
              40.717262999577
            ],
            [
              -74.012960453335,
              40.717438436375
            ]
          ]
        ]
      },
      "id": "nyc-centerline-127634"
    },
    {
      "type": "Feature",
      "properties": {
        "road_id": "nyc-centerline-127895",
        "object_id": 127895,
        "physical_id": 109879,
        "name": "WEST ST",
        "street_name": "WEST",
        "road_class": "other_four_plus_lane",
        "rw_type": 2,
        "segment_type": null,
        "posted_speed": 30.0,
        "number_total_lanes": 5,
        "number_travel_lanes": 4,
        "status": "2",
        "modified_date": "2022-03-23 14:11:14+00:00"
      },
      "geometry": {
        "type": "MultiLineString",
        "coordinates": [
          [
            [
              -74.013219419657,
              40.715216456354
            ],
            [
              -74.013103670878,
              40.715627386199
            ],
            [
              -74.013026269985,
              40.715960375701
            ],
            [
              -74.012922581193,
              40.716406456131
            ]
          ]
        ]
      },
      "id": "nyc-centerline-127895"
    },
    {
      "type": "Feature",
      "properties": {
        "road_id": "nyc-centerline-128449",
        "object_id": 128449,
        "physical_id": 263,
        "name": "WEST ST",
        "street_name": "WEST",
        "road_class": "other_four_plus_lane",
        "rw_type": 2,
        "segment_type": null,
        "posted_speed": 30.0,
        "number_total_lanes": 4,
        "number_travel_lanes": 4,
        "status": "2",
        "modified_date": "2020-01-09 10:13:22+00:00"
      },
      "geometry": {
        "type": "MultiLineString",
        "coordinates": [
          [
            [
              -74.013983444954,
              40.713799282489
            ],
            [
              -74.013712641747,
              40.714553942806
            ]
          ]
        ]
      },
      "id": "nyc-centerline-128449"
    },
    {
      "type": "Feature",
      "properties": {
        "road_id": "nyc-centerline-128860",
        "object_id": 128860,
        "physical_id": 292,
        "name": "WEST ST",
        "street_name": "WEST",
        "road_class": "other_four_plus_lane",
        "rw_type": 2,
        "segment_type": null,
        "posted_speed": 30.0,
        "number_total_lanes": 4,
        "number_travel_lanes": 4,
        "status": "2",
        "modified_date": "2020-01-09 10:13:22+00:00"
      },
      "geometry": {
        "type": "MultiLineString",
        "coordinates": [
          [
            [
              -74.013712641747,
              40.714553942806
            ],
            [
              -74.013566281612,
              40.715134420098
            ],
            [
              -74.013529041118,
              40.715271094973
            ]
          ]
        ]
      },
      "id": "nyc-centerline-128860"
    },
    {
      "type": "Feature",
      "properties": {
        "road_id": "nyc-centerline-129074",
        "object_id": 129074,
        "physical_id": 256,
        "name": "WEST ST",
        "street_name": "WEST",
        "road_class": "other_four_plus_lane",
        "rw_type": 2,
        "segment_type": null,
        "posted_speed": 30.0,
        "number_total_lanes": 5,
        "number_travel_lanes": 4,
        "status": "2",
        "modified_date": "2020-01-09 10:13:22+00:00"
      },
      "geometry": {
        "type": "MultiLineString",
        "coordinates": [
          [
            [
              -74.012922581193,
              40.716406456131
            ],
            [
              -74.012731972486,
              40.717121869543
            ]
          ]
        ]
      },
      "id": "nyc-centerline-129074"
    },
    {
      "type": "Feature",
      "properties": {
        "road_id": "nyc-centerline-129216",
        "object_id": 129216,
        "physical_id": 258,
        "name": "WEST ST",
        "street_name": "WEST",
        "road_class": "other_four_plus_lane",
        "rw_type": 2,
        "segment_type": null,
        "posted_speed": 30.0,
        "number_total_lanes": 4,
        "number_travel_lanes": 4,
        "status": "2",
        "modified_date": "2024-04-21 22:21:10+00:00"
      },
      "geometry": {
        "type": "MultiLineString",
        "coordinates": [
          [
            [
              -74.013440278462,
              40.714438658252
            ],
            [
              -74.013256647697,
              40.715072794533
            ],
            [
              -74.013219419657,
              40.715216456354
            ]
          ]
        ]
      },
      "id": "nyc-centerline-129216"
    },
    {
      "type": "Feature",
      "properties": {
        "road_id": "nyc-centerline-129449",
        "object_id": 129449,
        "physical_id": 297,
        "name": "WEST ST",
        "street_name": "WEST",
        "road_class": "other_four_plus_lane",
        "rw_type": 2,
        "segment_type": null,
        "posted_speed": 30.0,
        "number_total_lanes": 6,
        "number_travel_lanes": 6,
        "status": "2",
        "modified_date": "2026-06-03 14:02:10+00:00"
      },
      "geometry": {
        "type": "MultiLineString",
        "coordinates": [
          [
            [
              -74.012960453335,
              40.717438436375
            ],
            [
              -74.012595839801,
              40.718918474623
            ],
            [
              -74.012555992116,
              40.719078103259
            ]
          ]
        ]
      },
      "id": "nyc-centerline-129449"
    },
    {
      "type": "Feature",
      "properties": {
        "road_id": "nyc-centerline-130199",
        "object_id": 130199,
        "physical_id": 295,
        "name": "WEST ST",
        "street_name": "WEST",
        "road_class": "other_four_plus_lane",
        "rw_type": 2,
        "segment_type": null,
        "posted_speed": 30.0,
        "number_total_lanes": 4,
        "number_travel_lanes": 4,
        "status": "2",
        "modified_date": "2020-01-09 10:13:22+00:00"
      },
      "geometry": {
        "type": "MultiLineString",
        "coordinates": [
          [
            [
              -74.013209097841,
              40.716530504931
            ],
            [
              -74.013037170641,
              40.717262999577
            ]
          ]
        ]
      },
      "id": "nyc-centerline-130199"
    },
    {
      "type": "Feature",
      "properties": {
        "road_id": "nyc-centerline-130321",
        "object_id": 130321,
        "physical_id": 255,
        "name": "WEST ST",
        "street_name": "WEST",
        "road_class": "other_four_plus_lane",
        "rw_type": 2,
        "segment_type": null,
        "posted_speed": 30.0,
        "number_total_lanes": 4,
        "number_travel_lanes": 4,
        "status": "2",
        "modified_date": "2020-01-09 10:13:22+00:00"
      },
      "geometry": {
        "type": "MultiLineString",
        "coordinates": [
          [
            [
              -74.012731972486,
              40.717121869543
            ],
            [
              -74.012689364841,
              40.717306334934
            ]
          ]
        ]
      },
      "id": "nyc-centerline-130321"
    },
    {
      "type": "Feature",
      "properties": {
        "road_id": "nyc-centerline-131508",
        "object_id": 131508,
        "physical_id": 199717,
        "name": "WORTH ST",
        "street_name": "WORTH",
        "road_class": "other_four_plus_lane",
        "rw_type": 1,
        "segment_type": null,
        "posted_speed": 25.0,
        "number_total_lanes": 4,
        "number_travel_lanes": 4,
        "status": "2",
        "modified_date": "2026-05-26 13:52:12+00:00"
      },
      "geometry": {
        "type": "MultiLineString",
        "coordinates": [
          [
            [
              -74.000455929644,
              40.714373287808
            ],
            [
              -74.000222357345,
              40.714258867084
            ],
            [
              -73.999883456886,
              40.714092846517
            ],
            [
              -73.999558102928,
              40.713933460745
            ]
          ]
        ]
      },
      "id": "nyc-centerline-131508"
    },
    {
      "type": "Feature",
      "properties": {
        "road_id": "nyc-centerline-133818",
        "object_id": 133818,
        "physical_id": 205116,
        "name": "LIBERTY ST",
        "street_name": "LIBERTY",
        "road_class": "other_four_plus_lane",
        "rw_type": 1,
        "segment_type": null,
        "posted_speed": 25.0,
        "number_total_lanes": 4,
        "number_travel_lanes": 2,
        "status": "2",
        "modified_date": "2025-10-17 11:38:00+00:00"
      },
      "geometry": {
        "type": "MultiLineString",
        "coordinates": [
          [
            [
              -74.01464918992,
              40.711099153698
            ],
            [
              -74.014820420683,
              40.711178741964
            ]
          ]
        ]
      },
      "id": "nyc-centerline-133818"
    },
    {
      "type": "Feature",
      "properties": {
        "road_id": "nyc-centerline-134237",
        "object_id": 134237,
        "physical_id": 206056,
        "name": "FORSYTH ST",
        "street_name": "FORSYTH",
        "road_class": "other_four_plus_lane",
        "rw_type": 1,
        "segment_type": null,
        "posted_speed": 25.0,
        "number_total_lanes": 4,
        "number_travel_lanes": 2,
        "status": "2",
        "modified_date": "2025-09-22 11:28:50+00:00"
      },
      "geometry": {
        "type": "MultiLineString",
        "coordinates": [
          [
            [
              -73.994273302279,
              40.715629104813
            ],
            [
              -73.994141332346,
              40.715888862418
            ],
            [
              -73.993700847435,
              40.716755858146
            ]
          ]
        ]
      },
      "id": "nyc-centerline-134237"
    },
    {
      "type": "Feature",
      "properties": {
        "road_id": "nyc-centerline-1363",
        "object_id": 1363,
        "physical_id": 1650,
        "name": "CENTRE ST",
        "street_name": "CENTRE",
        "road_class": "other_four_plus_lane",
        "rw_type": 1,
        "segment_type": null,
        "posted_speed": 25.0,
        "number_total_lanes": 4,
        "number_travel_lanes": 2,
        "status": "2",
        "modified_date": "2024-09-23 14:48:37+00:00"
      },
      "geometry": {
        "type": "MultiLineString",
        "coordinates": [
          [
            [
              -73.99995750768,
              40.718025335531
            ],
            [
              -73.99942460268,
              40.718688514867
            ]
          ]
        ]
      },
      "id": "nyc-centerline-1363"
    },
    {
      "type": "Feature",
      "properties": {
        "road_id": "nyc-centerline-1364",
        "object_id": 1364,
        "physical_id": 1651,
        "name": "CENTRE ST",
        "street_name": "CENTRE",
        "road_class": "other_four_plus_lane",
        "rw_type": 1,
        "segment_type": null,
        "posted_speed": 25.0,
        "number_total_lanes": 4,
        "number_travel_lanes": 2,
        "status": "2",
        "modified_date": "2024-09-23 14:49:43+00:00"
      },
      "geometry": {
        "type": "MultiLineString",
        "coordinates": [
          [
            [
              -74.000275736046,
              40.717627642966
            ],
            [
              -73.99995750768,
              40.718025335531
            ]
          ]
        ]
      },
      "id": "nyc-centerline-1364"
    },
    {
      "type": "Feature",
      "properties": {
        "road_id": "nyc-centerline-1365",
        "object_id": 1365,
        "physical_id": 1652,
        "name": "CENTRE ST",
        "street_name": "CENTRE",
        "road_class": "other_four_plus_lane",
        "rw_type": 1,
        "segment_type": null,
        "posted_speed": 25.0,
        "number_total_lanes": 4,
        "number_travel_lanes": 2,
        "status": "2",
        "modified_date": "2024-09-23 14:48:37+00:00"
      },
      "geometry": {
        "type": "MultiLineString",
        "coordinates": [
          [
            [
              -73.99942460268,
              40.718688514867
            ],
            [
              -73.999235966463,
              40.718921808498
            ]
          ]
        ]
      },
      "id": "nyc-centerline-1365"
    },
    {
      "type": "Feature",
      "properties": {
        "road_id": "nyc-centerline-1366",
        "object_id": 1366,
        "physical_id": 1653,
        "name": "CENTRE ST",
        "street_name": "CENTRE",
        "road_class": "other_four_plus_lane",
        "rw_type": 1,
        "segment_type": null,
        "posted_speed": 25.0,
        "number_total_lanes": 4,
        "number_travel_lanes": 2,
        "status": "2",
        "modified_date": "2024-09-23 14:48:37+00:00"
      },
      "geometry": {
        "type": "MultiLineString",
        "coordinates": [
          [
            [
              -73.999235966463,
              40.718921808498
            ],
            [
              -73.998524572146,
              40.719793387503
            ]
          ]
        ]
      },
      "id": "nyc-centerline-1366"
    },
    {
      "type": "Feature",
      "properties": {
        "road_id": "nyc-centerline-1368",
        "object_id": 1368,
        "physical_id": 1655,
        "name": "CENTRE ST",
        "street_name": "CENTRE",
        "road_class": "other_four_plus_lane",
        "rw_type": 1,
        "segment_type": null,
        "posted_speed": 25.0,
        "number_total_lanes": 4,
        "number_travel_lanes": 2,
        "status": "2",
        "modified_date": "2024-09-23 14:49:43+00:00"
      },
      "geometry": {
        "type": "MultiLineString",
        "coordinates": [
          [
            [
              -74.000819725064,
              40.716937948553
            ],
            [
              -74.000275736046,
              40.717627642966
            ]
          ]
        ]
      },
      "id": "nyc-centerline-1368"
    },
    {
      "type": "Feature",
      "properties": {
        "road_id": "nyc-centerline-1369",
        "object_id": 1369,
        "physical_id": 1656,
        "name": "CENTRE ST",
        "street_name": "CENTRE",
        "road_class": "other_four_plus_lane",
        "rw_type": 1,
        "segment_type": null,
        "posted_speed": 25.0,
        "number_total_lanes": 4,
        "number_travel_lanes": 2,
        "status": "2",
        "modified_date": "2024-09-23 14:48:37+00:00"
      },
      "geometry": {
        "type": "MultiLineString",
        "coordinates": [
          [
            [
              -74.001684361471,
              40.715752363203
            ],
            [
              -74.000819725064,
              40.716937948553
            ]
          ]
        ]
      },
      "id": "nyc-centerline-1369"
    },
    {
      "type": "Feature",
      "properties": {
        "road_id": "nyc-centerline-1370",
        "object_id": 1370,
        "physical_id": 1657,
        "name": "CENTRE ST",
        "street_name": "CENTRE",
        "road_class": "other_four_plus_lane",
        "rw_type": 1,
        "segment_type": null,
        "posted_speed": 25.0,
        "number_total_lanes": 4,
        "number_travel_lanes": 2,
        "status": "2",
        "modified_date": "2024-09-23 14:48:37+00:00"
      },
      "geometry": {
        "type": "MultiLineString",
        "coordinates": [
          [
            [
              -74.002115857273,
              40.715167150474
            ],
            [
              -74.001684361471,
              40.715752363203
            ]
          ]
        ]
      },
      "id": "nyc-centerline-1370"
    },
    {
      "type": "Feature",
      "properties": {
        "road_id": "nyc-centerline-1371",
        "object_id": 1371,
        "physical_id": 1658,
        "name": "CENTRE ST",
        "street_name": "CENTRE",
        "road_class": "other_four_plus_lane",
        "rw_type": 1,
        "segment_type": null,
        "posted_speed": 25.0,
        "number_total_lanes": 4,
        "number_travel_lanes": 2,
        "status": "2",
        "modified_date": "2026-08-04 14:35:18+00:00"
      },
      "geometry": {
        "type": "MultiLineString",
        "coordinates": [
          [
            [
              -74.002428585646,
              40.714634951384
            ],
            [
              -74.002115857273,
              40.715167150474
            ]
          ]
        ]
      },
      "id": "nyc-centerline-1371"
    },
    {
      "type": "Feature",
      "properties": {
        "road_id": "nyc-centerline-1372",
        "object_id": 1372,
        "physical_id": 1659,
        "name": "CENTRE ST",
        "street_name": "CENTRE",
        "road_class": "other_four_plus_lane",
        "rw_type": 1,
        "segment_type": null,
        "posted_speed": 25.0,
        "number_total_lanes": 4,
        "number_travel_lanes": 2,
        "status": "2",
        "modified_date": "2026-08-04 14:35:18+00:00"
      },
      "geometry": {
        "type": "MultiLineString",
        "coordinates": [
          [
            [
              -74.002599337363,
              40.714320966783
            ],
            [
              -74.002428585646,
              40.714634951384
            ]
          ]
        ]
      },
      "id": "nyc-centerline-1372"
    },
    {
      "type": "Feature",
      "properties": {
        "road_id": "nyc-centerline-1374",
        "object_id": 1374,
        "physical_id": 1662,
        "name": "CENTRE ST",
        "street_name": "CENTRE",
        "road_class": "other_four_plus_lane",
        "rw_type": 1,
        "segment_type": null,
        "posted_speed": 25.0,
        "number_total_lanes": 4,
        "number_travel_lanes": 2,
        "status": "2",
        "modified_date": "2026-08-04 14:35:18+00:00"
      },
      "geometry": {
        "type": "MultiLineString",
        "coordinates": [
          [
            [
              -74.004060308109,
              40.7131430296
            ],
            [
              -74.003604103927,
              40.713653670389
            ]
          ]
        ]
      },
      "id": "nyc-centerline-1374"
    },
    {
      "type": "Feature",
      "properties": {
        "road_id": "nyc-centerline-1375",
        "object_id": 1375,
        "physical_id": 1663,
        "name": "CENTRE ST",
        "street_name": "CENTRE",
        "road_class": "other_four_plus_lane",
        "rw_type": 1,
        "segment_type": null,
        "posted_speed": 25.0,
        "number_total_lanes": 4,
        "number_travel_lanes": 3,
        "status": "2",
        "modified_date": "2026-08-04 14:35:18+00:00"
      },
      "geometry": {
        "type": "MultiLineString",
        "coordinates": [
          [
            [
              -74.004292439049,
              40.71291606549
            ],
            [
              -74.004215353788,
              40.712988982454
            ],
            [
              -74.004060308109,
              40.7131430296
            ]
          ]
        ]
      },
      "id": "nyc-centerline-1375"
    },
    {
      "type": "Feature",
      "properties": {
        "road_id": "nyc-centerline-1385",
        "object_id": 1385,
        "physical_id": 1675,
        "name": "GRAND ST",
        "street_name": "GRAND",
        "road_class": "other_four_plus_lane",
        "rw_type": 1,
        "segment_type": null,
        "posted_speed": 25.0,
        "number_total_lanes": 4,
        "number_travel_lanes": 2,
        "status": "2",
        "modified_date": "2019-04-15 15:20:33+00:00"
      },
      "geometry": {
        "type": "MultiLineString",
        "coordinates": [
          [
            [
              -73.993829153718,
              40.718152718226
            ],
            [
              -73.99309561854,
              40.717930719388
            ]
          ]
        ]
      },
      "id": "nyc-centerline-1385"
    },
    {
      "type": "Feature",
      "properties": {
        "road_id": "nyc-centerline-1386",
        "object_id": 1386,
        "physical_id": 1676,
        "name": "GRAND ST",
        "street_name": "GRAND",
        "road_class": "other_four_plus_lane",
        "rw_type": 1,
        "segment_type": null,
        "posted_speed": 25.0,
        "number_total_lanes": 4,
        "number_travel_lanes": 2,
        "status": "2",
        "modified_date": "2019-04-15 15:22:35+00:00"
      },
      "geometry": {
        "type": "MultiLineString",
        "coordinates": [
          [
            [
              -73.99309561854,
              40.717930719388
            ],
            [
              -73.99222194026,
              40.717666687898
            ]
          ]
        ]
      },
      "id": "nyc-centerline-1386"
    },
    {
      "type": "Feature",
      "properties": {
        "road_id": "nyc-centerline-1387",
        "object_id": 1387,
        "physical_id": 1677,
        "name": "GRAND ST",
        "street_name": "GRAND",
        "road_class": "other_four_plus_lane",
        "rw_type": 1,
        "segment_type": null,
        "posted_speed": 25.0,
        "number_total_lanes": 4,
        "number_travel_lanes": 2,
        "status": "2",
        "modified_date": "2019-04-15 15:17:36+00:00"
      },
      "geometry": {
        "type": "MultiLineString",
        "coordinates": [
          [
            [
              -73.99222194026,
              40.717666687898
            ],
            [
              -73.991424023186,
              40.717425817034
            ]
          ]
        ]
      },
      "id": "nyc-centerline-1387"
    },
    {
      "type": "Feature",
      "properties": {
        "road_id": "nyc-centerline-1389",
        "object_id": 1389,
        "physical_id": 1679,
        "name": "GRAND ST",
        "street_name": "GRAND",
        "road_class": "other_four_plus_lane",
        "rw_type": 1,
        "segment_type": null,
        "posted_speed": 25.0,
        "number_total_lanes": 4,
        "number_travel_lanes": 2,
        "status": "2",
        "modified_date": "2018-04-19 14:58:16+00:00"
      },
      "geometry": {
        "type": "MultiLineString",
        "coordinates": [
          [
            [
              -73.991177528204,
              40.717351200196
            ],
            [
              -73.990704197019,
              40.717208846014
            ]
          ]
        ]
      },
      "id": "nyc-centerline-1389"
    },
    {
      "type": "Feature",
      "properties": {
        "road_id": "nyc-centerline-14776",
        "object_id": 14776,
        "physical_id": 16570,
        "name": "MADISON ST",
        "street_name": "MADISON",
        "road_class": "other_four_plus_lane",
        "rw_type": 1,
        "segment_type": null,
        "posted_speed": 25.0,
        "number_total_lanes": 4,
        "number_travel_lanes": 4,
        "status": "2",
        "modified_date": "2018-04-19 14:57:11+00:00"
      },
      "geometry": {
        "type": "MultiLineString",
        "coordinates": [
          [
            [
              -73.992538086973,
              40.712465414457
            ],
            [
              -73.992403422794,
              40.712470610717
            ],
            [
              -73.992268771145,
              40.712475797606
            ]
          ]
        ]
      },
      "id": "nyc-centerline-14776"
    },
    {
      "type": "Feature",
      "properties": {
        "road_id": "nyc-centerline-14783",
        "object_id": 14783,
        "physical_id": 16579,
        "name": "MADISON ST",
        "street_name": "MADISON",
        "road_class": "other_four_plus_lane",
        "rw_type": 1,
        "segment_type": null,
        "posted_speed": 25.0,
        "number_total_lanes": 4,
        "number_travel_lanes": 2,
        "status": "2",
        "modified_date": "2018-04-19 14:55:44+00:00"
      },
      "geometry": {
        "type": "MultiLineString",
        "coordinates": [
          [
            [
              -73.993480501651,
              40.712390278845
            ],
            [
              -73.993366003443,
              40.712399232321
            ]
          ]
        ]
      },
      "id": "nyc-centerline-14783"
    },
    {
      "type": "Feature",
      "properties": {
        "road_id": "nyc-centerline-14784",
        "object_id": 14784,
        "physical_id": 16580,
        "name": "MADISON ST",
        "street_name": "MADISON",
        "road_class": "other_four_plus_lane",
        "rw_type": 1,
        "segment_type": null,
        "posted_speed": 25.0,
        "number_total_lanes": 4,
        "number_travel_lanes": 2,
        "status": "2",
        "modified_date": "2020-03-27 12:14:41+00:00"
      },
      "geometry": {
        "type": "MultiLineString",
        "coordinates": [
          [
            [
              -73.993607698454,
              40.712379641812
            ],
            [
              -73.993480501651,
              40.712390278845
            ]
          ]
        ]
      },
      "id": "nyc-centerline-14784"
    },
    {
      "type": "Feature",
      "properties": {
        "road_id": "nyc-centerline-14785",
        "object_id": 14785,
        "physical_id": 16582,
        "name": "MADISON ST",
        "street_name": "MADISON",
        "road_class": "other_four_plus_lane",
        "rw_type": 1,
        "segment_type": null,
        "posted_speed": 25.0,
        "number_total_lanes": 4,
        "number_travel_lanes": 2,
        "status": "2",
        "modified_date": "2018-04-19 14:57:33+00:00"
      },
      "geometry": {
        "type": "MultiLineString",
        "coordinates": [
          [
            [
              -73.99436199067,
              40.712316582329
            ],
            [
              -73.993743759418,
              40.712368267332
            ]
          ]
        ]
      },
      "id": "nyc-centerline-14785"
    },
    {
      "type": "Feature",
      "properties": {
        "road_id": "nyc-centerline-14786",
        "object_id": 14786,
        "physical_id": 16583,
        "name": "MADISON ST",
        "street_name": "MADISON",
        "road_class": "other_four_plus_lane",
        "rw_type": 1,
        "segment_type": null,
        "posted_speed": 25.0,
        "number_total_lanes": 4,
        "number_travel_lanes": 2,
        "status": "2",
        "modified_date": "2018-04-19 14:56:49+00:00"
      },
      "geometry": {
        "type": "MultiLineString",
        "coordinates": [
          [
            [
              -73.996948601589,
              40.712079926704
            ],
            [
              -73.99436199067,
              40.712316582329
            ]
          ]
        ]
      },
      "id": "nyc-centerline-14786"
    },
    {
      "type": "Feature",
      "properties": {
        "road_id": "nyc-centerline-14787",
        "object_id": 14787,
        "physical_id": 16584,
        "name": "MADISON ST",
        "street_name": "MADISON",
        "road_class": "other_four_plus_lane",
        "rw_type": 1,
        "segment_type": null,
        "posted_speed": 25.0,
        "number_total_lanes": 4,
        "number_travel_lanes": 2,
        "status": "2",
        "modified_date": "2018-04-19 15:16:40+00:00"
      },
      "geometry": {
        "type": "MultiLineString",
        "coordinates": [
          [
            [
              -73.997771266942,
              40.711978836635
            ],
            [
              -73.997386891774,
              40.712026069837
            ],
            [
              -73.997235804581,
              40.712044635676
            ],
            [
              -73.996948601589,
              40.712079926704
            ]
          ]
        ]
      },
      "id": "nyc-centerline-14787"
    },
    {
      "type": "Feature",
      "properties": {
        "road_id": "nyc-centerline-14788",
        "object_id": 14788,
        "physical_id": 16585,
        "name": "MADISON ST",
        "street_name": "MADISON",
        "road_class": "other_four_plus_lane",
        "rw_type": 1,
        "segment_type": null,
        "posted_speed": 25.0,
        "number_total_lanes": 4,
        "number_travel_lanes": 2,
        "status": "2",
        "modified_date": "2018-04-19 15:16:40+00:00"
      },
      "geometry": {
        "type": "MultiLineString",
        "coordinates": [
          [
            [
              -73.998679007231,
              40.711886646924
            ],
            [
              -73.998481437478,
              40.711906713055
            ],
            [
              -73.99837394929,
              40.71191762966
            ],
            [
              -73.997888719578,
              40.71196690908
            ],
            [
              -73.997771266942,
              40.711978836635
            ]
          ]
        ]
      },
      "id": "nyc-centerline-14788"
    },
    {
      "type": "Feature",
      "properties": {
        "road_id": "nyc-centerline-14789",
        "object_id": 14789,
        "physical_id": 16586,
        "name": "MADISON ST",
        "street_name": "MADISON",
        "road_class": "other_four_plus_lane",
        "rw_type": 1,
        "segment_type": null,
        "posted_speed": 25.0,
        "number_total_lanes": 4,
        "number_travel_lanes": 4,
        "status": "2",
        "modified_date": "2019-01-03 13:52:55+00:00"
      },
      "geometry": {
        "type": "MultiLineString",
        "coordinates": [
          [
            [
              -73.999702956811,
              40.711788687481
            ],
            [
              -73.999579633384,
              40.711800486362
            ]
          ]
        ]
      },
      "id": "nyc-centerline-14789"
    },
    {
      "type": "Feature",
      "properties": {
        "road_id": "nyc-centerline-14790",
        "object_id": 14790,
        "physical_id": 16587,
        "name": "MADISON ST",
        "street_name": "MADISON",
        "road_class": "other_four_plus_lane",
        "rw_type": 1,
        "segment_type": null,
        "posted_speed": 25.0,
        "number_total_lanes": 4,
        "number_travel_lanes": 2,
        "status": "2",
        "modified_date": "2020-11-13 14:39:37+00:00"
      },
      "geometry": {
        "type": "MultiLineString",
        "coordinates": [
          [
            [
              -74.000874062698,
              40.711705207482
            ],
            [
              -73.999702956811,
              40.711788687481
            ]
          ]
        ]
      },
      "id": "nyc-centerline-14790"
    },
    {
      "type": "Feature",
      "properties": {
        "road_id": "nyc-centerline-14799",
        "object_id": 14799,
        "physical_id": 16600,
        "name": "PIKE ST",
        "street_name": "PIKE",
        "road_class": "other_four_plus_lane",
        "rw_type": 1,
        "segment_type": null,
        "posted_speed": 25.0,
        "number_total_lanes": 4,
        "number_travel_lanes": 3,
        "status": "2",
        "modified_date": "2026-08-04 14:35:18+00:00"
      },
      "geometry": {
        "type": "MultiLineString",
        "coordinates": [
          [
            [
              -73.992469573795,
              40.713865064646
            ],
            [
              -73.992456933233,
              40.713771122733
            ],
            [
              -73.992392866821,
              40.713199050734
            ]
          ]
        ]
      },
      "id": "nyc-centerline-14799"
    },
    {
      "type": "Feature",
      "properties": {
        "road_id": "nyc-centerline-14800",
        "object_id": 14800,
        "physical_id": 16601,
        "name": "PIKE ST",
        "street_name": "PIKE",
        "road_class": "other_four_plus_lane",
        "rw_type": 1,
        "segment_type": null,
        "posted_speed": 25.0,
        "number_total_lanes": 4,
        "number_travel_lanes": 3,
        "status": "2",
        "modified_date": "2026-08-04 14:35:18+00:00"
      },
      "geometry": {
        "type": "MultiLineString",
        "coordinates": [
          [
            [
              -73.992392866821,
              40.713199050734
            ],
            [
              -73.992268771145,
              40.712475797606
            ]
          ]
        ]
      },
      "id": "nyc-centerline-14800"
    },
    {
      "type": "Feature",
      "properties": {
        "road_id": "nyc-centerline-14801",
        "object_id": 14801,
        "physical_id": 16602,
        "name": "PIKE ST",
        "street_name": "PIKE",
        "road_class": "other_four_plus_lane",
        "rw_type": 1,
        "segment_type": null,
        "posted_speed": 25.0,
        "number_total_lanes": 4,
        "number_travel_lanes": 3,
        "status": "2",
        "modified_date": "2026-08-04 14:35:18+00:00"
      },
      "geometry": {
        "type": "MultiLineString",
        "coordinates": [
          [
            [
              -73.992268771145,
              40.712475797606
            ],
            [
              -73.992254989852,
              40.712362566015
            ],
            [
              -73.99224449027,
              40.712276294595
            ],
            [
              -73.992219856301,
              40.712073894674
            ],
            [
              -73.992207074841,
              40.711968875313
            ],
            [
              -73.992173720698,
              40.711784322944
            ]
          ]
        ]
      },
      "id": "nyc-centerline-14801"
    },
    {
      "type": "Feature",
      "properties": {
        "road_id": "nyc-centerline-14802",
        "object_id": 14802,
        "physical_id": 16603,
        "name": "PIKE ST",
        "street_name": "PIKE",
        "road_class": "other_four_plus_lane",
        "rw_type": 1,
        "segment_type": null,
        "posted_speed": 25.0,
        "number_total_lanes": 4,
        "number_travel_lanes": 3,
        "status": "2",
        "modified_date": "2026-08-04 14:35:18+00:00"
      },
      "geometry": {
        "type": "MultiLineString",
        "coordinates": [
          [
            [
              -73.992173720698,
              40.711784322944
            ],
            [
              -73.99216380083,
              40.711714402188
            ],
            [
              -73.992156140947,
              40.711664795575
            ],
            [
              -73.992136799183,
              40.71158385458
            ],
            [
              -73.992023455721,
              40.711109540241
            ],
            [
              -73.992002957715,
              40.711023762632
            ],
            [
              -73.991978044985,
              40.710919505474
            ]
          ]
        ]
      },
      "id": "nyc-centerline-14802"
    },
    {
      "type": "Feature",
      "properties": {
        "road_id": "nyc-centerline-14803",
        "object_id": 14803,
        "physical_id": 16604,
        "name": "PIKE ST",
        "street_name": "PIKE",
        "road_class": "other_four_plus_lane",
        "rw_type": 1,
        "segment_type": null,
        "posted_speed": 25.0,
        "number_total_lanes": 4,
        "number_travel_lanes": 3,
        "status": "2",
        "modified_date": "2024-09-20 09:03:58+00:00"
      },
      "geometry": {
        "type": "MultiLineString",
        "coordinates": [
          [
            [
              -73.992563718156,
              40.714396317705
            ],
            [
              -73.992469573795,
              40.713865064646
            ]
          ]
        ]
      },
      "id": "nyc-centerline-14803"
    },
    {
      "type": "Feature",
      "properties": {
        "road_id": "nyc-centerline-14876",
        "object_id": 14876,
        "physical_id": 16693,
        "name": "CHRYSTIE ST",
        "street_name": "CHRYSTIE",
        "road_class": "other_four_plus_lane",
        "rw_type": 1,
        "segment_type": null,
        "posted_speed": 25.0,
        "number_total_lanes": 5,
        "number_travel_lanes": 3,
        "status": "2",
        "modified_date": "2024-04-10 13:15:28+00:00"
      },
      "geometry": {
        "type": "MultiLineString",
        "coordinates": [
          [
            [
              -73.994456039931,
              40.716983092271
            ],
            [
              -73.993829153718,
              40.718152718226
            ]
          ]
        ]
      },
      "id": "nyc-centerline-14876"
    },
    {
      "type": "Feature",
      "properties": {
        "road_id": "nyc-centerline-14877",
        "object_id": 14877,
        "physical_id": 16695,
        "name": "CHRYSTIE ST",
        "street_name": "CHRYSTIE",
        "road_class": "other_four_plus_lane",
        "rw_type": 1,
        "segment_type": null,
        "posted_speed": 25.0,
        "number_total_lanes": 6,
        "number_travel_lanes": 4,
        "status": "2",
        "modified_date": "2026-08-04 14:35:18+00:00"
      },
      "geometry": {
        "type": "MultiLineString",
        "coordinates": [
          [
            [
              -73.993829153718,
              40.718152718226
            ],
            [
              -73.993360450758,
              40.719078813177
            ]
          ]
        ]
      },
      "id": "nyc-centerline-14877"
    },
    {
      "type": "Feature",
      "properties": {
        "road_id": "nyc-centerline-14878",
        "object_id": 14878,
        "physical_id": 16696,
        "name": "CHRYSTIE ST",
        "street_name": "CHRYSTIE",
        "road_class": "other_four_plus_lane",
        "rw_type": 1,
        "segment_type": null,
        "posted_speed": 25.0,
        "number_total_lanes": 5,
        "number_travel_lanes": 3,
        "status": "2",
        "modified_date": "2025-10-28 13:25:31+00:00"
      },
      "geometry": {
        "type": "MultiLineString",
        "coordinates": [
          [
            [
              -73.993360450758,
              40.719078813177
            ],
            [
              -73.992938851607,
              40.719905023976
            ]
          ]
        ]
      },
      "id": "nyc-centerline-14878"
    },
    {
      "type": "Feature",
      "properties": {
        "road_id": "nyc-centerline-14885",
        "object_id": 14885,
        "physical_id": 16704,
        "name": "MARKET SLIP",
        "street_name": "MARKET",
        "road_class": "other_four_plus_lane",
        "rw_type": 1,
        "segment_type": null,
        "posted_speed": 25.0,
        "number_total_lanes": 4,
        "number_travel_lanes": 2,
        "status": "2",
        "modified_date": "2020-04-14 11:30:59+00:00"
      },
      "geometry": {
        "type": "MultiLineString",
        "coordinates": [
          [
            [
              -73.994144239666,
              40.710566899939
            ],
            [
              -73.99410344126,
              40.710095045187
            ]
          ]
        ]
      },
      "id": "nyc-centerline-14885"
    },
    {
      "type": "Feature",
      "properties": {
        "road_id": "nyc-centerline-14886",
        "object_id": 14886,
        "physical_id": 16705,
        "name": "MARKET SLIP",
        "street_name": "MARKET",
        "road_class": "other_four_plus_lane",
        "rw_type": 1,
        "segment_type": null,
        "posted_speed": 25.0,
        "number_total_lanes": 4,
        "number_travel_lanes": 2,
        "status": "2",
        "modified_date": "2020-04-14 12:43:40+00:00"
      },
      "geometry": {
        "type": "MultiLineString",
        "coordinates": [
          [
            [
              -73.99410344126,
              40.710095045187
            ],
            [
              -73.994023095271,
              40.709493247819
            ]
          ]
        ]
      },
      "id": "nyc-centerline-14886"
    },
    {
      "type": "Feature",
      "properties": {
        "road_id": "nyc-centerline-14889",
        "object_id": 14889,
        "physical_id": 16708,
        "name": "MARKET ST",
        "street_name": "MARKET",
        "road_class": "other_four_plus_lane",
        "rw_type": 1,
        "segment_type": null,
        "posted_speed": 25.0,
        "number_total_lanes": 4,
        "number_travel_lanes": 2,
        "status": "2",
        "modified_date": "2023-01-27 10:14:17+00:00"
      },
      "geometry": {
        "type": "MultiLineString",
        "coordinates": [
          [
            [
              -73.994841785978,
              40.714217591989
            ],
            [
              -73.994545725175,
              40.713689924849
            ]
          ]
        ]
      },
      "id": "nyc-centerline-14889"
    },
    {
      "type": "Feature",
      "properties": {
        "road_id": "nyc-centerline-1505",
        "object_id": 1505,
        "physical_id": 1817,
        "name": "BOWERY",
        "street_name": "BOWERY",
        "road_class": "other_four_plus_lane",
        "rw_type": 1,
        "segment_type": null,
        "posted_speed": 25.0,
        "number_total_lanes": 6,
        "number_travel_lanes": 4,
        "status": "2",
        "modified_date": "2019-04-15 15:22:35+00:00"
      },
      "geometry": {
        "type": "MultiLineString",
        "coordinates": [
          [
            [
              -73.995430056324,
              40.717287484
            ],
            [
              -73.994809087618,
              40.718465667053
            ]
          ]
        ]
      },
      "id": "nyc-centerline-1505"
    },
    {
      "type": "Feature",
      "properties": {
        "road_id": "nyc-centerline-1506",
        "object_id": 1506,
        "physical_id": 1818,
        "name": "BOWERY",
        "street_name": "BOWERY",
        "road_class": "other_four_plus_lane",
        "rw_type": 1,
        "segment_type": null,
        "posted_speed": 25.0,
        "number_total_lanes": 6,
        "number_travel_lanes": 4,
        "status": "2",
        "modified_date": "2019-04-15 15:24:02+00:00"
      },
      "geometry": {
        "type": "MultiLineString",
        "coordinates": [
          [
            [
              -73.995810421115,
              40.716652900019
            ],
            [
              -73.995430056324,
              40.717287484
            ]
          ]
        ]
      },
      "id": "nyc-centerline-1506"
    },
    {
      "type": "Feature",
      "properties": {
        "road_id": "nyc-centerline-1507",
        "object_id": 1507,
        "physical_id": 1819,
        "name": "BOWERY",
        "street_name": "BOWERY",
        "road_class": "other_four_plus_lane",
        "rw_type": 1,
        "segment_type": null,
        "posted_speed": 25.0,
        "number_total_lanes": 6,
        "number_travel_lanes": 4,
        "status": "2",
        "modified_date": "2019-04-15 15:23:10+00:00"
      },
      "geometry": {
        "type": "MultiLineString",
        "coordinates": [
          [
            [
              -73.994809087618,
              40.718465667053
            ],
            [
              -73.994399960578,
              40.719465350344
            ]
          ]
        ]
      },
      "id": "nyc-centerline-1507"
    },
    {
      "type": "Feature",
      "properties": {
        "road_id": "nyc-centerline-1508",
        "object_id": 1508,
        "physical_id": 1833,
        "name": "BOWERY",
        "street_name": "BOWERY",
        "road_class": "other_four_plus_lane",
        "rw_type": 1,
        "segment_type": null,
        "posted_speed": 25.0,
        "number_total_lanes": 6,
        "number_travel_lanes": 4,
        "status": "2",
        "modified_date": "2019-04-15 15:19:39+00:00"
      },
      "geometry": {
        "type": "MultiLineString",
        "coordinates": [
          [
            [
              -73.996060025123,
              40.716239880432
            ],
            [
              -73.995810421115,
              40.716652900019
            ]
          ]
        ]
      },
      "id": "nyc-centerline-1508"
    },
    {
      "type": "Feature",
      "properties": {
        "road_id": "nyc-centerline-1573",
        "object_id": 1573,
        "physical_id": 1906,
        "name": "WATER ST",
        "street_name": "WATER",
        "road_class": "other_four_plus_lane",
        "rw_type": 1,
        "segment_type": null,
        "posted_speed": 25.0,
        "number_total_lanes": 4,
        "number_travel_lanes": 2,
        "status": "2",
        "modified_date": "2020-04-14 12:43:40+00:00"
      },
      "geometry": {
        "type": "MultiLineString",
        "coordinates": [
          [
            [
              -73.996077235653,
              40.709801863829
            ],
            [
              -73.99410344126,
              40.710095045187
            ]
          ]
        ]
      },
      "id": "nyc-centerline-1573"
    },
    {
      "type": "Feature",
      "properties": {
        "road_id": "nyc-centerline-27",
        "object_id": 27,
        "physical_id": 53,
        "name": "BROAD ST",
        "street_name": "BROAD",
        "road_class": "other_four_plus_lane",
        "rw_type": 1,
        "segment_type": null,
        "posted_speed": 25.0,
        "number_total_lanes": 4,
        "number_travel_lanes": 2,
        "status": "2",
        "modified_date": "2022-10-11 09:44:52+00:00"
      },
      "geometry": {
        "type": "MultiLineString",
        "coordinates": [
          [
            [
              -74.010677588554,
              40.707124607514
            ],
            [
              -74.011191244024,
              40.706286965775
            ]
          ]
        ]
      },
      "id": "nyc-centerline-27"
    },
    {
      "type": "Feature",
      "properties": {
        "road_id": "nyc-centerline-3451",
        "object_id": 3451,
        "physical_id": 4146,
        "name": "DELANCEY ST",
        "street_name": "DELANCEY",
        "road_class": "other_four_plus_lane",
        "rw_type": 1,
        "segment_type": null,
        "posted_speed": 25.0,
        "number_total_lanes": 4,
        "number_travel_lanes": 3,
        "status": "2",
        "modified_date": "2024-04-10 13:15:28+00:00"
      },
      "geometry": {
        "type": "MultiLineString",
        "coordinates": [
          [
            [
              -73.992938851607,
              40.719905023976
            ],
            [
              -73.992194174804,
              40.719686746069
            ]
          ]
        ]
      },
      "id": "nyc-centerline-3451"
    },
    {
      "type": "Feature",
      "properties": {
        "road_id": "nyc-centerline-3452",
        "object_id": 3452,
        "physical_id": 4147,
        "name": "DELANCEY ST",
        "street_name": "DELANCEY",
        "road_class": "other_four_plus_lane",
        "rw_type": 1,
        "segment_type": null,
        "posted_speed": 25.0,
        "number_total_lanes": 4,
        "number_travel_lanes": 3,
        "status": "2",
        "modified_date": "2024-04-10 13:15:28+00:00"
      },
      "geometry": {
        "type": "MultiLineString",
        "coordinates": [
          [
            [
              -73.992194174804,
              40.719686746069
            ],
            [
              -73.991326431759,
              40.719410767606
            ]
          ]
        ]
      },
      "id": "nyc-centerline-3452"
    },
    {
      "type": "Feature",
      "properties": {
        "road_id": "nyc-centerline-3453",
        "object_id": 3453,
        "physical_id": 4148,
        "name": "DELANCEY ST",
        "street_name": "DELANCEY",
        "road_class": "other_four_plus_lane",
        "rw_type": 1,
        "segment_type": null,
        "posted_speed": 25.0,
        "number_total_lanes": 4,
        "number_travel_lanes": 3,
        "status": "2",
        "modified_date": "2024-04-10 13:15:28+00:00"
      },
      "geometry": {
        "type": "MultiLineString",
        "coordinates": [
          [
            [
              -73.991326431759,
              40.719410767606
            ],
            [
              -73.990529917279,
              40.719167972526
            ]
          ]
        ]
      },
      "id": "nyc-centerline-3453"
    },
    {
      "type": "Feature",
      "properties": {
        "road_id": "nyc-centerline-3454",
        "object_id": 3454,
        "physical_id": 4149,
        "name": "DELANCEY ST",
        "street_name": "DELANCEY",
        "road_class": "other_four_plus_lane",
        "rw_type": 1,
        "segment_type": null,
        "posted_speed": 25.0,
        "number_total_lanes": 4,
        "number_travel_lanes": 4,
        "status": "2",
        "modified_date": "2020-04-14 12:33:35+00:00"
      },
      "geometry": {
        "type": "MultiLineString",
        "coordinates": [
          [
            [
              -73.990529917279,
              40.719167972526
            ],
            [
              -73.990408537341,
              40.719129177333
            ],
            [
              -73.990287168993,
              40.719090382683
            ]
          ]
        ]
      },
      "id": "nyc-centerline-3454"
    },
    {
      "type": "Feature",
      "properties": {
        "road_id": "nyc-centerline-3470",
        "object_id": 3470,
        "physical_id": 4176,
        "name": "DELANCEY ST",
        "street_name": "DELANCEY",
        "road_class": "other_four_plus_lane",
        "rw_type": 1,
        "segment_type": null,
        "posted_speed": 25.0,
        "number_total_lanes": 5,
        "number_travel_lanes": 4,
        "status": "2",
        "modified_date": "2019-04-15 15:23:10+00:00"
      },
      "geometry": {
        "type": "MultiLineString",
        "coordinates": [
          [
            [
              -73.992119355454,
              40.719840521065
            ],
            [
              -73.991244578771,
              40.719570458054
            ]
          ]
        ]
      },
      "id": "nyc-centerline-3470"
    },
    {
      "type": "Feature",
      "properties": {
        "road_id": "nyc-centerline-3471",
        "object_id": 3471,
        "physical_id": 4177,
        "name": "DELANCEY ST",
        "street_name": "DELANCEY",
        "road_class": "other_four_plus_lane",
        "rw_type": 1,
        "segment_type": null,
        "posted_speed": 25.0,
        "number_total_lanes": 5,
        "number_travel_lanes": 4,
        "status": "2",
        "modified_date": "2019-04-15 15:26:05+00:00"
      },
      "geometry": {
        "type": "MultiLineString",
        "coordinates": [
          [
            [
              -73.991244578771,
              40.719570458054
            ],
            [
              -73.990437422943,
              40.719326094316
            ]
          ]
        ]
      },
      "id": "nyc-centerline-3471"
    },
    {
      "type": "Feature",
      "properties": {
        "road_id": "nyc-centerline-3472",
        "object_id": 3472,
        "physical_id": 4178,
        "name": "DELANCEY ST",
        "street_name": "DELANCEY",
        "road_class": "other_four_plus_lane",
        "rw_type": 1,
        "segment_type": null,
        "posted_speed": 25.0,
        "number_total_lanes": 4,
        "number_travel_lanes": 4,
        "status": "2",
        "modified_date": "2019-04-15 15:25:12+00:00"
      },
      "geometry": {
        "type": "MultiLineString",
        "coordinates": [
          [
            [
              -73.990437422943,
              40.719326094316
            ],
            [
              -73.990324422128,
              40.71928860577
            ],
            [
              -73.990211421441,
              40.719251108235
            ]
          ]
        ]
      },
      "id": "nyc-centerline-3472"
    },
    {
      "type": "Feature",
      "properties": {
        "road_id": "nyc-centerline-3527",
        "object_id": 3527,
        "physical_id": 4245,
        "name": "HENRY ST",
        "street_name": "HENRY",
        "road_class": "other_four_plus_lane",
        "rw_type": 1,
        "segment_type": null,
        "posted_speed": 25.0,
        "number_total_lanes": 4,
        "number_travel_lanes": 2,
        "status": "2",
        "modified_date": "2024-04-10 13:15:28+00:00"
      },
      "geometry": {
        "type": "MultiLineString",
        "coordinates": [
          [
            [
              -73.99361514473,
              40.713099519805
            ],
            [
              -73.992623913999,
              40.713176823374
            ]
          ]
        ]
      },
      "id": "nyc-centerline-3527"
    },
    {
      "type": "Feature",
      "properties": {
        "road_id": "nyc-centerline-3534",
        "object_id": 3534,
        "physical_id": 4254,
        "name": "HENRY ST",
        "street_name": "HENRY",
        "road_class": "other_four_plus_lane",
        "rw_type": 1,
        "segment_type": null,
        "posted_speed": 25.0,
        "number_total_lanes": 4,
        "number_travel_lanes": 2,
        "status": "2",
        "modified_date": "2024-04-10 13:15:28+00:00"
      },
      "geometry": {
        "type": "MultiLineString",
        "coordinates": [
          [
            [
              -73.993842261654,
              40.713084691794
            ],
            [
              -73.993707205854,
              40.713093509481
            ]
          ]
        ]
      },
      "id": "nyc-centerline-3534"
    },
    {
      "type": "Feature",
      "properties": {
        "road_id": "nyc-centerline-3535",
        "object_id": 3535,
        "physical_id": 4255,
        "name": "HENRY ST",
        "street_name": "HENRY",
        "road_class": "other_four_plus_lane",
        "rw_type": 1,
        "segment_type": null,
        "posted_speed": 25.0,
        "number_total_lanes": 4,
        "number_travel_lanes": 2,
        "status": "2",
        "modified_date": "2024-04-10 13:15:28+00:00"
      },
      "geometry": {
        "type": "MultiLineString",
        "coordinates": [
          [
            [
              -73.994002158961,
              40.713070471998
            ],
            [
              -73.993842261654,
              40.713084691794
            ]
          ]
        ]
      },
      "id": "nyc-centerline-3535"
    },
    {
      "type": "Feature",
      "properties": {
        "road_id": "nyc-centerline-3536",
        "object_id": 3536,
        "physical_id": 4257,
        "name": "HENRY ST",
        "street_name": "HENRY",
        "road_class": "other_four_plus_lane",
        "rw_type": 1,
        "segment_type": null,
        "posted_speed": 25.0,
        "number_total_lanes": 4,
        "number_travel_lanes": 2,
        "status": "2",
        "modified_date": "2024-04-10 13:15:28+00:00"
      },
      "geometry": {
        "type": "MultiLineString",
        "coordinates": [
          [
            [
              -73.99446100899,
              40.713029665972
            ],
            [
              -73.994119735156,
              40.713060014493
            ]
          ]
        ]
      },
      "id": "nyc-centerline-3536"
    },
    {
      "type": "Feature",
      "properties": {
        "road_id": "nyc-centerline-3537",
        "object_id": 3537,
        "physical_id": 4258,
        "name": "HENRY ST",
        "street_name": "HENRY",
        "road_class": "other_four_plus_lane",
        "rw_type": 1,
        "segment_type": null,
        "posted_speed": 25.0,
        "number_total_lanes": 4,
        "number_travel_lanes": 2,
        "status": "2",
        "modified_date": "2024-04-10 13:15:28+00:00"
      },
      "geometry": {
        "type": "MultiLineString",
        "coordinates": [
          [
            [
              -73.997118487219,
              40.712807976464
            ],
            [
              -73.99446100899,
              40.713029665972
            ]
          ]
        ]
      },
      "id": "nyc-centerline-3537"
    },
    {
      "type": "Feature",
      "properties": {
        "road_id": "nyc-centerline-3538",
        "object_id": 3538,
        "physical_id": 4259,
        "name": "HENRY ST",
        "street_name": "HENRY",
        "road_class": "other_four_plus_lane",
        "rw_type": 1,
        "segment_type": null,
        "posted_speed": 25.0,
        "number_total_lanes": 4,
        "number_travel_lanes": 2,
        "status": "2",
        "modified_date": "2024-04-10 13:15:28+00:00"
      },
      "geometry": {
        "type": "MultiLineString",
        "coordinates": [
          [
            [
              -73.997986152365,
              40.712735960798
            ],
            [
              -73.997118487219,
              40.712807976464
            ]
          ]
        ]
      },
      "id": "nyc-centerline-3538"
    },
    {
      "type": "Feature",
      "properties": {
        "road_id": "nyc-centerline-3556",
        "object_id": 3556,
        "physical_id": 4278,
        "name": "FORSYTH ST",
        "street_name": "FORSYTH",
        "road_class": "other_four_plus_lane",
        "rw_type": 1,
        "segment_type": null,
        "posted_speed": 25.0,
        "number_total_lanes": 4,
        "number_travel_lanes": 4,
        "status": "2",
        "modified_date": "2017-04-11 09:37:03+00:00"
      },
      "geometry": {
        "type": "MultiLineString",
        "coordinates": [
          [
            [
              -73.992194174804,
              40.719686746069
            ],
            [
              -73.992161724764,
              40.719757847953
            ],
            [
              -73.992119355454,
              40.719840521065
            ]
          ]
        ]
      },
      "id": "nyc-centerline-3556"
    },
    {
      "type": "Feature",
      "properties": {
        "road_id": "nyc-centerline-3561",
        "object_id": 3561,
        "physical_id": 4283,
        "name": "FORSYTH ST",
        "street_name": "FORSYTH",
        "road_class": "other_four_plus_lane",
        "rw_type": 1,
        "segment_type": null,
        "posted_speed": 25.0,
        "number_total_lanes": 4,
        "number_travel_lanes": 2,
        "status": "2",
        "modified_date": "2020-09-15 11:27:10+00:00"
      },
      "geometry": {
        "type": "MultiLineString",
        "coordinates": [
          [
            [
              -73.994141688171,
              40.714277172474
            ],
            [
              -73.994550310023,
              40.715040879737
            ],
            [
              -73.994273302279,
              40.715629104813
            ]
          ]
        ]
      },
      "id": "nyc-centerline-3561"
    },
    {
      "type": "Feature",
      "properties": {
        "road_id": "nyc-centerline-368",
        "object_id": 368,
        "physical_id": 480,
        "name": "GREENWICH ST",
        "street_name": "GREENWICH",
        "road_class": "other_four_plus_lane",
        "rw_type": 1,
        "segment_type": null,
        "posted_speed": 25.0,
        "number_total_lanes": 4,
        "number_travel_lanes": 2,
        "status": "2",
        "modified_date": "2017-03-17 09:54:07+00:00"
      },
      "geometry": {
        "type": "MultiLineString",
        "coordinates": [
          [
            [
              -74.010527526303,
              40.718122820518
            ],
            [
              -74.010402569697,
              40.718810271858
            ]
          ]
        ]
      },
      "id": "nyc-centerline-368"
    },
    {
      "type": "Feature",
      "properties": {
        "road_id": "nyc-centerline-369",
        "object_id": 369,
        "physical_id": 481,
        "name": "GREENWICH ST",
        "street_name": "GREENWICH",
        "road_class": "other_four_plus_lane",
        "rw_type": 1,
        "segment_type": null,
        "posted_speed": 25.0,
        "number_total_lanes": 4,
        "number_travel_lanes": 2,
        "status": "2",
        "modified_date": "2017-03-17 10:05:32+00:00"
      },
      "geometry": {
        "type": "MultiLineString",
        "coordinates": [
          [
            [
              -74.010694195963,
              40.717478202071
            ],
            [
              -74.010527526303,
              40.718122820518
            ]
          ]
        ]
      },
      "id": "nyc-centerline-369"
    },
    {
      "type": "Feature",
      "properties": {
        "road_id": "nyc-centerline-370",
        "object_id": 370,
        "physical_id": 482,
        "name": "GREENWICH ST",
        "street_name": "GREENWICH",
        "road_class": "other_four_plus_lane",
        "rw_type": 1,
        "segment_type": null,
        "posted_speed": 25.0,
        "number_total_lanes": 4,
        "number_travel_lanes": 2,
        "status": "2",
        "modified_date": "2017-03-17 09:56:14+00:00"
      },
      "geometry": {
        "type": "MultiLineString",
        "coordinates": [
          [
            [
              -74.010834899862,
              40.71693351524
            ],
            [
              -74.010694195963,
              40.717478202071
            ]
          ]
        ]
      },
      "id": "nyc-centerline-370"
    },
    {
      "type": "Feature",
      "properties": {
        "road_id": "nyc-centerline-371",
        "object_id": 371,
        "physical_id": 483,
        "name": "GREENWICH ST",
        "street_name": "GREENWICH",
        "road_class": "other_four_plus_lane",
        "rw_type": 1,
        "segment_type": null,
        "posted_speed": 25.0,
        "number_total_lanes": 4,
        "number_travel_lanes": 2,
        "status": "2",
        "modified_date": "2018-04-19 14:57:33+00:00"
      },
      "geometry": {
        "type": "MultiLineString",
        "coordinates": [
          [
            [
              -74.010968439623,
              40.71631124063
            ],
            [
              -74.010834899862,
              40.71693351524
            ]
          ]
        ]
      },
      "id": "nyc-centerline-371"
    },
    {
      "type": "Feature",
      "properties": {
        "road_id": "nyc-centerline-372",
        "object_id": 372,
        "physical_id": 484,
        "name": "GREENWICH ST",
        "street_name": "GREENWICH",
        "road_class": "other_four_plus_lane",
        "rw_type": 1,
        "segment_type": null,
        "posted_speed": 25.0,
        "number_total_lanes": 4,
        "number_travel_lanes": 2,
        "status": "2",
        "modified_date": "2017-12-21 10:25:33+00:00"
      },
      "geometry": {
        "type": "MultiLineString",
        "coordinates": [
          [
            [
              -74.011119752673,
              40.715601636663
            ],
            [
              -74.010968439623,
              40.71631124063
            ]
          ]
        ]
      },
      "id": "nyc-centerline-372"
    },
    {
      "type": "Feature",
      "properties": {
        "road_id": "nyc-centerline-374",
        "object_id": 374,
        "physical_id": 486,
        "name": "GREENWICH ST",
        "street_name": "GREENWICH",
        "road_class": "other_four_plus_lane",
        "rw_type": 1,
        "segment_type": null,
        "posted_speed": 25.0,
        "number_total_lanes": 4,
        "number_travel_lanes": 2,
        "status": "2",
        "modified_date": "2017-03-17 10:01:44+00:00"
      },
      "geometry": {
        "type": "MultiLineString",
        "coordinates": [
          [
            [
              -74.011528198668,
              40.714302111041
            ],
            [
              -74.011361284634,
              40.71493040968
            ]
          ]
        ]
      },
      "id": "nyc-centerline-374"
    },
    {
      "type": "Feature",
      "properties": {
        "road_id": "nyc-centerline-375",
        "object_id": 375,
        "physical_id": 487,
        "name": "GREENWICH ST",
        "street_name": "GREENWICH",
        "road_class": "other_four_plus_lane",
        "rw_type": 1,
        "segment_type": null,
        "posted_speed": 25.0,
        "number_total_lanes": 4,
        "number_travel_lanes": 2,
        "status": "2",
        "modified_date": "2020-01-10 11:11:54+00:00"
      },
      "geometry": {
        "type": "MultiLineString",
        "coordinates": [
          [
            [
              -74.011716505197,
              40.713666031319
            ],
            [
              -74.011528198668,
              40.714302111041
            ]
          ]
        ]
      },
      "id": "nyc-centerline-375"
    },
    {
      "type": "Feature",
      "properties": {
        "road_id": "nyc-centerline-378",
        "object_id": 378,
        "physical_id": 490,
        "name": "BROADWAY",
        "street_name": "BROADWAY",
        "road_class": "major",
        "rw_type": 1,
        "segment_type": null,
        "posted_speed": 25.0,
        "number_total_lanes": 4,
        "number_travel_lanes": 2,
        "status": "2",
        "modified_date": "2022-05-02 16:20:19+00:00"
      },
      "geometry": {
        "type": "MultiLineString",
        "coordinates": [
          [
            [
              -74.011013286745,
              40.708602260775
            ],
            [
              -74.010847683648,
              40.708805783215
            ]
          ]
        ]
      },
      "id": "nyc-centerline-378"
    },
    {
      "type": "Feature",
      "properties": {
        "road_id": "nyc-centerline-379",
        "object_id": 379,
        "physical_id": 491,
        "name": "BROADWAY",
        "street_name": "BROADWAY",
        "road_class": "major",
        "rw_type": 1,
        "segment_type": null,
        "posted_speed": 25.0,
        "number_total_lanes": 4,
        "number_travel_lanes": 2,
        "status": "2",
        "modified_date": "2022-05-02 16:20:19+00:00"
      },
      "geometry": {
        "type": "MultiLineString",
        "coordinates": [
          [
            [
              -74.011249651756,
              40.7083129399
            ],
            [
              -74.011013286745,
              40.708602260775
            ]
          ]
        ]
      },
      "id": "nyc-centerline-379"
    },
    {
      "type": "Feature",
      "properties": {
        "road_id": "nyc-centerline-380",
        "object_id": 380,
        "physical_id": 492,
        "name": "BROADWAY",
        "street_name": "BROADWAY",
        "road_class": "major",
        "rw_type": 1,
        "segment_type": null,
        "posted_speed": 25.0,
        "number_total_lanes": 4,
        "number_travel_lanes": 2,
        "status": "2",
        "modified_date": "2022-05-02 16:20:19+00:00"
      },
      "geometry": {
        "type": "MultiLineString",
        "coordinates": [
          [
            [
              -74.010847683648,
              40.708805783215
            ],
            [
              -74.010543766684,
              40.709162386989
            ]
          ]
        ]
      },
      "id": "nyc-centerline-380"
    },
    {
      "type": "Feature",
      "properties": {
        "road_id": "nyc-centerline-381",
        "object_id": 381,
        "physical_id": 493,
        "name": "BROADWAY",
        "street_name": "BROADWAY",
        "road_class": "major",
        "rw_type": 1,
        "segment_type": null,
        "posted_speed": 25.0,
        "number_total_lanes": 4,
        "number_travel_lanes": 2,
        "status": "2",
        "modified_date": "2022-05-02 16:20:19+00:00"
      },
      "geometry": {
        "type": "MultiLineString",
        "coordinates": [
          [
            [
              -74.010543766684,
              40.709162386989
            ],
            [
              -74.00998869368,
              40.709813911083
            ]
          ]
        ]
      },
      "id": "nyc-centerline-381"
    },
    {
      "type": "Feature",
      "properties": {
        "road_id": "nyc-centerline-382",
        "object_id": 382,
        "physical_id": 494,
        "name": "BROADWAY",
        "street_name": "BROADWAY",
        "road_class": "major",
        "rw_type": 1,
        "segment_type": null,
        "posted_speed": 25.0,
        "number_total_lanes": 4,
        "number_travel_lanes": 2,
        "status": "2",
        "modified_date": "2022-05-02 16:20:19+00:00"
      },
      "geometry": {
        "type": "MultiLineString",
        "coordinates": [
          [
            [
              -74.00998869368,
              40.709813911083
            ],
            [
              -74.009544074258,
              40.710335732103
            ]
          ]
        ]
      },
      "id": "nyc-centerline-382"
    },
    {
      "type": "Feature",
      "properties": {
        "road_id": "nyc-centerline-384",
        "object_id": 384,
        "physical_id": 496,
        "name": "BROADWAY",
        "street_name": "BROADWAY",
        "road_class": "major",
        "rw_type": 1,
        "segment_type": null,
        "posted_speed": 25.0,
        "number_total_lanes": 4,
        "number_travel_lanes": 2,
        "status": "2",
        "modified_date": "2022-05-02 16:20:19+00:00"
      },
      "geometry": {
        "type": "MultiLineString",
        "coordinates": [
          [
            [
              -74.009474880771,
              40.710420782258
            ],
            [
              -74.009063949461,
              40.710894942857
            ]
          ]
        ]
      },
      "id": "nyc-centerline-384"
    },
    {
      "type": "Feature",
      "properties": {
        "road_id": "nyc-centerline-385",
        "object_id": 385,
        "physical_id": 497,
        "name": "BROADWAY",
        "street_name": "BROADWAY",
        "road_class": "major",
        "rw_type": 1,
        "segment_type": null,
        "posted_speed": 25.0,
        "number_total_lanes": 5,
        "number_travel_lanes": 4,
        "status": "2",
        "modified_date": "2026-08-14 09:59:09+00:00"
      },
      "geometry": {
        "type": "MultiLineString",
        "coordinates": [
          [
            [
              -74.009063949461,
              40.710894942857
            ],
            [
              -74.008602155465,
              40.711400479061
            ]
          ]
        ]
      },
      "id": "nyc-centerline-385"
    },
    {
      "type": "Feature",
      "properties": {
        "road_id": "nyc-centerline-386",
        "object_id": 386,
        "physical_id": 499,
        "name": "BROADWAY",
        "street_name": "BROADWAY",
        "road_class": "major",
        "rw_type": 1,
        "segment_type": null,
        "posted_speed": 25.0,
        "number_total_lanes": 5,
        "number_travel_lanes": 4,
        "status": "2",
        "modified_date": "2019-04-15 15:17:53+00:00"
      },
      "geometry": {
        "type": "MultiLineString",
        "coordinates": [
          [
            [
              -74.008101120099,
              40.712002643384
            ],
            [
              -74.007667005288,
              40.712540881615
            ]
          ]
        ]
      },
      "id": "nyc-centerline-386"
    },
    {
      "type": "Feature",
      "properties": {
        "road_id": "nyc-centerline-387",
        "object_id": 387,
        "physical_id": 500,
        "name": "BROADWAY",
        "street_name": "BROADWAY",
        "road_class": "major",
        "rw_type": 1,
        "segment_type": null,
        "posted_speed": 25.0,
        "number_total_lanes": 5,
        "number_travel_lanes": 4,
        "status": "2",
        "modified_date": "2019-09-05 17:12:05+00:00"
      },
      "geometry": {
        "type": "MultiLineString",
        "coordinates": [
          [
            [
              -74.007667005288,
              40.712540881615
            ],
            [
              -74.007225804396,
              40.713063512303
            ]
          ]
        ]
      },
      "id": "nyc-centerline-387"
    },
    {
      "type": "Feature",
      "properties": {
        "road_id": "nyc-centerline-388",
        "object_id": 388,
        "physical_id": 502,
        "name": "BROADWAY",
        "street_name": "BROADWAY",
        "road_class": "major",
        "rw_type": 1,
        "segment_type": null,
        "posted_speed": 25.0,
        "number_total_lanes": 5,
        "number_travel_lanes": 4,
        "status": "2",
        "modified_date": "2019-04-15 15:23:45+00:00"
      },
      "geometry": {
        "type": "MultiLineString",
        "coordinates": [
          [
            [
              -74.006783249847,
              40.713614392088
            ],
            [
              -74.006310996849,
              40.714174066594
            ]
          ]
        ]
      },
      "id": "nyc-centerline-388"
    },
    {
      "type": "Feature",
      "properties": {
        "road_id": "nyc-centerline-389",
        "object_id": 389,
        "physical_id": 503,
        "name": "BROADWAY",
        "street_name": "BROADWAY",
        "road_class": "major",
        "rw_type": 1,
        "segment_type": null,
        "posted_speed": 25.0,
        "number_total_lanes": 4,
        "number_travel_lanes": 2,
        "status": "2",
        "modified_date": "2019-04-15 15:25:13+00:00"
      },
      "geometry": {
        "type": "MultiLineString",
        "coordinates": [
          [
            [
              -74.006310996849,
              40.714174066594
            ],
            [
              -74.005889798112,
              40.714685525278
            ]
          ]
        ]
      },
      "id": "nyc-centerline-389"
    },
    {
      "type": "Feature",
      "properties": {
        "road_id": "nyc-centerline-390",
        "object_id": 390,
        "physical_id": 504,
        "name": "BROADWAY",
        "street_name": "BROADWAY",
        "road_class": "major",
        "rw_type": 1,
        "segment_type": null,
        "posted_speed": 25.0,
        "number_total_lanes": 4,
        "number_travel_lanes": 2,
        "status": "2",
        "modified_date": "2019-04-15 15:17:53+00:00"
      },
      "geometry": {
        "type": "MultiLineString",
        "coordinates": [
          [
            [
              -74.005889798112,
              40.714685525278
            ],
            [
              -74.005420784733,
              40.715244296769
            ]
          ]
        ]
      },
      "id": "nyc-centerline-390"
    },
    {
      "type": "Feature",
      "properties": {
        "road_id": "nyc-centerline-391",
        "object_id": 391,
        "physical_id": 505,
        "name": "BROADWAY",
        "street_name": "BROADWAY",
        "road_class": "major",
        "rw_type": 1,
        "segment_type": null,
        "posted_speed": 25.0,
        "number_total_lanes": 4,
        "number_travel_lanes": 2,
        "status": "2",
        "modified_date": "2026-05-12 15:45:27+00:00"
      },
      "geometry": {
        "type": "MultiLineString",
        "coordinates": [
          [
            [
              -74.005420784733,
              40.715244296769
            ],
            [
              -74.004977429487,
              40.715768179727
            ]
          ]
        ]
      },
      "id": "nyc-centerline-391"
    },
    {
      "type": "Feature",
      "properties": {
        "road_id": "nyc-centerline-392",
        "object_id": 392,
        "physical_id": 506,
        "name": "BROADWAY",
        "street_name": "BROADWAY",
        "road_class": "major",
        "rw_type": 1,
        "segment_type": null,
        "posted_speed": 25.0,
        "number_total_lanes": 4,
        "number_travel_lanes": 2,
        "status": "2",
        "modified_date": "2019-04-15 15:22:53+00:00"
      },
      "geometry": {
        "type": "MultiLineString",
        "coordinates": [
          [
            [
              -74.004977429487,
              40.715768179727
            ],
            [
              -74.004534801506,
              40.716288153013
            ]
          ]
        ]
      },
      "id": "nyc-centerline-392"
    },
    {
      "type": "Feature",
      "properties": {
        "road_id": "nyc-centerline-393",
        "object_id": 393,
        "physical_id": 507,
        "name": "BROADWAY",
        "street_name": "BROADWAY",
        "road_class": "major",
        "rw_type": 1,
        "segment_type": null,
        "posted_speed": 25.0,
        "number_total_lanes": 4,
        "number_travel_lanes": 2,
        "status": "2",
        "modified_date": "2019-04-15 15:21:43+00:00"
      },
      "geometry": {
        "type": "MultiLineString",
        "coordinates": [
          [
            [
              -74.004534801506,
              40.716288153013
            ],
            [
              -74.004199527464,
              40.716678689738
            ]
          ]
        ]
      },
      "id": "nyc-centerline-393"
    },
    {
      "type": "Feature",
      "properties": {
        "road_id": "nyc-centerline-394",
        "object_id": 394,
        "physical_id": 508,
        "name": "BROADWAY",
        "street_name": "BROADWAY",
        "road_class": "major",
        "rw_type": 1,
        "segment_type": null,
        "posted_speed": 25.0,
        "number_total_lanes": 4,
        "number_travel_lanes": 2,
        "status": "2",
        "modified_date": "2019-04-15 15:19:03+00:00"
      },
      "geometry": {
        "type": "MultiLineString",
        "coordinates": [
          [
            [
              -74.004199527464,
              40.716678689738
            ],
            [
              -74.00402732647,
              40.716879257767
            ]
          ]
        ]
      },
      "id": "nyc-centerline-394"
    },
    {
      "type": "Feature",
      "properties": {
        "road_id": "nyc-centerline-395",
        "object_id": 395,
        "physical_id": 509,
        "name": "BROADWAY",
        "street_name": "BROADWAY",
        "road_class": "major",
        "rw_type": 1,
        "segment_type": null,
        "posted_speed": 25.0,
        "number_total_lanes": 4,
        "number_travel_lanes": 2,
        "status": "2",
        "modified_date": "2024-04-08 09:04:07+00:00"
      },
      "geometry": {
        "type": "MultiLineString",
        "coordinates": [
          [
            [
              -74.00402732647,
              40.716879257767
            ],
            [
              -74.003536106624,
              40.717455193362
            ]
          ]
        ]
      },
      "id": "nyc-centerline-395"
    },
    {
      "type": "Feature",
      "properties": {
        "road_id": "nyc-centerline-396",
        "object_id": 396,
        "physical_id": 511,
        "name": "BROADWAY",
        "street_name": "BROADWAY",
        "road_class": "major",
        "rw_type": 1,
        "segment_type": null,
        "posted_speed": 25.0,
        "number_total_lanes": 4,
        "number_travel_lanes": 2,
        "status": "2",
        "modified_date": "2019-04-15 15:24:55+00:00"
      },
      "geometry": {
        "type": "MultiLineString",
        "coordinates": [
          [
            [
              -74.003046634579,
              40.718034056983
            ],
            [
              -74.002539287118,
              40.718635124058
            ]
          ]
        ]
      },
      "id": "nyc-centerline-396"
    },
    {
      "type": "Feature",
      "properties": {
        "road_id": "nyc-centerline-397",
        "object_id": 397,
        "physical_id": 512,
        "name": "BROADWAY",
        "street_name": "BROADWAY",
        "road_class": "major",
        "rw_type": 1,
        "segment_type": null,
        "posted_speed": 25.0,
        "number_total_lanes": 4,
        "number_travel_lanes": 2,
        "status": "2",
        "modified_date": "2019-04-15 15:17:36+00:00"
      },
      "geometry": {
        "type": "MultiLineString",
        "coordinates": [
          [
            [
              -74.002539287118,
              40.718635124058
            ],
            [
              -74.002092916471,
              40.719161633949
            ]
          ]
        ]
      },
      "id": "nyc-centerline-397"
    },
    {
      "type": "Feature",
      "properties": {
        "road_id": "nyc-centerline-398",
        "object_id": 398,
        "physical_id": 513,
        "name": "BROADWAY",
        "street_name": "BROADWAY",
        "road_class": "major",
        "rw_type": 1,
        "segment_type": null,
        "posted_speed": 25.0,
        "number_total_lanes": 4,
        "number_travel_lanes": 2,
        "status": "2",
        "modified_date": "2019-04-15 15:23:27+00:00"
      },
      "geometry": {
        "type": "MultiLineString",
        "coordinates": [
          [
            [
              -74.002092916471,
              40.719161633949
            ],
            [
              -74.001885362827,
              40.71940581094
            ]
          ]
        ]
      },
      "id": "nyc-centerline-398"
    },
    {
      "type": "Feature",
      "properties": {
        "road_id": "nyc-centerline-417",
        "object_id": 417,
        "physical_id": 535,
        "name": "BROADWAY",
        "street_name": "BROADWAY",
        "road_class": "major",
        "rw_type": 1,
        "segment_type": null,
        "posted_speed": 25.0,
        "number_total_lanes": 4,
        "number_travel_lanes": 2,
        "status": "2",
        "modified_date": "2022-05-02 16:20:19+00:00"
      },
      "geometry": {
        "type": "MultiLineString",
        "coordinates": [
          [
            [
              -74.011703801392,
              40.707763951687
            ],
            [
              -74.011249651756,
              40.7083129399
            ]
          ]
        ]
      },
      "id": "nyc-centerline-417"
    },
    {
      "type": "Feature",
      "properties": {
        "road_id": "nyc-centerline-418",
        "object_id": 418,
        "physical_id": 536,
        "name": "BROADWAY",
        "street_name": "BROADWAY",
        "road_class": "major",
        "rw_type": 1,
        "segment_type": null,
        "posted_speed": 25.0,
        "number_total_lanes": 4,
        "number_travel_lanes": 2,
        "status": "2",
        "modified_date": "2022-05-02 16:20:19+00:00"
      },
      "geometry": {
        "type": "MultiLineString",
        "coordinates": [
          [
            [
              -74.0119482164,
              40.707459769877
            ],
            [
              -74.011703801392,
              40.707763951687
            ]
          ]
        ]
      },
      "id": "nyc-centerline-418"
    },
    {
      "type": "Feature",
      "properties": {
        "road_id": "nyc-centerline-419",
        "object_id": 419,
        "physical_id": 537,
        "name": "BROADWAY",
        "street_name": "BROADWAY",
        "road_class": "major",
        "rw_type": 1,
        "segment_type": null,
        "posted_speed": 25.0,
        "number_total_lanes": 4,
        "number_travel_lanes": 2,
        "status": "2",
        "modified_date": "2022-11-21 13:44:11+00:00"
      },
      "geometry": {
        "type": "MultiLineString",
        "coordinates": [
          [
            [
              -74.012509042812,
              40.706775303859
            ],
            [
              -74.0119482164,
              40.707459769877
            ]
          ]
        ]
      },
      "id": "nyc-centerline-419"
    },
    {
      "type": "Feature",
      "properties": {
        "road_id": "nyc-centerline-425",
        "object_id": 425,
        "physical_id": 544,
        "name": "W  BROADWAY",
        "street_name": "BROADWAY",
        "road_class": "major",
        "rw_type": 1,
        "segment_type": null,
        "posted_speed": 25.0,
        "number_total_lanes": 4,
        "number_travel_lanes": 2,
        "status": "2",
        "modified_date": "2024-09-23 14:48:37+00:00"
      },
      "geometry": {
        "type": "MultiLineString",
        "coordinates": [
          [
            [
              -74.011000673025,
              40.713337760974
            ],
            [
              -74.010561847621,
              40.713854515092
            ]
          ]
        ]
      },
      "id": "nyc-centerline-425"
    },
    {
      "type": "Feature",
      "properties": {
        "road_id": "nyc-centerline-426",
        "object_id": 426,
        "physical_id": 545,
        "name": "W  BROADWAY",
        "street_name": "BROADWAY",
        "road_class": "major",
        "rw_type": 1,
        "segment_type": null,
        "posted_speed": 25.0,
        "number_total_lanes": 5,
        "number_travel_lanes": 3,
        "status": "2",
        "modified_date": "2017-07-18 16:05:07+00:00"
      },
      "geometry": {
        "type": "MultiLineString",
        "coordinates": [
          [
            [
              -74.011680431648,
              40.712788786616
            ],
            [
              -74.011000673025,
              40.713337760974
            ]
          ]
        ]
      },
      "id": "nyc-centerline-426"
    },
    {
      "type": "Feature",
      "properties": {
        "road_id": "nyc-centerline-427",
        "object_id": 427,
        "physical_id": 547,
        "name": "W  BROADWAY",
        "street_name": "BROADWAY",
        "road_class": "major",
        "rw_type": 1,
        "segment_type": null,
        "posted_speed": 25.0,
        "number_total_lanes": 5,
        "number_travel_lanes": 3,
        "status": "2",
        "modified_date": "2024-09-23 14:48:37+00:00"
      },
      "geometry": {
        "type": "MultiLineString",
        "coordinates": [
          [
            [
              -74.010129409007,
              40.714391006138
            ],
            [
              -74.009691054948,
              40.714959233162
            ]
          ]
        ]
      },
      "id": "nyc-centerline-427"
    },
    {
      "type": "Feature",
      "properties": {
        "road_id": "nyc-centerline-428",
        "object_id": 428,
        "physical_id": 548,
        "name": "W  BROADWAY",
        "street_name": "BROADWAY",
        "road_class": "major",
        "rw_type": 1,
        "segment_type": null,
        "posted_speed": 25.0,
        "number_total_lanes": 5,
        "number_travel_lanes": 3,
        "status": "2",
        "modified_date": "2025-10-28 13:25:31+00:00"
      },
      "geometry": {
        "type": "MultiLineString",
        "coordinates": [
          [
            [
              -74.009691054948,
              40.714959233162
            ],
            [
              -74.009240376263,
              40.715528408001
            ]
          ]
        ]
      },
      "id": "nyc-centerline-428"
    },
    {
      "type": "Feature",
      "properties": {
        "road_id": "nyc-centerline-429",
        "object_id": 429,
        "physical_id": 550,
        "name": "W  BROADWAY",
        "street_name": "BROADWAY",
        "road_class": "major",
        "rw_type": 1,
        "segment_type": null,
        "posted_speed": 25.0,
        "number_total_lanes": 4,
        "number_travel_lanes": 2,
        "status": "2",
        "modified_date": "2026-08-04 14:35:18+00:00"
      },
      "geometry": {
        "type": "MultiLineString",
        "coordinates": [
          [
            [
              -74.008824585536,
              40.716022063926
            ],
            [
              -74.008379614082,
              40.716595731465
            ]
          ]
        ]
      },
      "id": "nyc-centerline-429"
    },
    {
      "type": "Feature",
      "properties": {
        "road_id": "nyc-centerline-430",
        "object_id": 430,
        "physical_id": 551,
        "name": "W  BROADWAY",
        "street_name": "BROADWAY",
        "road_class": "major",
        "rw_type": 1,
        "segment_type": null,
        "posted_speed": 25.0,
        "number_total_lanes": 4,
        "number_travel_lanes": 2,
        "status": "2",
        "modified_date": "2025-10-28 13:25:31+00:00"
      },
      "geometry": {
        "type": "MultiLineString",
        "coordinates": [
          [
            [
              -74.008379614082,
              40.716595731465
            ],
            [
              -74.007958335697,
              40.71713054729
            ]
          ]
        ]
      },
      "id": "nyc-centerline-430"
    },
    {
      "type": "Feature",
      "properties": {
        "road_id": "nyc-centerline-431",
        "object_id": 431,
        "physical_id": 552,
        "name": "W  BROADWAY",
        "street_name": "BROADWAY",
        "road_class": "major",
        "rw_type": 1,
        "segment_type": null,
        "posted_speed": 25.0,
        "number_total_lanes": 4,
        "number_travel_lanes": 2,
        "status": "2",
        "modified_date": "2026-08-04 14:35:18+00:00"
      },
      "geometry": {
        "type": "MultiLineString",
        "coordinates": [
          [
            [
              -74.007958335697,
              40.71713054729
            ],
            [
              -74.007537241031,
              40.717669476987
            ]
          ]
        ]
      },
      "id": "nyc-centerline-431"
    },
    {
      "type": "Feature",
      "properties": {
        "road_id": "nyc-centerline-434",
        "object_id": 434,
        "physical_id": 556,
        "name": "W  BROADWAY",
        "street_name": "BROADWAY",
        "road_class": "major",
        "rw_type": 1,
        "segment_type": null,
        "posted_speed": 25.0,
        "number_total_lanes": 4,
        "number_travel_lanes": 2,
        "status": "2",
        "modified_date": "2025-10-28 13:25:31+00:00"
      },
      "geometry": {
        "type": "MultiLineString",
        "coordinates": [
          [
            [
              -74.006594914221,
              40.718870419076
            ],
            [
              -74.006433250645,
              40.719090234019
            ]
          ]
        ]
      },
      "id": "nyc-centerline-434"
    },
    {
      "type": "Feature",
      "properties": {
        "road_id": "nyc-centerline-435",
        "object_id": 435,
        "physical_id": 557,
        "name": "W  BROADWAY",
        "street_name": "BROADWAY",
        "road_class": "major",
        "rw_type": 1,
        "segment_type": null,
        "posted_speed": 25.0,
        "number_total_lanes": 4,
        "number_travel_lanes": 2,
        "status": "2",
        "modified_date": "2026-08-04 14:35:18+00:00"
      },
      "geometry": {
        "type": "MultiLineString",
        "coordinates": [
          [
            [
              -74.006433250645,
              40.719090234019
            ],
            [
              -74.006135868486,
              40.719454038
            ]
          ]
        ]
      },
      "id": "nyc-centerline-435"
    },
    {
      "type": "Feature",
      "properties": {
        "road_id": "nyc-centerline-436",
        "object_id": 436,
        "physical_id": 558,
        "name": "W  BROADWAY",
        "street_name": "BROADWAY",
        "road_class": "major",
        "rw_type": 1,
        "segment_type": null,
        "posted_speed": 25.0,
        "number_total_lanes": 4,
        "number_travel_lanes": 2,
        "status": "2",
        "modified_date": "2025-10-28 13:25:31+00:00"
      },
      "geometry": {
        "type": "MultiLineString",
        "coordinates": [
          [
            [
              -74.006135868486,
              40.719454038
            ],
            [
              -74.005940957621,
              40.719702246954
            ]
          ]
        ]
      },
      "id": "nyc-centerline-436"
    },
    {
      "type": "Feature",
      "properties": {
        "road_id": "nyc-centerline-45",
        "object_id": 45,
        "physical_id": 75,
        "name": "TRINITY PL",
        "street_name": "TRINITY",
        "road_class": "other_four_plus_lane",
        "rw_type": 1,
        "segment_type": null,
        "posted_speed": 25.0,
        "number_total_lanes": 4,
        "number_travel_lanes": 2,
        "status": "2",
        "modified_date": "2022-10-11 09:44:52+00:00"
      },
      "geometry": {
        "type": "MultiLineString",
        "coordinates": [
          [
            [
              -74.013520157365,
              40.706951509306
            ],
            [
              -74.013374457728,
              40.707154690997
            ]
          ]
        ]
      },
      "id": "nyc-centerline-45"
    },
    {
      "type": "Feature",
      "properties": {
        "road_id": "nyc-centerline-46",
        "object_id": 46,
        "physical_id": 76,
        "name": "TRINITY PL",
        "street_name": "TRINITY",
        "road_class": "other_four_plus_lane",
        "rw_type": 1,
        "segment_type": null,
        "posted_speed": 25.0,
        "number_total_lanes": 4,
        "number_travel_lanes": 2,
        "status": "2",
        "modified_date": "2022-10-11 09:44:52+00:00"
      },
      "geometry": {
        "type": "MultiLineString",
        "coordinates": [
          [
            [
              -74.013374457728,
              40.707154690997
            ],
            [
              -74.012962646873,
              40.707778559337
            ]
          ]
        ]
      },
      "id": "nyc-centerline-46"
    },
    {
      "type": "Feature",
      "properties": {
        "road_id": "nyc-centerline-465",
        "object_id": 465,
        "physical_id": 589,
        "name": "HUDSON ST",
        "street_name": "HUDSON",
        "road_class": "other_four_plus_lane",
        "rw_type": 1,
        "segment_type": null,
        "posted_speed": 25.0,
        "number_total_lanes": 4,
        "number_travel_lanes": 2,
        "status": "2",
        "modified_date": "2017-03-17 09:34:51+00:00"
      },
      "geometry": {
        "type": "MultiLineString",
        "coordinates": [
          [
            [
              -74.00920670344,
              40.716196192972
            ],
            [
              -74.00911667968,
              40.716928846591
            ]
          ]
        ]
      },
      "id": "nyc-centerline-465"
    },
    {
      "type": "Feature",
      "properties": {
        "road_id": "nyc-centerline-466",
        "object_id": 466,
        "physical_id": 590,
        "name": "HUDSON ST",
        "street_name": "HUDSON",
        "road_class": "other_four_plus_lane",
        "rw_type": 1,
        "segment_type": null,
        "posted_speed": 25.0,
        "number_total_lanes": 4,
        "number_travel_lanes": 2,
        "status": "2",
        "modified_date": "2017-03-17 09:42:32+00:00"
      },
      "geometry": {
        "type": "MultiLineString",
        "coordinates": [
          [
            [
              -74.00911667968,
              40.716928846591
            ],
            [
              -74.009064841046,
              40.717272818091
            ]
          ]
        ]
      },
      "id": "nyc-centerline-466"
    },
    {
      "type": "Feature",
      "properties": {
        "road_id": "nyc-centerline-467",
        "object_id": 467,
        "physical_id": 591,
        "name": "HUDSON ST",
        "street_name": "HUDSON",
        "road_class": "other_four_plus_lane",
        "rw_type": 1,
        "segment_type": null,
        "posted_speed": 25.0,
        "number_total_lanes": 5,
        "number_travel_lanes": 3,
        "status": "2",
        "modified_date": "2017-03-17 09:47:30+00:00"
      },
      "geometry": {
        "type": "MultiLineString",
        "coordinates": [
          [
            [
              -74.009064841046,
              40.717272818091
            ],
            [
              -74.009001496918,
              40.717605633999
            ]
          ]
        ]
      },
      "id": "nyc-centerline-467"
    },
    {
      "type": "Feature",
      "properties": {
        "road_id": "nyc-centerline-468",
        "object_id": 468,
        "physical_id": 592,
        "name": "HUDSON ST",
        "street_name": "HUDSON",
        "road_class": "other_four_plus_lane",
        "rw_type": 1,
        "segment_type": null,
        "posted_speed": 25.0,
        "number_total_lanes": 5,
        "number_travel_lanes": 3,
        "status": "2",
        "modified_date": "2017-03-17 09:51:32+00:00"
      },
      "geometry": {
        "type": "MultiLineString",
        "coordinates": [
          [
            [
              -74.009001496918,
              40.717605633999
            ],
            [
              -74.008943737175,
              40.717933081862
            ]
          ]
        ]
      },
      "id": "nyc-centerline-468"
    },
    {
      "type": "Feature",
      "properties": {
        "road_id": "nyc-centerline-469",
        "object_id": 469,
        "physical_id": 594,
        "name": "HUDSON ST",
        "street_name": "HUDSON",
        "road_class": "other_four_plus_lane",
        "rw_type": 1,
        "segment_type": null,
        "posted_speed": 25.0,
        "number_total_lanes": 5,
        "number_travel_lanes": 3,
        "status": "2",
        "modified_date": "2019-04-15 15:24:55+00:00"
      },
      "geometry": {
        "type": "MultiLineString",
        "coordinates": [
          [
            [
              -74.008884356891,
              40.718274604912
            ],
            [
              -74.00882100435,
              40.718649339249
            ]
          ]
        ]
      },
      "id": "nyc-centerline-469"
    },
    {
      "type": "Feature",
      "properties": {
        "road_id": "nyc-centerline-47",
        "object_id": 47,
        "physical_id": 77,
        "name": "TRINITY PL",
        "street_name": "TRINITY",
        "road_class": "other_four_plus_lane",
        "rw_type": 1,
        "segment_type": null,
        "posted_speed": 25.0,
        "number_total_lanes": 4,
        "number_travel_lanes": 3,
        "status": "2",
        "modified_date": "2022-10-11 09:44:52+00:00"
      },
      "geometry": {
        "type": "MultiLineString",
        "coordinates": [
          [
            [
              -74.012962646873,
              40.707778559337
            ],
            [
              -74.012145631413,
              40.709000884259
            ]
          ]
        ]
      },
      "id": "nyc-centerline-47"
    },
    {
      "type": "Feature",
      "properties": {
        "road_id": "nyc-centerline-470",
        "object_id": 470,
        "physical_id": 595,
        "name": "HUDSON ST",
        "street_name": "HUDSON",
        "road_class": "other_four_plus_lane",
        "rw_type": 1,
        "segment_type": null,
        "posted_speed": 25.0,
        "number_total_lanes": 5,
        "number_travel_lanes": 3,
        "status": "2",
        "modified_date": "2019-04-15 15:25:48+00:00"
      },
      "geometry": {
        "type": "MultiLineString",
        "coordinates": [
          [
            [
              -74.00882100435,
              40.718649339249
            ],
            [
              -74.008748586331,
              40.719037176162
            ]
          ]
        ]
      },
      "id": "nyc-centerline-470"
    },
    {
      "type": "Feature",
      "properties": {
        "road_id": "nyc-centerline-471",
        "object_id": 471,
        "physical_id": 596,
        "name": "HUDSON ST",
        "street_name": "HUDSON",
        "road_class": "other_four_plus_lane",
        "rw_type": 1,
        "segment_type": null,
        "posted_speed": 25.0,
        "number_total_lanes": 5,
        "number_travel_lanes": 3,
        "status": "2",
        "modified_date": "2019-04-15 15:21:43+00:00"
      },
      "geometry": {
        "type": "MultiLineString",
        "coordinates": [
          [
            [
              -74.008748586331,
              40.719037176162
            ],
            [
              -74.008700675646,
              40.719304316273
            ]
          ]
        ]
      },
      "id": "nyc-centerline-471"
    },
    {
      "type": "Feature",
      "properties": {
        "road_id": "nyc-centerline-472",
        "object_id": 472,
        "physical_id": 597,
        "name": "HUDSON ST",
        "street_name": "HUDSON",
        "road_class": "other_four_plus_lane",
        "rw_type": 1,
        "segment_type": null,
        "posted_speed": 25.0,
        "number_total_lanes": 5,
        "number_travel_lanes": 3,
        "status": "2",
        "modified_date": "2019-04-15 15:25:30+00:00"
      },
      "geometry": {
        "type": "MultiLineString",
        "coordinates": [
          [
            [
              -74.008700675646,
              40.719304316273
            ],
            [
              -74.008585020127,
              40.719960175464
            ]
          ]
        ]
      },
      "id": "nyc-centerline-472"
    },
    {
      "type": "Feature",
      "properties": {
        "road_id": "nyc-centerline-48",
        "object_id": 48,
        "physical_id": 78,
        "name": "TRINITY PL",
        "street_name": "TRINITY",
        "road_class": "other_four_plus_lane",
        "rw_type": 1,
        "segment_type": null,
        "posted_speed": 25.0,
        "number_total_lanes": 4,
        "number_travel_lanes": 3,
        "status": "2",
        "modified_date": "2019-04-15 15:22:53+00:00"
      },
      "geometry": {
        "type": "MultiLineString",
        "coordinates": [
          [
            [
              -74.012145631413,
              40.709000884259
            ],
            [
              -74.012088489999,
              40.709086357733
            ]
          ]
        ]
      },
      "id": "nyc-centerline-48"
    },
    {
      "type": "Feature",
      "properties": {
        "road_id": "nyc-centerline-49",
        "object_id": 49,
        "physical_id": 79,
        "name": "TRINITY PL",
        "street_name": "TRINITY",
        "road_class": "other_four_plus_lane",
        "rw_type": 1,
        "segment_type": null,
        "posted_speed": 25.0,
        "number_total_lanes": 4,
        "number_travel_lanes": 3,
        "status": "2",
        "modified_date": "2019-04-15 15:20:51+00:00"
      },
      "geometry": {
        "type": "MultiLineString",
        "coordinates": [
          [
            [
              -74.012088489999,
              40.709086357733
            ],
            [
              -74.011936229636,
              40.709314122162
            ]
          ]
        ]
      },
      "id": "nyc-centerline-49"
    },
    {
      "type": "Feature",
      "properties": {
        "road_id": "nyc-centerline-50",
        "object_id": 50,
        "physical_id": 80,
        "name": "TRINITY PL",
        "street_name": "TRINITY",
        "road_class": "other_four_plus_lane",
        "rw_type": 1,
        "segment_type": null,
        "posted_speed": 25.0,
        "number_total_lanes": 4,
        "number_travel_lanes": 3,
        "status": "2",
        "modified_date": "2021-04-15 11:41:54+00:00"
      },
      "geometry": {
        "type": "MultiLineString",
        "coordinates": [
          [
            [
              -74.011936229636,
              40.709314122162
            ],
            [
              -74.011686766037,
              40.709700982008
            ]
          ]
        ]
      },
      "id": "nyc-centerline-50"
    },
    {
      "type": "Feature",
      "properties": {
        "road_id": "nyc-centerline-537",
        "object_id": 537,
        "physical_id": 665,
        "name": "CANAL ST",
        "street_name": "CANAL",
        "road_class": "other_four_plus_lane",
        "rw_type": 1,
        "segment_type": null,
        "posted_speed": 25.0,
        "number_total_lanes": 7,
        "number_travel_lanes": 5,
        "status": "2",
        "modified_date": "2025-02-27 08:55:34+00:00"
      },
      "geometry": {
        "type": "MultiLineString",
        "coordinates": [
          [
            [
              -74.001885362827,
              40.71940581094
            ],
            [
              -74.00260131909,
              40.719911667059
            ]
          ]
        ]
      },
      "id": "nyc-centerline-537"
    },
    {
      "type": "Feature",
      "properties": {
        "road_id": "nyc-centerline-538",
        "object_id": 538,
        "physical_id": 667,
        "name": "CANAL ST",
        "street_name": "CANAL",
        "road_class": "other_four_plus_lane",
        "rw_type": 1,
        "segment_type": null,
        "posted_speed": 25.0,
        "number_total_lanes": 6,
        "number_travel_lanes": 5,
        "status": "2",
        "modified_date": "2019-04-15 15:20:33+00:00"
      },
      "geometry": {
        "type": "MultiLineString",
        "coordinates": [
          [
            [
              -74.000533254455,
              40.718438479521
            ],
            [
              -74.001274033574,
              40.71896966653
            ]
          ]
        ]
      },
      "id": "nyc-centerline-538"
    },
    {
      "type": "Feature",
      "properties": {
        "road_id": "nyc-centerline-539",
        "object_id": 539,
        "physical_id": 668,
        "name": "CANAL ST",
        "street_name": "CANAL",
        "road_class": "other_four_plus_lane",
        "rw_type": 1,
        "segment_type": null,
        "posted_speed": 25.0,
        "number_total_lanes": 6,
        "number_travel_lanes": 5,
        "status": "2",
        "modified_date": "2022-09-20 09:25:52+00:00"
      },
      "geometry": {
        "type": "MultiLineString",
        "coordinates": [
          [
            [
              -73.99995750768,
              40.718025335531
            ],
            [
              -74.000533254455,
              40.718438479521
            ]
          ]
        ]
      },
      "id": "nyc-centerline-539"
    },
    {
      "type": "Feature",
      "properties": {
        "road_id": "nyc-centerline-540",
        "object_id": 540,
        "physical_id": 669,
        "name": "CANAL ST",
        "street_name": "CANAL",
        "road_class": "other_four_plus_lane",
        "rw_type": 1,
        "segment_type": null,
        "posted_speed": 25.0,
        "number_total_lanes": 6,
        "number_travel_lanes": 5,
        "status": "2",
        "modified_date": "2022-09-20 09:25:52+00:00"
      },
      "geometry": {
        "type": "MultiLineString",
        "coordinates": [
          [
            [
              -73.999313715802,
              40.717558482151
            ],
            [
              -73.99995750768,
              40.718025335531
            ]
          ]
        ]
      },
      "id": "nyc-centerline-540"
    },
    {
      "type": "Feature",
      "properties": {
        "road_id": "nyc-centerline-541",
        "object_id": 541,
        "physical_id": 670,
        "name": "CANAL ST",
        "street_name": "CANAL",
        "road_class": "other_four_plus_lane",
        "rw_type": 1,
        "segment_type": null,
        "posted_speed": 25.0,
        "number_total_lanes": 6,
        "number_travel_lanes": 5,
        "status": "2",
        "modified_date": "2022-09-20 09:25:52+00:00"
      },
      "geometry": {
        "type": "MultiLineString",
        "coordinates": [
          [
            [
              -73.998590554222,
              40.717107751846
            ],
            [
              -73.999313715802,
              40.717558482151
            ]
          ]
        ]
      },
      "id": "nyc-centerline-541"
    },
    {
      "type": "Feature",
      "properties": {
        "road_id": "nyc-centerline-542",
        "object_id": 542,
        "physical_id": 671,
        "name": "CANAL ST",
        "street_name": "CANAL",
        "road_class": "other_four_plus_lane",
        "rw_type": 1,
        "segment_type": null,
        "posted_speed": 25.0,
        "number_total_lanes": 6,
        "number_travel_lanes": 4,
        "status": "2",
        "modified_date": "2022-09-20 09:25:52+00:00"
      },
      "geometry": {
        "type": "MultiLineString",
        "coordinates": [
          [
            [
              -73.997764158178,
              40.716822168904
            ],
            [
              -73.998590554222,
              40.717107751846
            ]
          ]
        ]
      },
      "id": "nyc-centerline-542"
    },
    {
      "type": "Feature",
      "properties": {
        "road_id": "nyc-centerline-543",
        "object_id": 543,
        "physical_id": 672,
        "name": "CANAL ST",
        "street_name": "CANAL",
        "road_class": "other_four_plus_lane",
        "rw_type": 1,
        "segment_type": null,
        "posted_speed": 25.0,
        "number_total_lanes": 6,
        "number_travel_lanes": 4,
        "status": "2",
        "modified_date": "2022-09-20 09:28:04+00:00"
      },
      "geometry": {
        "type": "MultiLineString",
        "coordinates": [
          [
            [
              -73.996985050809,
              40.716548783424
            ],
            [
              -73.997764158178,
              40.716822168904
            ]
          ]
        ]
      },
      "id": "nyc-centerline-543"
    },
    {
      "type": "Feature",
      "properties": {
        "road_id": "nyc-centerline-544",
        "object_id": 544,
        "physical_id": 673,
        "name": "CANAL ST",
        "street_name": "CANAL",
        "road_class": "other_four_plus_lane",
        "rw_type": 1,
        "segment_type": null,
        "posted_speed": 25.0,
        "number_total_lanes": 6,
        "number_travel_lanes": 4,
        "status": "2",
        "modified_date": "2022-09-20 09:28:04+00:00"
      },
      "geometry": {
        "type": "MultiLineString",
        "coordinates": [
          [
            [
              -73.996060025123,
              40.716239880432
            ],
            [
              -73.996985050809,
              40.716548783424
            ]
          ]
        ]
      },
      "id": "nyc-centerline-544"
    },
    {
      "type": "Feature",
      "properties": {
        "road_id": "nyc-centerline-547",
        "object_id": 547,
        "physical_id": 678,
        "name": "CANAL ST",
        "street_name": "CANAL",
        "road_class": "other_four_plus_lane",
        "rw_type": 1,
        "segment_type": null,
        "posted_speed": 25.0,
        "number_total_lanes": 4,
        "number_travel_lanes": 2,
        "status": "2",
        "modified_date": "2020-09-15 11:27:10+00:00"
      },
      "geometry": {
        "type": "MultiLineString",
        "coordinates": [
          [
            [
              -73.99340202954,
              40.715362994763
            ],
            [
              -73.994273302279,
              40.715629104813
            ]
          ]
        ]
      },
      "id": "nyc-centerline-547"
    },
    {
      "type": "Feature",
      "properties": {
        "road_id": "nyc-centerline-548",
        "object_id": 548,
        "physical_id": 679,
        "name": "CANAL ST",
        "street_name": "CANAL",
        "road_class": "other_four_plus_lane",
        "rw_type": 1,
        "segment_type": null,
        "posted_speed": 25.0,
        "number_total_lanes": 4,
        "number_travel_lanes": 2,
        "status": "2",
        "modified_date": "2018-04-19 14:56:28+00:00"
      },
      "geometry": {
        "type": "MultiLineString",
        "coordinates": [
          [
            [
              -73.992600455059,
              40.715121348411
            ],
            [
              -73.99340202954,
              40.715362994763
            ]
          ]
        ]
      },
      "id": "nyc-centerline-548"
    },
    {
      "type": "Feature",
      "properties": {
        "road_id": "nyc-centerline-550",
        "object_id": 550,
        "physical_id": 681,
        "name": "CANAL ST",
        "street_name": "CANAL",
        "road_class": "other_four_plus_lane",
        "rw_type": 1,
        "segment_type": null,
        "posted_speed": 25.0,
        "number_total_lanes": 4,
        "number_travel_lanes": 2,
        "status": "2",
        "modified_date": "2018-04-19 14:55:22+00:00"
      },
      "geometry": {
        "type": "MultiLineString",
        "coordinates": [
          [
            [
              -73.99189115966,
              40.714906907203
            ],
            [
              -73.992383884922,
              40.715055966115
            ]
          ]
        ]
      },
      "id": "nyc-centerline-550"
    },
    {
      "type": "Feature",
      "properties": {
        "road_id": "nyc-centerline-551",
        "object_id": 551,
        "physical_id": 682,
        "name": "CANAL ST",
        "street_name": "CANAL",
        "road_class": "other_four_plus_lane",
        "rw_type": 1,
        "segment_type": null,
        "posted_speed": 25.0,
        "number_total_lanes": 4,
        "number_travel_lanes": 2,
        "status": "2",
        "modified_date": "2018-04-19 14:56:06+00:00"
      },
      "geometry": {
        "type": "MultiLineString",
        "coordinates": [
          [
            [
              -73.991134116699,
              40.714676870072
            ],
            [
              -73.99189115966,
              40.714906907203
            ]
          ]
        ]
      },
      "id": "nyc-centerline-551"
    },
    {
      "type": "Feature",
      "properties": {
        "road_id": "nyc-centerline-552",
        "object_id": 552,
        "physical_id": 683,
        "name": "CANAL ST",
        "street_name": "CANAL",
        "road_class": "other_four_plus_lane",
        "rw_type": 1,
        "segment_type": null,
        "posted_speed": 25.0,
        "number_total_lanes": 4,
        "number_travel_lanes": 2,
        "status": "2",
        "modified_date": "2018-04-19 14:56:49+00:00"
      },
      "geometry": {
        "type": "MultiLineString",
        "coordinates": [
          [
            [
              -73.990756449606,
              40.714562313086
            ],
            [
              -73.991134116699,
              40.714676870072
            ]
          ]
        ]
      },
      "id": "nyc-centerline-552"
    },
    {
      "type": "Feature",
      "properties": {
        "road_id": "nyc-centerline-553",
        "object_id": 553,
        "physical_id": 684,
        "name": "CANAL ST",
        "street_name": "CANAL",
        "road_class": "other_four_plus_lane",
        "rw_type": 1,
        "segment_type": null,
        "posted_speed": 25.0,
        "number_total_lanes": 4,
        "number_travel_lanes": 2,
        "status": "2",
        "modified_date": "2018-04-19 14:57:33+00:00"
      },
      "geometry": {
        "type": "MultiLineString",
        "coordinates": [
          [
            [
              -73.990221422397,
              40.714413180456
            ],
            [
              -73.990756449606,
              40.714562313086
            ]
          ]
        ]
      },
      "id": "nyc-centerline-553"
    },
    {
      "type": "Feature",
      "properties": {
        "road_id": "nyc-centerline-594",
        "object_id": 594,
        "physical_id": 733,
        "name": "VARICK ST",
        "street_name": "VARICK",
        "road_class": "other_four_plus_lane",
        "rw_type": 1,
        "segment_type": null,
        "posted_speed": 25.0,
        "number_total_lanes": 5,
        "number_travel_lanes": 3,
        "status": "2",
        "modified_date": "2026-08-04 14:35:18+00:00"
      },
      "geometry": {
        "type": "MultiLineString",
        "coordinates": [
          [
            [
              -74.006937639446,
              40.719134896528
            ],
            [
              -74.006809739663,
              40.719785738934
            ]
          ]
        ]
      },
      "id": "nyc-centerline-594"
    },
    {
      "type": "Feature",
      "properties": {
        "road_id": "nyc-centerline-609",
        "object_id": 609,
        "physical_id": 750,
        "name": "MAIDEN LN",
        "street_name": "MAIDEN",
        "road_class": "other_four_plus_lane",
        "rw_type": 1,
        "segment_type": null,
        "posted_speed": 25.0,
        "number_total_lanes": 4,
        "number_travel_lanes": 2,
        "status": "2",
        "modified_date": "2020-08-28 20:49:50+00:00"
      },
      "geometry": {
        "type": "MultiLineString",
        "coordinates": [
          [
            [
              -74.006782289487,
              40.706732046048
            ],
            [
              -74.006021694986,
              40.706150601175
            ]
          ]
        ]
      },
      "id": "nyc-centerline-609"
    },
    {
      "type": "Feature",
      "properties": {
        "road_id": "nyc-centerline-610",
        "object_id": 610,
        "physical_id": 751,
        "name": "MAIDEN LN",
        "street_name": "MAIDEN",
        "road_class": "other_four_plus_lane",
        "rw_type": 1,
        "segment_type": null,
        "posted_speed": 25.0,
        "number_total_lanes": 4,
        "number_travel_lanes": 2,
        "status": "2",
        "modified_date": "2020-08-28 20:49:50+00:00"
      },
      "geometry": {
        "type": "MultiLineString",
        "coordinates": [
          [
            [
              -74.006021694986,
              40.706150601175
            ],
            [
              -74.00552391141,
              40.70579925505
            ]
          ]
        ]
      },
      "id": "nyc-centerline-610"
    },
    {
      "type": "Feature",
      "properties": {
        "road_id": "nyc-centerline-611",
        "object_id": 611,
        "physical_id": 752,
        "name": "MAIDEN LN",
        "street_name": "MAIDEN",
        "road_class": "other_four_plus_lane",
        "rw_type": 1,
        "segment_type": null,
        "posted_speed": 25.0,
        "number_total_lanes": 4,
        "number_travel_lanes": 2,
        "status": "2",
        "modified_date": "2020-08-28 20:49:50+00:00"
      },
      "geometry": {
        "type": "MultiLineString",
        "coordinates": [
          [
            [
              -74.00552391141,
              40.70579925505
            ],
            [
              -74.004750062691,
              40.70523945975
            ]
          ]
        ]
      },
      "id": "nyc-centerline-611"
    },
    {
      "type": "Feature",
      "properties": {
        "road_id": "nyc-centerline-61299",
        "object_id": 61299,
        "physical_id": 67430,
        "name": "ALLEN ST",
        "street_name": "ALLEN",
        "road_class": "other_four_plus_lane",
        "rw_type": 1,
        "segment_type": null,
        "posted_speed": 25.0,
        "number_total_lanes": 4,
        "number_travel_lanes": 3,
        "status": "2",
        "modified_date": "2025-10-28 13:25:31+00:00"
      },
      "geometry": {
        "type": "MultiLineString",
        "coordinates": [
          [
            [
              -73.992902598682,
              40.714572137356
            ],
            [
              -73.992600455059,
              40.715121348411
            ]
          ]
        ]
      },
      "id": "nyc-centerline-61299"
    },
    {
      "type": "Feature",
      "properties": {
        "road_id": "nyc-centerline-61301",
        "object_id": 61301,
        "physical_id": 67432,
        "name": "ALLEN ST",
        "street_name": "ALLEN",
        "road_class": "other_four_plus_lane",
        "rw_type": 1,
        "segment_type": null,
        "posted_speed": 25.0,
        "number_total_lanes": 4,
        "number_travel_lanes": 3,
        "status": "2",
        "modified_date": "2025-10-28 13:25:31+00:00"
      },
      "geometry": {
        "type": "MultiLineString",
        "coordinates": [
          [
            [
              -73.992600455059,
              40.715121348411
            ],
            [
              -73.992014874478,
              40.716243750297
            ]
          ]
        ]
      },
      "id": "nyc-centerline-61301"
    },
    {
      "type": "Feature",
      "properties": {
        "road_id": "nyc-centerline-61317",
        "object_id": 61317,
        "physical_id": 67450,
        "name": "ALLEN ST",
        "street_name": "ALLEN",
        "road_class": "other_four_plus_lane",
        "rw_type": 1,
        "segment_type": null,
        "posted_speed": 25.0,
        "number_total_lanes": 4,
        "number_travel_lanes": 3,
        "status": "2",
        "modified_date": "2026-08-04 14:35:18+00:00"
      },
      "geometry": {
        "type": "MultiLineString",
        "coordinates": [
          [
            [
              -73.992563718156,
              40.714396317705
            ],
            [
              -73.992574837214,
              40.714660015403
            ],
            [
              -73.992383884922,
              40.715055966115
            ]
          ]
        ]
      },
      "id": "nyc-centerline-61317"
    },
    {
      "type": "Feature",
      "properties": {
        "road_id": "nyc-centerline-62206",
        "object_id": 62206,
        "physical_id": 68496,
        "name": "CHERRY ST",
        "street_name": "CHERRY",
        "road_class": "other_four_plus_lane",
        "rw_type": 1,
        "segment_type": null,
        "posted_speed": 25.0,
        "number_total_lanes": 4,
        "number_travel_lanes": 2,
        "status": "2",
        "modified_date": "2020-04-14 15:21:37+00:00"
      },
      "geometry": {
        "type": "MultiLineString",
        "coordinates": [
          [
            [
              -73.996212327612,
              40.710242898573
            ],
            [
              -73.995875931133,
              40.710295242909
            ],
            [
              -73.995152483912,
              40.710407819213
            ],
            [
              -73.994674670919,
              40.710483209909
            ],
            [
              -73.994144239666,
              40.710566899939
            ]
          ]
        ]
      },
      "id": "nyc-centerline-62206"
    },
    {
      "type": "Feature",
      "properties": {
        "road_id": "nyc-centerline-62803",
        "object_id": 62803,
        "physical_id": 69116,
        "name": "E  BROADWAY",
        "street_name": "BROADWAY",
        "road_class": "major",
        "rw_type": 1,
        "segment_type": null,
        "posted_speed": 25.0,
        "number_total_lanes": 4,
        "number_travel_lanes": 4,
        "status": "2",
        "modified_date": "2018-04-19 14:56:28+00:00"
      },
      "geometry": {
        "type": "MultiLineString",
        "coordinates": [
          [
            [
              -73.992723960016,
              40.713852644969
            ],
            [
              -73.992469573795,
              40.713865064646
            ]
          ]
        ]
      },
      "id": "nyc-centerline-62803"
    },
    {
      "type": "Feature",
      "properties": {
        "road_id": "nyc-centerline-62804",
        "object_id": 62804,
        "physical_id": 69117,
        "name": "E  BROADWAY",
        "street_name": "BROADWAY",
        "road_class": "major",
        "rw_type": 1,
        "segment_type": null,
        "posted_speed": 25.0,
        "number_total_lanes": 4,
        "number_travel_lanes": 4,
        "status": "2",
        "modified_date": "2018-04-19 14:56:49+00:00"
      },
      "geometry": {
        "type": "MultiLineString",
        "coordinates": [
          [
            [
              -73.992944925733,
              40.713838836235
            ],
            [
              -73.992723960016,
              40.713852644969
            ]
          ]
        ]
      },
      "id": "nyc-centerline-62804"
    },
    {
      "type": "Feature",
      "properties": {
        "road_id": "nyc-centerline-62805",
        "object_id": 62805,
        "physical_id": 69118,
        "name": "E  BROADWAY",
        "street_name": "BROADWAY",
        "road_class": "major",
        "rw_type": 1,
        "segment_type": null,
        "posted_speed": 25.0,
        "number_total_lanes": 4,
        "number_travel_lanes": 2,
        "status": "2",
        "modified_date": "2018-04-19 14:57:11+00:00"
      },
      "geometry": {
        "type": "MultiLineString",
        "coordinates": [
          [
            [
              -73.993945859138,
              40.713752272878
            ],
            [
              -73.992944925733,
              40.713838836235
            ]
          ]
        ]
      },
      "id": "nyc-centerline-62805"
    },
    {
      "type": "Feature",
      "properties": {
        "road_id": "nyc-centerline-62806",
        "object_id": 62806,
        "physical_id": 69120,
        "name": "E  BROADWAY",
        "street_name": "BROADWAY",
        "road_class": "major",
        "rw_type": 1,
        "segment_type": null,
        "posted_speed": 25.0,
        "number_total_lanes": 4,
        "number_travel_lanes": 2,
        "status": "2",
        "modified_date": "2025-10-28 13:25:31+00:00"
      },
      "geometry": {
        "type": "MultiLineString",
        "coordinates": [
          [
            [
              -73.994209725537,
              40.713736113225
            ],
            [
              -73.9940747033,
              40.713744381687
            ]
          ]
        ]
      },
      "id": "nyc-centerline-62806"
    },
    {
      "type": "Feature",
      "properties": {
        "road_id": "nyc-centerline-62807",
        "object_id": 62807,
        "physical_id": 69121,
        "name": "E  BROADWAY",
        "street_name": "BROADWAY",
        "road_class": "major",
        "rw_type": 1,
        "segment_type": null,
        "posted_speed": 25.0,
        "number_total_lanes": 4,
        "number_travel_lanes": 2,
        "status": "2",
        "modified_date": "2025-10-28 13:25:31+00:00"
      },
      "geometry": {
        "type": "MultiLineString",
        "coordinates": [
          [
            [
              -73.994368250847,
              40.713720325972
            ],
            [
              -73.994209725537,
              40.713736113225
            ]
          ]
        ]
      },
      "id": "nyc-centerline-62807"
    },
    {
      "type": "Feature",
      "properties": {
        "road_id": "nyc-centerline-62808",
        "object_id": 62808,
        "physical_id": 69123,
        "name": "E  BROADWAY",
        "street_name": "BROADWAY",
        "road_class": "major",
        "rw_type": 1,
        "segment_type": null,
        "posted_speed": 25.0,
        "number_total_lanes": 4,
        "number_travel_lanes": 2,
        "status": "2",
        "modified_date": "2023-01-27 10:14:17+00:00"
      },
      "geometry": {
        "type": "MultiLineString",
        "coordinates": [
          [
            [
              -73.997308563181,
              40.713462052995
            ],
            [
              -73.994545725175,
              40.713689924849
            ]
          ]
        ]
      },
      "id": "nyc-centerline-62808"
    },
    {
      "type": "Feature",
      "properties": {
        "road_id": "nyc-centerline-62809",
        "object_id": 62809,
        "physical_id": 69124,
        "name": "E  BROADWAY",
        "street_name": "BROADWAY",
        "road_class": "major",
        "rw_type": 1,
        "segment_type": null,
        "posted_speed": 25.0,
        "number_total_lanes": 4,
        "number_travel_lanes": 4,
        "status": "2",
        "modified_date": "2018-04-19 14:57:54+00:00"
      },
      "geometry": {
        "type": "MultiLineString",
        "coordinates": [
          [
            [
              -73.997995688542,
              40.713686981009
            ],
            [
              -73.997953018489,
              40.713638092925
            ],
            [
              -73.997905844163,
              40.713591663007
            ],
            [
              -73.99785440922,
              40.713547931074
            ]
          ],
          [
            [
              -73.99785440922,
              40.713547931074
            ],
            [
              -73.997798979588,
              40.713507122801
            ],
            [
              -73.997739841282,
              40.713469449163
            ],
            [
              -73.997677299754,
              40.713435104753
            ]
          ],
          [
            [
              -73.997677299754,
              40.713435104753
            ],
            [
              -73.997308563181,
              40.713462052995
            ]
          ]
        ]
      },
      "id": "nyc-centerline-62809"
    },
    {
      "type": "Feature",
      "properties": {
        "road_id": "nyc-centerline-629",
        "object_id": 629,
        "physical_id": 775,
        "name": "FULTON ST",
        "street_name": "FULTON",
        "road_class": "other_four_plus_lane",
        "rw_type": 1,
        "segment_type": null,
        "posted_speed": 25.0,
        "number_total_lanes": 4,
        "number_travel_lanes": 2,
        "status": "2",
        "modified_date": "2017-04-20 14:38:08+00:00"
      },
      "geometry": {
        "type": "MultiLineString",
        "coordinates": [
          [
            [
              -74.004817900259,
              40.708398529875
            ],
            [
              -74.005105559489,
              40.708755045772
            ],
            [
              -74.005263472903,
              40.708928949526
            ]
          ]
        ]
      },
      "id": "nyc-centerline-629"
    },
    {
      "type": "Feature",
      "properties": {
        "road_id": "nyc-centerline-630",
        "object_id": 630,
        "physical_id": 776,
        "name": "FULTON ST",
        "street_name": "FULTON",
        "road_class": "other_four_plus_lane",
        "rw_type": 1,
        "segment_type": null,
        "posted_speed": 25.0,
        "number_total_lanes": 4,
        "number_travel_lanes": 2,
        "status": "2",
        "modified_date": "2017-04-10 16:03:04+00:00"
      },
      "geometry": {
        "type": "MultiLineString",
        "coordinates": [
          [
            [
              -74.004329872709,
              40.707831734069
            ],
            [
              -74.004817900259,
              40.708398529875
            ]
          ]
        ]
      },
      "id": "nyc-centerline-630"
    },
    {
      "type": "Feature",
      "properties": {
        "road_id": "nyc-centerline-631",
        "object_id": 631,
        "physical_id": 777,
        "name": "FULTON ST",
        "street_name": "FULTON",
        "road_class": "other_four_plus_lane",
        "rw_type": 1,
        "segment_type": null,
        "posted_speed": 25.0,
        "number_total_lanes": 4,
        "number_travel_lanes": 2,
        "status": "2",
        "modified_date": "2017-04-10 16:03:05+00:00"
      },
      "geometry": {
        "type": "MultiLineString",
        "coordinates": [
          [
            [
              -74.004057902028,
              40.707445019379
            ],
            [
              -74.004329872709,
              40.707831734069
            ]
          ]
        ]
      },
      "id": "nyc-centerline-631"
    },
    {
      "type": "Feature",
      "properties": {
        "road_id": "nyc-centerline-66111",
        "object_id": 66111,
        "physical_id": 72734,
        "name": "GOLD ST",
        "street_name": "GOLD",
        "road_class": "other_four_plus_lane",
        "rw_type": 1,
        "segment_type": null,
        "posted_speed": 25.0,
        "number_total_lanes": 4,
        "number_travel_lanes": 2,
        "status": "2",
        "modified_date": "2024-04-10 13:15:28+00:00"
      },
      "geometry": {
        "type": "MultiLineString",
        "coordinates": [
          [
            [
              -74.003975911557,
              40.710401415364
            ],
            [
              -74.003904762897,
              40.710480817656
            ],
            [
              -74.003840636422,
              40.710563611201
            ],
            [
              -74.003783810241,
              40.710649436923
            ]
          ],
          [
            [
              -74.003783810241,
              40.710649436923
            ],
            [
              -74.003734531187,
              40.71073792286
            ],
            [
              -74.003693012632,
              40.710828684972
            ],
            [
              -74.003659434637,
              40.710921329626
            ]
          ]
        ]
      },
      "id": "nyc-centerline-66111"
    },
    {
      "type": "Feature",
      "properties": {
        "road_id": "nyc-centerline-67",
        "object_id": 67,
        "physical_id": 98,
        "name": "PEARL ST",
        "street_name": "PEARL",
        "road_class": "other_four_plus_lane",
        "rw_type": 1,
        "segment_type": null,
        "posted_speed": 25.0,
        "number_total_lanes": 6,
        "number_travel_lanes": 4,
        "status": "2",
        "modified_date": "2019-04-15 15:22:00+00:00"
      },
      "geometry": {
        "type": "MultiLineString",
        "coordinates": [
          [
            [
              -74.004057902028,
              40.707445019379
            ],
            [
              -74.003403412764,
              40.708091913356
            ]
          ]
        ]
      },
      "id": "nyc-centerline-67"
    },
    {
      "type": "Feature",
      "properties": {
        "road_id": "nyc-centerline-68",
        "object_id": 68,
        "physical_id": 101,
        "name": "PEARL ST",
        "street_name": "PEARL",
        "road_class": "other_four_plus_lane",
        "rw_type": 1,
        "segment_type": null,
        "posted_speed": 25.0,
        "number_total_lanes": 4,
        "number_travel_lanes": 4,
        "status": "2",
        "modified_date": "2026-08-04 14:43:05+00:00"
      },
      "geometry": {
        "type": "MultiLineString",
        "coordinates": [
          [
            [
              -74.001665967749,
              40.709531002264
            ],
            [
              -74.001624206517,
              40.7095686735
            ]
          ]
        ]
      },
      "id": "nyc-centerline-68"
    },
    {
      "type": "Feature",
      "properties": {
        "road_id": "nyc-centerline-69",
        "object_id": 69,
        "physical_id": 102,
        "name": "PEARL ST",
        "street_name": "PEARL",
        "road_class": "other_four_plus_lane",
        "rw_type": 1,
        "segment_type": null,
        "posted_speed": 25.0,
        "number_total_lanes": 4,
        "number_travel_lanes": 4,
        "status": "2",
        "modified_date": "2026-08-04 14:43:05+00:00"
      },
      "geometry": {
        "type": "MultiLineString",
        "coordinates": [
          [
            [
              -74.001624206517,
              40.7095686735
            ],
            [
              -74.001577452927,
              40.709628243258
            ]
          ]
        ]
      },
      "id": "nyc-centerline-69"
    },
    {
      "type": "Feature",
      "properties": {
        "road_id": "nyc-centerline-70",
        "object_id": 70,
        "physical_id": 103,
        "name": "PEARL ST",
        "street_name": "PEARL",
        "road_class": "other_four_plus_lane",
        "rw_type": 1,
        "segment_type": null,
        "posted_speed": 25.0,
        "number_total_lanes": 4,
        "number_travel_lanes": 4,
        "status": "2",
        "modified_date": "2026-08-04 14:43:05+00:00"
      },
      "geometry": {
        "type": "MultiLineString",
        "coordinates": [
          [
            [
              -74.001577452927,
              40.709628243258
            ],
            [
              -74.001520687234,
              40.70970058221
            ]
          ]
        ]
      },
      "id": "nyc-centerline-70"
    },
    {
      "type": "Feature",
      "properties": {
        "road_id": "nyc-centerline-71",
        "object_id": 71,
        "physical_id": 104,
        "name": "PEARL ST",
        "street_name": "PEARL",
        "road_class": "other_four_plus_lane",
        "rw_type": 1,
        "segment_type": null,
        "posted_speed": 25.0,
        "number_total_lanes": 4,
        "number_travel_lanes": 4,
        "status": "2",
        "modified_date": "2026-08-04 14:43:05+00:00"
      },
      "geometry": {
        "type": "MultiLineString",
        "coordinates": [
          [
            [
              -74.001520687234,
              40.70970058221
            ],
            [
              -74.001472702027,
              40.709754793587
            ]
          ]
        ]
      },
      "id": "nyc-centerline-71"
    },
    {
      "type": "Feature",
      "properties": {
        "road_id": "nyc-centerline-72",
        "object_id": 72,
        "physical_id": 105,
        "name": "PEARL ST",
        "street_name": "PEARL",
        "road_class": "other_four_plus_lane",
        "rw_type": 1,
        "segment_type": null,
        "posted_speed": 25.0,
        "number_total_lanes": 4,
        "number_travel_lanes": 4,
        "status": "2",
        "modified_date": "2026-08-04 14:43:05+00:00"
      },
      "geometry": {
        "type": "MultiLineString",
        "coordinates": [
          [
            [
              -74.001420646196,
              40.709823035051
            ],
            [
              -74.001283884985,
              40.71000229229
            ]
          ]
        ]
      },
      "id": "nyc-centerline-72"
    },
    {
      "type": "Feature",
      "properties": {
        "road_id": "nyc-centerline-72069",
        "object_id": 72069,
        "physical_id": 79617,
        "name": "BARCLAY ST",
        "street_name": "BARCLAY",
        "road_class": "other_four_plus_lane",
        "rw_type": 1,
        "segment_type": null,
        "posted_speed": 25.0,
        "number_total_lanes": 4,
        "number_travel_lanes": 2,
        "status": "2",
        "modified_date": "2019-04-15 15:19:57+00:00"
      },
      "geometry": {
        "type": "MultiLineString",
        "coordinates": [
          [
            [
              -74.011716505197,
              40.713666031319
            ],
            [
              -74.012328668385,
              40.713949010062
            ]
          ]
        ]
      },
      "id": "nyc-centerline-72069"
    },
    {
      "type": "Feature",
      "properties": {
        "road_id": "nyc-centerline-72106",
        "object_id": 72106,
        "physical_id": 79667,
        "name": "CHAMBERS ST",
        "street_name": "CHAMBERS",
        "road_class": "other_four_plus_lane",
        "rw_type": 1,
        "segment_type": null,
        "posted_speed": 25.0,
        "number_total_lanes": 4,
        "number_travel_lanes": 2,
        "status": "2",
        "modified_date": "2025-04-03 14:43:04+00:00"
      },
      "geometry": {
        "type": "MultiLineString",
        "coordinates": [
          [
            [
              -74.004819906893,
              40.713483240388
            ],
            [
              -74.006310996849,
              40.714174066594
            ]
          ]
        ]
      },
      "id": "nyc-centerline-72106"
    },
    {
      "type": "Feature",
      "properties": {
        "road_id": "nyc-centerline-72107",
        "object_id": 72107,
        "physical_id": 79668,
        "name": "CHAMBERS ST",
        "street_name": "CHAMBERS",
        "road_class": "other_four_plus_lane",
        "rw_type": 1,
        "segment_type": null,
        "posted_speed": 25.0,
        "number_total_lanes": 5,
        "number_travel_lanes": 3,
        "status": "2",
        "modified_date": "2025-04-03 14:43:04+00:00"
      },
      "geometry": {
        "type": "MultiLineString",
        "coordinates": [
          [
            [
              -74.004060308109,
              40.7131430296
            ],
            [
              -74.004819906893,
              40.713483240388
            ]
          ]
        ]
      },
      "id": "nyc-centerline-72107"
    },
    {
      "type": "Feature",
      "properties": {
        "road_id": "nyc-centerline-72109",
        "object_id": 72109,
        "physical_id": 79670,
        "name": "CHAMBERS ST",
        "street_name": "CHAMBERS",
        "road_class": "other_four_plus_lane",
        "rw_type": 1,
        "segment_type": null,
        "posted_speed": 25.0,
        "number_total_lanes": 4,
        "number_travel_lanes": 2,
        "status": "2",
        "modified_date": "2026-05-15 14:08:43+00:00"
      },
      "geometry": {
        "type": "MultiLineString",
        "coordinates": [
          [
            [
              -74.010968439623,
              40.71631124063
            ],
            [
              -74.01162807207,
              40.716610289492
            ],
            [
              -74.012561151639,
              40.717042022374
            ]
          ]
        ]
      },
      "id": "nyc-centerline-72109"
    },
    {
      "type": "Feature",
      "properties": {
        "road_id": "nyc-centerline-72110",
        "object_id": 72110,
        "physical_id": 79671,
        "name": "CHAMBERS ST",
        "street_name": "CHAMBERS",
        "road_class": "other_four_plus_lane",
        "rw_type": 1,
        "segment_type": null,
        "posted_speed": 25.0,
        "number_total_lanes": 4,
        "number_travel_lanes": 3,
        "status": "2",
        "modified_date": "2026-05-15 14:08:43+00:00"
      },
      "geometry": {
        "type": "MultiLineString",
        "coordinates": [
          [
            [
              -74.012561151639,
              40.717042022374
            ],
            [
              -74.012731972486,
              40.717121869543
            ]
          ]
        ]
      },
      "id": "nyc-centerline-72110"
    },
    {
      "type": "Feature",
      "properties": {
        "road_id": "nyc-centerline-72113",
        "object_id": 72113,
        "physical_id": 79675,
        "name": "CHAMBERS ST",
        "street_name": "CHAMBERS",
        "road_class": "other_four_plus_lane",
        "rw_type": 1,
        "segment_type": null,
        "posted_speed": 25.0,
        "number_total_lanes": 4,
        "number_travel_lanes": 2,
        "status": "2",
        "modified_date": "2017-11-21 12:36:44+00:00"
      },
      "geometry": {
        "type": "MultiLineString",
        "coordinates": [
          [
            [
              -74.014058330469,
              40.717728794294
            ],
            [
              -74.015000287653,
              40.71813225721
            ]
          ]
        ]
      },
      "id": "nyc-centerline-72113"
    },
    {
      "type": "Feature",
      "properties": {
        "road_id": "nyc-centerline-72148",
        "object_id": 72148,
        "physical_id": 79711,
        "name": "SOUTH ST",
        "street_name": "SOUTH",
        "road_class": "other_four_plus_lane",
        "rw_type": 1,
        "segment_type": null,
        "posted_speed": 25.0,
        "number_total_lanes": 6,
        "number_travel_lanes": 4,
        "status": "2",
        "modified_date": "2019-04-15 15:18:11+00:00"
      },
      "geometry": {
        "type": "MultiLineString",
        "coordinates": [
          [
            [
              -73.998020623153,
              40.708929413688
            ],
            [
              -73.996062641273,
              40.709212808003
            ]
          ]
        ]
      },
      "id": "nyc-centerline-72148"
    },
    {
      "type": "Feature",
      "properties": {
        "road_id": "nyc-centerline-72150",
        "object_id": 72150,
        "physical_id": 79713,
        "name": "SOUTH ST",
        "street_name": "SOUTH",
        "road_class": "other_four_plus_lane",
        "rw_type": 1,
        "segment_type": null,
        "posted_speed": 25.0,
        "number_total_lanes": 6,
        "number_travel_lanes": 4,
        "status": "2",
        "modified_date": "2019-04-15 15:24:37+00:00"
      },
      "geometry": {
        "type": "MultiLineString",
        "coordinates": [
          [
            [
              -73.996062641273,
              40.709212808003
            ],
            [
              -73.994023095271,
              40.709493247819
            ]
          ]
        ]
      },
      "id": "nyc-centerline-72150"
    },
    {
      "type": "Feature",
      "properties": {
        "road_id": "nyc-centerline-72151",
        "object_id": 72151,
        "physical_id": 79715,
        "name": "SOUTH ST",
        "street_name": "SOUTH",
        "road_class": "other_four_plus_lane",
        "rw_type": 1,
        "segment_type": null,
        "posted_speed": 25.0,
        "number_total_lanes": 6,
        "number_travel_lanes": 4,
        "status": "2",
        "modified_date": "2019-04-15 15:19:57+00:00"
      },
      "geometry": {
        "type": "MultiLineString",
        "coordinates": [
          [
            [
              -73.992175277338,
              40.709762835226
            ],
            [
              -73.992049415699,
              40.709784410959
            ]
          ]
        ]
      },
      "id": "nyc-centerline-72151"
    },
    {
      "type": "Feature",
      "properties": {
        "road_id": "nyc-centerline-72152",
        "object_id": 72152,
        "physical_id": 79717,
        "name": "SOUTH ST",
        "street_name": "SOUTH",
        "road_class": "other_four_plus_lane",
        "rw_type": 1,
        "segment_type": null,
        "posted_speed": 25.0,
        "number_total_lanes": 6,
        "number_travel_lanes": 4,
        "status": "2",
        "modified_date": "2022-05-02 16:20:19+00:00"
      },
      "geometry": {
        "type": "MultiLineString",
        "coordinates": [
          [
            [
              -73.991910805136,
              40.709815183733
            ],
            [
              -73.991835779722,
              40.709827567231
            ]
          ]
        ]
      },
      "id": "nyc-centerline-72152"
    },
    {
      "type": "Feature",
      "properties": {
        "road_id": "nyc-centerline-72163",
        "object_id": 72163,
        "physical_id": 79729,
        "name": "GOLD ST",
        "street_name": "GOLD",
        "road_class": "other_four_plus_lane",
        "rw_type": 1,
        "segment_type": null,
        "posted_speed": 25.0,
        "number_total_lanes": 4,
        "number_travel_lanes": 2,
        "status": "2",
        "modified_date": "2024-05-10 11:31:21+00:00"
      },
      "geometry": {
        "type": "MultiLineString",
        "coordinates": [
          [
            [
              -74.004827381626,
              40.709668919147
            ],
            [
              -74.004254299483,
              40.710174479461
            ]
          ]
        ]
      },
      "id": "nyc-centerline-72163"
    },
    {
      "type": "Feature",
      "properties": {
        "road_id": "nyc-centerline-72164",
        "object_id": 72164,
        "physical_id": 79731,
        "name": "GOLD ST",
        "street_name": "GOLD",
        "road_class": "other_four_plus_lane",
        "rw_type": 1,
        "segment_type": null,
        "posted_speed": 25.0,
        "number_total_lanes": 4,
        "number_travel_lanes": 2,
        "status": "2",
        "modified_date": "2024-05-10 11:31:21+00:00"
      },
      "geometry": {
        "type": "MultiLineString",
        "coordinates": [
          [
            [
              -74.004254299483,
              40.710174479461
            ],
            [
              -74.003975911557,
              40.710401415364
            ]
          ]
        ]
      },
      "id": "nyc-centerline-72164"
    },
    {
      "type": "Feature",
      "properties": {
        "road_id": "nyc-centerline-72180",
        "object_id": 72180,
        "physical_id": 79749,
        "name": "JOHN ST",
        "street_name": "JOHN",
        "road_class": "other_four_plus_lane",
        "rw_type": 1,
        "segment_type": null,
        "posted_speed": 25.0,
        "number_total_lanes": 4,
        "number_travel_lanes": 2,
        "status": "2",
        "modified_date": "2017-08-24 14:18:47+00:00"
      },
      "geometry": {
        "type": "MultiLineString",
        "coordinates": [
          [
            [
              -74.005483549451,
              40.70739581032
            ],
            [
              -74.005003554799,
              40.706860757273
            ]
          ]
        ]
      },
      "id": "nyc-centerline-72180"
    },
    {
      "type": "Feature",
      "properties": {
        "road_id": "nyc-centerline-72202",
        "object_id": 72202,
        "physical_id": 79773,
        "name": "LAFAYETTE ST",
        "street_name": "LAFAYETTE",
        "road_class": "other_four_plus_lane",
        "rw_type": 1,
        "segment_type": null,
        "posted_speed": 25.0,
        "number_total_lanes": 4,
        "number_travel_lanes": 2,
        "status": "2",
        "modified_date": "2026-08-04 14:35:18+00:00"
      },
      "geometry": {
        "type": "MultiLineString",
        "coordinates": [
          [
            [
              -74.003404918283,
              40.71415875503
            ],
            [
              -74.00318248839,
              40.714714790246
            ],
            [
              -74.0030307945,
              40.715593305802
            ]
          ]
        ]
      },
      "id": "nyc-centerline-72202"
    },
    {
      "type": "Feature",
      "properties": {
        "road_id": "nyc-centerline-72203",
        "object_id": 72203,
        "physical_id": 79774,
        "name": "LAFAYETTE ST",
        "street_name": "LAFAYETTE",
        "road_class": "other_four_plus_lane",
        "rw_type": 1,
        "segment_type": null,
        "posted_speed": 25.0,
        "number_total_lanes": 5,
        "number_travel_lanes": 3,
        "status": "2",
        "modified_date": "2026-08-04 14:35:18+00:00"
      },
      "geometry": {
        "type": "MultiLineString",
        "coordinates": [
          [
            [
              -74.0030307945,
              40.715593305802
            ],
            [
              -74.002808534857,
              40.715894432557
            ]
          ]
        ]
      },
      "id": "nyc-centerline-72203"
    },
    {
      "type": "Feature",
      "properties": {
        "road_id": "nyc-centerline-72204",
        "object_id": 72204,
        "physical_id": 79775,
        "name": "LAFAYETTE ST",
        "street_name": "LAFAYETTE",
        "road_class": "other_four_plus_lane",
        "rw_type": 1,
        "segment_type": null,
        "posted_speed": 25.0,
        "number_total_lanes": 5,
        "number_travel_lanes": 3,
        "status": "2",
        "modified_date": "2025-10-28 13:25:31+00:00"
      },
      "geometry": {
        "type": "MultiLineString",
        "coordinates": [
          [
            [
              -74.002808534857,
              40.715894432557
            ],
            [
              -74.002559360219,
              40.716189013861
            ]
          ]
        ]
      },
      "id": "nyc-centerline-72204"
    },
    {
      "type": "Feature",
      "properties": {
        "road_id": "nyc-centerline-72205",
        "object_id": 72205,
        "physical_id": 79776,
        "name": "LAFAYETTE ST",
        "street_name": "LAFAYETTE",
        "road_class": "other_four_plus_lane",
        "rw_type": 1,
        "segment_type": null,
        "posted_speed": 25.0,
        "number_total_lanes": 5,
        "number_travel_lanes": 3,
        "status": "2",
        "modified_date": "2026-08-04 14:35:18+00:00"
      },
      "geometry": {
        "type": "MultiLineString",
        "coordinates": [
          [
            [
              -74.002559360219,
              40.716189013861
            ],
            [
              -74.002079017019,
              40.716739136199
            ]
          ]
        ]
      },
      "id": "nyc-centerline-72205"
    },
    {
      "type": "Feature",
      "properties": {
        "road_id": "nyc-centerline-72206",
        "object_id": 72206,
        "physical_id": 79777,
        "name": "LAFAYETTE ST",
        "street_name": "LAFAYETTE",
        "road_class": "other_four_plus_lane",
        "rw_type": 1,
        "segment_type": null,
        "posted_speed": 25.0,
        "number_total_lanes": 5,
        "number_travel_lanes": 3,
        "status": "2",
        "modified_date": "2026-08-04 14:35:18+00:00"
      },
      "geometry": {
        "type": "MultiLineString",
        "coordinates": [
          [
            [
              -74.002079017019,
              40.716739136199
            ],
            [
              -74.00158954794,
              40.717300134643
            ]
          ]
        ]
      },
      "id": "nyc-centerline-72206"
    },
    {
      "type": "Feature",
      "properties": {
        "road_id": "nyc-centerline-72207",
        "object_id": 72207,
        "physical_id": 79779,
        "name": "LAFAYETTE ST",
        "street_name": "LAFAYETTE",
        "road_class": "other_four_plus_lane",
        "rw_type": 1,
        "segment_type": null,
        "posted_speed": 25.0,
        "number_total_lanes": 5,
        "number_travel_lanes": 3,
        "status": "2",
        "modified_date": "2025-10-28 13:25:31+00:00"
      },
      "geometry": {
        "type": "MultiLineString",
        "coordinates": [
          [
            [
              -74.000989479869,
              40.717940142673
            ],
            [
              -74.000533254455,
              40.718438479521
            ]
          ]
        ]
      },
      "id": "nyc-centerline-72207"
    },
    {
      "type": "Feature",
      "properties": {
        "road_id": "nyc-centerline-72208",
        "object_id": 72208,
        "physical_id": 79780,
        "name": "LAFAYETTE ST",
        "street_name": "LAFAYETTE",
        "road_class": "other_four_plus_lane",
        "rw_type": 1,
        "segment_type": null,
        "posted_speed": 25.0,
        "number_total_lanes": 5,
        "number_travel_lanes": 3,
        "status": "2",
        "modified_date": "2026-08-04 14:35:18+00:00"
      },
      "geometry": {
        "type": "MultiLineString",
        "coordinates": [
          [
            [
              -74.000533254455,
              40.718438479521
            ],
            [
              -73.999841613441,
              40.719201221415
            ]
          ]
        ]
      },
      "id": "nyc-centerline-72208"
    },
    {
      "type": "Feature",
      "properties": {
        "road_id": "nyc-centerline-72244",
        "object_id": 72244,
        "physical_id": 79827,
        "name": "WORTH ST",
        "street_name": "WORTH",
        "road_class": "other_four_plus_lane",
        "rw_type": 1,
        "segment_type": null,
        "posted_speed": 25.0,
        "number_total_lanes": 4,
        "number_travel_lanes": 2,
        "status": "2",
        "modified_date": "2022-02-17 09:10:11+00:00"
      },
      "geometry": {
        "type": "MultiLineString",
        "coordinates": [
          [
            [
              -74.002115857273,
              40.715167150474
            ],
            [
              -74.001314984817,
              40.714795683649
            ]
          ]
        ]
      },
      "id": "nyc-centerline-72244"
    },
    {
      "type": "Feature",
      "properties": {
        "road_id": "nyc-centerline-72246",
        "object_id": 72246,
        "physical_id": 79829,
        "name": "WORTH ST",
        "street_name": "WORTH",
        "road_class": "other_four_plus_lane",
        "rw_type": 1,
        "segment_type": null,
        "posted_speed": 25.0,
        "number_total_lanes": 4,
        "number_travel_lanes": 2,
        "status": "2",
        "modified_date": "2022-02-17 09:10:11+00:00"
      },
      "geometry": {
        "type": "MultiLineString",
        "coordinates": [
          [
            [
              -74.004534801506,
              40.716288153013
            ],
            [
              -74.0030307945,
              40.715593305802
            ]
          ]
        ]
      },
      "id": "nyc-centerline-72246"
    },
    {
      "type": "Feature",
      "properties": {
        "road_id": "nyc-centerline-72247",
        "object_id": 72247,
        "physical_id": 79830,
        "name": "WORTH ST",
        "street_name": "WORTH",
        "road_class": "other_four_plus_lane",
        "rw_type": 1,
        "segment_type": null,
        "posted_speed": 25.0,
        "number_total_lanes": 4,
        "number_travel_lanes": 2,
        "status": "2",
        "modified_date": "2020-03-09 11:37:12+00:00"
      },
      "geometry": {
        "type": "MultiLineString",
        "coordinates": [
          [
            [
              -74.0062503216,
              40.717083952258
            ],
            [
              -74.004534801506,
              40.716288153013
            ]
          ]
        ]
      },
      "id": "nyc-centerline-72247"
    },
    {
      "type": "Feature",
      "properties": {
        "road_id": "nyc-centerline-72248",
        "object_id": 72248,
        "physical_id": 79832,
        "name": "WORTH ST",
        "street_name": "WORTH",
        "road_class": "other_four_plus_lane",
        "rw_type": 1,
        "segment_type": null,
        "posted_speed": 25.0,
        "number_total_lanes": 4,
        "number_travel_lanes": 2,
        "status": "2",
        "modified_date": "2022-02-17 09:10:11+00:00"
      },
      "geometry": {
        "type": "MultiLineString",
        "coordinates": [
          [
            [
              -74.008884356891,
              40.718274604912
            ],
            [
              -74.007537241031,
              40.717669476987
            ]
          ]
        ]
      },
      "id": "nyc-centerline-72248"
    },
    {
      "type": "Feature",
      "properties": {
        "road_id": "nyc-centerline-72249",
        "object_id": 72249,
        "physical_id": 79833,
        "name": "WORTH ST",
        "street_name": "WORTH",
        "road_class": "other_four_plus_lane",
        "rw_type": 1,
        "segment_type": null,
        "posted_speed": 25.0,
        "number_total_lanes": 4,
        "number_travel_lanes": 2,
        "status": "2",
        "modified_date": "2022-02-17 09:10:11+00:00"
      },
      "geometry": {
        "type": "MultiLineString",
        "coordinates": [
          [
            [
              -74.001314984817,
              40.714795683649
            ],
            [
              -74.00074782258,
              40.714518592962
            ]
          ]
        ]
      },
      "id": "nyc-centerline-72249"
    },
    {
      "type": "Feature",
      "properties": {
        "road_id": "nyc-centerline-72270",
        "object_id": 72270,
        "physical_id": 79866,
        "name": "ST JAMES PL",
        "street_name": "ST JAMES",
        "road_class": "other_four_plus_lane",
        "rw_type": 1,
        "segment_type": null,
        "posted_speed": 25.0,
        "number_total_lanes": 6,
        "number_travel_lanes": 4,
        "status": "2",
        "modified_date": "2026-08-04 14:43:05+00:00"
      },
      "geometry": {
        "type": "MultiLineString",
        "coordinates": [
          [
            [
              -74.00051115978,
              40.710992508989
            ],
            [
              -74.000435569465,
              40.711066975738
            ],
            [
              -74.000253774229,
              40.711246068882
            ],
            [
              -74.000119717901,
              40.711378130492
            ],
            [
              -73.999702956811,
              40.711788687481
            ]
          ]
        ]
      },
      "id": "nyc-centerline-72270"
    },
    {
      "type": "Feature",
      "properties": {
        "road_id": "nyc-centerline-72271",
        "object_id": 72271,
        "physical_id": 79867,
        "name": "ST JAMES PL",
        "street_name": "ST JAMES",
        "road_class": "other_four_plus_lane",
        "rw_type": 1,
        "segment_type": null,
        "posted_speed": 25.0,
        "number_total_lanes": 4,
        "number_travel_lanes": 2,
        "status": "2",
        "modified_date": "2019-04-15 15:18:28+00:00"
      },
      "geometry": {
        "type": "MultiLineString",
        "coordinates": [
          [
            [
              -73.999702956811,
              40.711788687481
            ],
            [
              -73.998888485312,
              40.71260680569
            ]
          ]
        ]
      },
      "id": "nyc-centerline-72271"
    },
    {
      "type": "Feature",
      "properties": {
        "road_id": "nyc-centerline-72272",
        "object_id": 72272,
        "physical_id": 79868,
        "name": "ST JAMES PL",
        "street_name": "ST JAMES",
        "road_class": "other_four_plus_lane",
        "rw_type": 1,
        "segment_type": null,
        "posted_speed": 25.0,
        "number_total_lanes": 4,
        "number_travel_lanes": 2,
        "status": "2",
        "modified_date": "2019-04-15 15:26:05+00:00"
      },
      "geometry": {
        "type": "MultiLineString",
        "coordinates": [
          [
            [
              -73.998888485312,
              40.71260680569
            ],
            [
              -73.9982268064,
              40.713251700614
            ]
          ]
        ]
      },
      "id": "nyc-centerline-72272"
    },
    {
      "type": "Feature",
      "properties": {
        "road_id": "nyc-centerline-73",
        "object_id": 73,
        "physical_id": 106,
        "name": "PEARL ST",
        "street_name": "PEARL",
        "road_class": "other_four_plus_lane",
        "rw_type": 1,
        "segment_type": null,
        "posted_speed": 25.0,
        "number_total_lanes": 4,
        "number_travel_lanes": 4,
        "status": "2",
        "modified_date": "2026-08-04 14:43:05+00:00"
      },
      "geometry": {
        "type": "MultiLineString",
        "coordinates": [
          [
            [
              -74.001283884985,
              40.71000229229
            ],
            [
              -74.001236065275,
              40.710063572369
            ]
          ]
        ]
      },
      "id": "nyc-centerline-73"
    },
    {
      "type": "Feature",
      "properties": {
        "road_id": "nyc-centerline-74",
        "object_id": 74,
        "physical_id": 107,
        "name": "PEARL ST",
        "street_name": "PEARL",
        "road_class": "other_four_plus_lane",
        "rw_type": 1,
        "segment_type": null,
        "posted_speed": 25.0,
        "number_total_lanes": 4,
        "number_travel_lanes": 4,
        "status": "2",
        "modified_date": "2026-08-04 14:43:05+00:00"
      },
      "geometry": {
        "type": "MultiLineString",
        "coordinates": [
          [
            [
              -74.001236065275,
              40.710063572369
            ],
            [
              -74.001137766538,
              40.710184203585
            ]
          ]
        ]
      },
      "id": "nyc-centerline-74"
    },
    {
      "type": "Feature",
      "properties": {
        "road_id": "nyc-centerline-75",
        "object_id": 75,
        "physical_id": 108,
        "name": "PEARL ST",
        "street_name": "PEARL",
        "road_class": "other_four_plus_lane",
        "rw_type": 1,
        "segment_type": null,
        "posted_speed": 25.0,
        "number_total_lanes": 6,
        "number_travel_lanes": 4,
        "status": "2",
        "modified_date": "2026-08-04 14:43:05+00:00"
      },
      "geometry": {
        "type": "MultiLineString",
        "coordinates": [
          [
            [
              -74.001137766538,
              40.710184203585
            ],
            [
              -74.00100455402,
              40.710362269163
            ],
            [
              -74.000907635279,
              40.710486070281
            ],
            [
              -74.000797677011,
              40.71062652661
            ]
          ]
        ]
      },
      "id": "nyc-centerline-75"
    },
    {
      "type": "Feature",
      "properties": {
        "road_id": "nyc-centerline-752",
        "object_id": 752,
        "physical_id": 911,
        "name": "PARK ROW",
        "street_name": "PARK",
        "road_class": "other_four_plus_lane",
        "rw_type": 1,
        "segment_type": null,
        "posted_speed": 25.0,
        "number_total_lanes": 4,
        "number_travel_lanes": 3,
        "status": "2",
        "modified_date": "2018-04-19 15:18:04+00:00"
      },
      "geometry": {
        "type": "MultiLineString",
        "coordinates": [
          [
            [
              -74.006070476538,
              40.712016667969
            ],
            [
              -74.00574174724,
              40.712096996621
            ]
          ]
        ]
      },
      "id": "nyc-centerline-752"
    },
    {
      "type": "Feature",
      "properties": {
        "road_id": "nyc-centerline-75744",
        "object_id": 75744,
        "physical_id": 83691,
        "name": "MURRAY ST",
        "street_name": "MURRAY",
        "road_class": "other_four_plus_lane",
        "rw_type": 1,
        "segment_type": null,
        "posted_speed": 25.0,
        "number_total_lanes": 4,
        "number_travel_lanes": 4,
        "status": "2",
        "modified_date": "2022-05-02 16:08:05+00:00"
      },
      "geometry": {
        "type": "MultiLineString",
        "coordinates": [
          [
            [
              -74.013219419657,
              40.715216456354
            ],
            [
              -74.013379891718,
              40.71524613347
            ],
            [
              -74.013529041118,
              40.715271094973
            ]
          ]
        ]
      },
      "id": "nyc-centerline-75744"
    },
    {
      "type": "Feature",
      "properties": {
        "road_id": "nyc-centerline-75745",
        "object_id": 75745,
        "physical_id": 83692,
        "name": "MURRAY ST",
        "street_name": "MURRAY",
        "road_class": "other_four_plus_lane",
        "rw_type": 1,
        "segment_type": null,
        "posted_speed": 25.0,
        "number_total_lanes": 4,
        "number_travel_lanes": 2,
        "status": "2",
        "modified_date": "2022-05-02 16:20:19+00:00"
      },
      "geometry": {
        "type": "MultiLineString",
        "coordinates": [
          [
            [
              -74.011361284634,
              40.71493040968
            ],
            [
              -74.012074468698,
              40.715040843376
            ],
            [
              -74.013219419657,
              40.715216456354
            ]
          ]
        ]
      },
      "id": "nyc-centerline-75745"
    },
    {
      "type": "Feature",
      "properties": {
        "road_id": "nyc-centerline-76",
        "object_id": 76,
        "physical_id": 109,
        "name": "PEARL ST",
        "street_name": "PEARL",
        "road_class": "other_four_plus_lane",
        "rw_type": 1,
        "segment_type": null,
        "posted_speed": 25.0,
        "number_total_lanes": 4,
        "number_travel_lanes": 2,
        "status": "2",
        "modified_date": "2025-07-25 10:28:06+00:00"
      },
      "geometry": {
        "type": "MultiLineString",
        "coordinates": [
          [
            [
              -74.00051115978,
              40.710992508989
            ],
            [
              -74.000587970695,
              40.711070072311
            ],
            [
              -74.000656509667,
              40.711152000666
            ],
            [
              -74.000716350342,
              40.711237784391
            ],
            [
              -74.00076712047,
              40.711326889842
            ]
          ],
          [
            [
              -74.00076712047,
              40.711326889842
            ],
            [
              -74.000808503978,
              40.711418763103
            ],
            [
              -74.000840243611,
              40.711512832255
            ],
            [
              -74.000862141925,
              40.711608512115
            ],
            [
              -74.000874062698,
              40.711705207482
            ]
          ]
        ]
      },
      "id": "nyc-centerline-76"
    },
    {
      "type": "Feature",
      "properties": {
        "road_id": "nyc-centerline-80568",
        "object_id": 80568,
        "physical_id": 88986,
        "name": "HUGH L CAREY TUNNEL EXIT",
        "street_name": "HUGH L CAREY TUNNEL",
        "road_class": "other_four_plus_lane",
        "rw_type": 9,
        "segment_type": null,
        "posted_speed": null,
        "number_total_lanes": 4,
        "number_travel_lanes": 4,
        "status": "2",
        "modified_date": "2019-04-15 15:17:18+00:00"
      },
      "geometry": {
        "type": "MultiLineString",
        "coordinates": [
          [
            [
              -74.014621174213,
              40.706148605103
            ],
            [
              -74.01456208904,
              40.706392134738
            ]
          ]
        ]
      },
      "id": "nyc-centerline-80568"
    },
    {
      "type": "Feature",
      "properties": {
        "road_id": "nyc-centerline-80571",
        "object_id": 80571,
        "physical_id": 88989,
        "name": "HUGH L CAREY TUNNEL EXIT",
        "street_name": "HUGH L CAREY TUNNEL",
        "road_class": "other_four_plus_lane",
        "rw_type": 9,
        "segment_type": null,
        "posted_speed": null,
        "number_total_lanes": 4,
        "number_travel_lanes": 4,
        "status": "2",
        "modified_date": "2019-04-15 15:24:55+00:00"
      },
      "geometry": {
        "type": "MultiLineString",
        "coordinates": [
          [
            [
              -74.01456208904,
              40.706392134738
            ],
            [
              -74.014561711645,
              40.706502582681
            ],
            [
              -74.014574173828,
              40.706612622908
            ],
            [
              -74.014599377888,
              40.706721392716
            ],
            [
              -74.014637126226,
              40.706828039365
            ]
          ],
          [
            [
              -74.014637126226,
              40.706828039365
            ],
            [
              -74.014687124337,
              40.706931727301
            ],
            [
              -74.014748978958,
              40.707031642972
            ],
            [
              -74.014822205146,
              40.707127003053
            ],
            [
              -74.014906228803,
              40.707217059937
            ]
          ]
        ]
      },
      "id": "nyc-centerline-80571"
    },
    {
      "type": "Feature",
      "properties": {
        "road_id": "nyc-centerline-81270",
        "object_id": 81270,
        "physical_id": 89776,
        "name": "HARRISON ST",
        "street_name": "HARRISON",
        "road_class": "other_four_plus_lane",
        "rw_type": 1,
        "segment_type": null,
        "posted_speed": 25.0,
        "number_total_lanes": 4,
        "number_travel_lanes": 2,
        "status": "2",
        "modified_date": "2020-11-13 14:43:07+00:00"
      },
      "geometry": {
        "type": "MultiLineString",
        "coordinates": [
          [
            [
              -74.010402569697,
              40.718810271858
            ],
            [
              -74.01229296323,
              40.719047188937
            ]
          ]
        ]
      },
      "id": "nyc-centerline-81270"
    },
    {
      "type": "Feature",
      "properties": {
        "road_id": "nyc-centerline-82835",
        "object_id": 82835,
        "physical_id": 91631,
        "name": "CATHERINE ST",
        "street_name": "CATHERINE",
        "road_class": "other_four_plus_lane",
        "rw_type": 1,
        "segment_type": null,
        "posted_speed": 25.0,
        "number_total_lanes": 4,
        "number_travel_lanes": 2,
        "status": "2",
        "modified_date": "2020-04-14 15:21:37+00:00"
      },
      "geometry": {
        "type": "MultiLineString",
        "coordinates": [
          [
            [
              -73.996948601589,
              40.712079926704
            ],
            [
              -73.996900429111,
              40.711873245834
            ],
            [
              -73.996877921649,
              40.71177668014
            ],
            [
              -73.996841448443,
              40.711620191989
            ],
            [
              -73.996820873528,
              40.711531917582
            ],
            [
              -73.996778553104,
              40.711354495569
            ]
          ]
        ]
      },
      "id": "nyc-centerline-82835"
    },
    {
      "type": "Feature",
      "properties": {
        "road_id": "nyc-centerline-82838",
        "object_id": 82838,
        "physical_id": 91635,
        "name": "CATHERINE ST",
        "street_name": "CATHERINE",
        "road_class": "other_four_plus_lane",
        "rw_type": 1,
        "segment_type": null,
        "posted_speed": 25.0,
        "number_total_lanes": 4,
        "number_travel_lanes": 2,
        "status": "2",
        "modified_date": "2025-12-17 14:30:22+00:00"
      },
      "geometry": {
        "type": "MultiLineString",
        "coordinates": [
          [
            [
              -73.996778553104,
              40.711354495569
            ],
            [
              -73.996728007019,
              40.711180103365
            ],
            [
              -73.996493953597,
              40.710208071578
            ]
          ]
        ]
      },
      "id": "nyc-centerline-82838"
    },
    {
      "type": "Feature",
      "properties": {
        "road_id": "nyc-centerline-83324",
        "object_id": 83324,
        "physical_id": 92184,
        "name": "PIKE ST",
        "street_name": "PIKE",
        "road_class": "other_four_plus_lane",
        "rw_type": 1,
        "segment_type": null,
        "posted_speed": 25.0,
        "number_total_lanes": 4,
        "number_travel_lanes": 3,
        "status": "2",
        "modified_date": "2025-10-28 13:25:31+00:00"
      },
      "geometry": {
        "type": "MultiLineString",
        "coordinates": [
          [
            [
              -73.992538086973,
              40.712465414457
            ],
            [
              -73.992524298262,
              40.71234358826
            ],
            [
              -73.992514527513,
              40.712257265984
            ],
            [
              -73.992491605592,
              40.712054743937
            ],
            [
              -73.9924797125,
              40.711949662009
            ],
            [
              -73.9924584267,
              40.711761587919
            ]
          ]
        ]
      },
      "id": "nyc-centerline-83324"
    },
    {
      "type": "Feature",
      "properties": {
        "road_id": "nyc-centerline-83325",
        "object_id": 83325,
        "physical_id": 92185,
        "name": "PIKE ST",
        "street_name": "PIKE",
        "road_class": "other_four_plus_lane",
        "rw_type": 1,
        "segment_type": null,
        "posted_speed": 25.0,
        "number_total_lanes": 4,
        "number_travel_lanes": 3,
        "status": "2",
        "modified_date": "2024-09-20 09:05:12+00:00"
      },
      "geometry": {
        "type": "MultiLineString",
        "coordinates": [
          [
            [
              -73.992623913999,
              40.713176823374
            ],
            [
              -73.992538086973,
              40.712465414457
            ]
          ]
        ]
      },
      "id": "nyc-centerline-83325"
    },
    {
      "type": "Feature",
      "properties": {
        "road_id": "nyc-centerline-83327",
        "object_id": 83327,
        "physical_id": 92187,
        "name": "PIKE ST",
        "street_name": "PIKE",
        "road_class": "other_four_plus_lane",
        "rw_type": 1,
        "segment_type": null,
        "posted_speed": 25.0,
        "number_total_lanes": 4,
        "number_travel_lanes": 3,
        "status": "2",
        "modified_date": "2024-09-20 09:03:37+00:00"
      },
      "geometry": {
        "type": "MultiLineString",
        "coordinates": [
          [
            [
              -73.992823031344,
              40.714373470413
            ],
            [
              -73.992723960016,
              40.713852644969
            ]
          ]
        ]
      },
      "id": "nyc-centerline-83327"
    },
    {
      "type": "Feature",
      "properties": {
        "road_id": "nyc-centerline-83328",
        "object_id": 83328,
        "physical_id": 92188,
        "name": "PIKE ST",
        "street_name": "PIKE",
        "road_class": "other_four_plus_lane",
        "rw_type": 1,
        "segment_type": null,
        "posted_speed": 25.0,
        "number_total_lanes": 4,
        "number_travel_lanes": 3,
        "status": "2",
        "modified_date": "2026-08-04 14:35:18+00:00"
      },
      "geometry": {
        "type": "MultiLineString",
        "coordinates": [
          [
            [
              -73.9924584267,
              40.711761587919
            ],
            [
              -73.992445631676,
              40.711684109519
            ],
            [
              -73.992435680102,
              40.711623486365
            ],
            [
              -73.992428717599,
              40.711547707404
            ],
            [
              -73.99228540433,
              40.711052670095
            ],
            [
              -73.992239527182,
              40.710976761183
            ],
            [
              -73.992192884102,
              40.710899934152
            ]
          ]
        ]
      },
      "id": "nyc-centerline-83328"
    },
    {
      "type": "Feature",
      "properties": {
        "road_id": "nyc-centerline-852",
        "object_id": 852,
        "physical_id": 1043,
        "name": "AVE OF THE AMERICAS",
        "street_name": "OF THE AMERICAS",
        "road_class": "other_four_plus_lane",
        "rw_type": 1,
        "segment_type": null,
        "posted_speed": 25.0,
        "number_total_lanes": 5,
        "number_travel_lanes": 3,
        "status": "2",
        "modified_date": "2026-08-04 14:35:18+00:00"
      },
      "geometry": {
        "type": "MultiLineString",
        "coordinates": [
          [
            [
              -74.005175503449,
              40.719012835384
            ],
            [
              -74.005187462822,
              40.719845707637
            ]
          ]
        ]
      },
      "id": "nyc-centerline-852"
    },
    {
      "type": "Feature",
      "properties": {
        "road_id": "nyc-centerline-853",
        "object_id": 853,
        "physical_id": 1044,
        "name": "AVE OF THE AMERICAS",
        "street_name": "OF THE AMERICAS",
        "road_class": "other_four_plus_lane",
        "rw_type": 1,
        "segment_type": null,
        "posted_speed": 25.0,
        "number_total_lanes": 5,
        "number_travel_lanes": 3,
        "status": "2",
        "modified_date": "2024-05-15 10:11:02+00:00"
      },
      "geometry": {
        "type": "MultiLineString",
        "coordinates": [
          [
            [
              -74.005324998711,
              40.718281587197
            ],
            [
              -74.005175503449,
              40.719012835384
            ]
          ]
        ]
      },
      "id": "nyc-centerline-853"
    },
    {
      "type": "Feature",
      "properties": {
        "road_id": "nyc-centerline-86",
        "object_id": 86,
        "physical_id": 122,
        "name": "WATER ST",
        "street_name": "WATER",
        "road_class": "other_four_plus_lane",
        "rw_type": 1,
        "segment_type": null,
        "posted_speed": 25.0,
        "number_total_lanes": 6,
        "number_travel_lanes": 4,
        "status": "2",
        "modified_date": "2019-04-15 15:23:45+00:00"
      },
      "geometry": {
        "type": "MultiLineString",
        "coordinates": [
          [
            [
              -74.007393489163,
              40.705190926682
            ],
            [
              -74.006766877648,
              40.705632035767
            ]
          ]
        ]
      },
      "id": "nyc-centerline-86"
    },
    {
      "type": "Feature",
      "properties": {
        "road_id": "nyc-centerline-87",
        "object_id": 87,
        "physical_id": 123,
        "name": "WATER ST",
        "street_name": "WATER",
        "road_class": "other_four_plus_lane",
        "rw_type": 1,
        "segment_type": null,
        "posted_speed": 25.0,
        "number_total_lanes": 6,
        "number_travel_lanes": 4,
        "status": "2",
        "modified_date": "2019-04-15 15:17:53+00:00"
      },
      "geometry": {
        "type": "MultiLineString",
        "coordinates": [
          [
            [
              -74.006766877648,
              40.705632035767
            ],
            [
              -74.006021694986,
              40.706150601175
            ]
          ]
        ]
      },
      "id": "nyc-centerline-87"
    },
    {
      "type": "Feature",
      "properties": {
        "road_id": "nyc-centerline-87587",
        "object_id": 87587,
        "physical_id": 96890,
        "name": "PARK PL",
        "street_name": "PARK",
        "road_class": "other_four_plus_lane",
        "rw_type": 1,
        "segment_type": null,
        "posted_speed": 25.0,
        "number_total_lanes": 4,
        "number_travel_lanes": 2,
        "status": "2",
        "modified_date": "2022-05-02 16:20:19+00:00"
      },
      "geometry": {
        "type": "MultiLineString",
        "coordinates": [
          [
            [
              -74.007667005288,
              40.712540881615
            ],
            [
              -74.009255979918,
              40.713264045832
            ]
          ]
        ]
      },
      "id": "nyc-centerline-87587"
    },
    {
      "type": "Feature",
      "properties": {
        "road_id": "nyc-centerline-87601",
        "object_id": 87601,
        "physical_id": 96908,
        "name": "R F WAGNER SR PL",
        "street_name": "R F WAGNER SR",
        "road_class": "other_four_plus_lane",
        "rw_type": 1,
        "segment_type": null,
        "posted_speed": 25.0,
        "number_total_lanes": 4,
        "number_travel_lanes": 2,
        "status": "2",
        "modified_date": "2022-09-22 10:12:15+00:00"
      },
      "geometry": {
        "type": "MultiLineString",
        "coordinates": [
          [
            [
              -74.001137766538,
              40.710184203585
            ],
            [
              -74.000655370521,
              40.709850110991
            ]
          ]
        ]
      },
      "id": "nyc-centerline-87601"
    },
    {
      "type": "Feature",
      "properties": {
        "road_id": "nyc-centerline-87617",
        "object_id": 87617,
        "physical_id": 96924,
        "name": "RUTGERS ST",
        "street_name": "RUTGERS",
        "road_class": "other_four_plus_lane",
        "rw_type": 1,
        "segment_type": null,
        "posted_speed": 25.0,
        "number_total_lanes": 6,
        "number_travel_lanes": 4,
        "status": "2",
        "modified_date": "2018-04-19 14:58:59+00:00"
      },
      "geometry": {
        "type": "MultiLineString",
        "coordinates": [
          [
            [
              -73.990221422397,
              40.714413180456
            ],
            [
              -73.990190317071,
              40.714061474046
            ]
          ]
        ]
      },
      "id": "nyc-centerline-87617"
    },
    {
      "type": "Feature",
      "properties": {
        "road_id": "nyc-centerline-88",
        "object_id": 88,
        "physical_id": 124,
        "name": "WATER ST",
        "street_name": "WATER",
        "road_class": "other_four_plus_lane",
        "rw_type": 1,
        "segment_type": null,
        "posted_speed": 25.0,
        "number_total_lanes": 6,
        "number_travel_lanes": 4,
        "status": "2",
        "modified_date": "2019-04-15 15:20:51+00:00"
      },
      "geometry": {
        "type": "MultiLineString",
        "coordinates": [
          [
            [
              -74.006021694986,
              40.706150601175
            ],
            [
              -74.005691968728,
              40.706383300927
            ]
          ]
        ]
      },
      "id": "nyc-centerline-88"
    },
    {
      "type": "Feature",
      "properties": {
        "road_id": "nyc-centerline-89",
        "object_id": 89,
        "physical_id": 125,
        "name": "WATER ST",
        "street_name": "WATER",
        "road_class": "other_four_plus_lane",
        "rw_type": 1,
        "segment_type": null,
        "posted_speed": 25.0,
        "number_total_lanes": 6,
        "number_travel_lanes": 4,
        "status": "2",
        "modified_date": "2019-04-15 15:21:08+00:00"
      },
      "geometry": {
        "type": "MultiLineString",
        "coordinates": [
          [
            [
              -74.005691968728,
              40.706383300927
            ],
            [
              -74.005003554799,
              40.706860757273
            ]
          ]
        ]
      },
      "id": "nyc-centerline-89"
    },
    {
      "type": "Feature",
      "properties": {
        "road_id": "nyc-centerline-896",
        "object_id": 896,
        "physical_id": 1094,
        "name": "DUANE ST",
        "street_name": "DUANE",
        "road_class": "other_four_plus_lane",
        "rw_type": 1,
        "segment_type": null,
        "posted_speed": 25.0,
        "number_total_lanes": 4,
        "number_travel_lanes": 4,
        "status": "2",
        "modified_date": "2017-03-17 09:27:27+00:00"
      },
      "geometry": {
        "type": "MultiLineString",
        "coordinates": [
          [
            [
              -74.003095041215,
              40.713966018313
            ],
            [
              -74.003221131298,
              40.714044476107
            ],
            [
              -74.003404918283,
              40.71415875503
            ]
          ]
        ]
      },
      "id": "nyc-centerline-896"
    },
    {
      "type": "Feature",
      "properties": {
        "road_id": "nyc-centerline-90",
        "object_id": 90,
        "physical_id": 126,
        "name": "WATER ST",
        "street_name": "WATER",
        "road_class": "other_four_plus_lane",
        "rw_type": 1,
        "segment_type": null,
        "posted_speed": 25.0,
        "number_total_lanes": 6,
        "number_travel_lanes": 4,
        "status": "2",
        "modified_date": "2019-04-15 15:21:43+00:00"
      },
      "geometry": {
        "type": "MultiLineString",
        "coordinates": [
          [
            [
              -74.005003554799,
              40.706860757273
            ],
            [
              -74.004057902028,
              40.707445019379
            ]
          ]
        ]
      },
      "id": "nyc-centerline-90"
    },
    {
      "type": "Feature",
      "properties": {
        "road_id": "nyc-centerline-91268",
        "object_id": 91268,
        "physical_id": 101010,
        "name": "PIKE SLIP",
        "street_name": "PIKE",
        "road_class": "other_four_plus_lane",
        "rw_type": 1,
        "segment_type": null,
        "posted_speed": 25.0,
        "number_total_lanes": 4,
        "number_travel_lanes": 3,
        "status": "2",
        "modified_date": "2024-09-20 09:04:35+00:00"
      },
      "geometry": {
        "type": "MultiLineString",
        "coordinates": [
          [
            [
              -73.992192884102,
              40.710899934152
            ],
            [
              -73.992122649718,
              40.71059134238
            ]
          ]
        ]
      },
      "id": "nyc-centerline-91268"
    },
    {
      "type": "Feature",
      "properties": {
        "road_id": "nyc-centerline-99360",
        "object_id": 99360,
        "physical_id": 115331,
        "name": "MADISON ST",
        "street_name": "MADISON",
        "road_class": "other_four_plus_lane",
        "rw_type": 1,
        "segment_type": null,
        "posted_speed": 25.0,
        "number_total_lanes": 4,
        "number_travel_lanes": 2,
        "status": "2",
        "modified_date": "2018-04-19 15:17:01+00:00"
      },
      "geometry": {
        "type": "MultiLineString",
        "coordinates": [
          [
            [
              -73.999579633384,
              40.711800486362
            ],
            [
              -73.999138644146,
              40.711842675764
            ],
            [
              -73.99900481361,
              40.711855478945
            ],
            [
              -73.998836100877,
              40.711871618762
            ],
            [
              -73.998679007231,
              40.711886646924
            ]
          ]
        ]
      },
      "id": "nyc-centerline-99360"
    },
    {
      "type": "Feature",
      "properties": {
        "road_id": "nyc-centerline-99362",
        "object_id": 99362,
        "physical_id": 115333,
        "name": "PEARL ST",
        "street_name": "PEARL",
        "road_class": "other_four_plus_lane",
        "rw_type": 1,
        "segment_type": null,
        "posted_speed": 25.0,
        "number_total_lanes": 6,
        "number_travel_lanes": 4,
        "status": "2",
        "modified_date": "2026-08-04 14:43:05+00:00"
      },
      "geometry": {
        "type": "MultiLineString",
        "coordinates": [
          [
            [
              -74.000797677011,
              40.71062652661
            ],
            [
              -74.000659045585,
              40.710809009839
            ],
            [
              -74.00051115978,
              40.710992508989
            ]
          ]
        ]
      },
      "id": "nyc-centerline-99362"
    }
  ],
  "name": "roads",
  "crs": {
    "type": "name",
    "properties": {
      "name": "urn:ogc:def:crs:OGC:1.3:CRS84"
    }
  },
  "metadata": {
    "fixture": false,
    "official_data": true,
    "region": "Lower Manhattan, New York City",
    "coordinate_reference_system": "OGC:CRS84",
    "source": "NYC Open Data official snapshot",
    "publishers": [
      "NYC Office of Technology and Innovation (OTI)"
    ],
    "dataset_ids": [
      "inkn-q76z"
    ],
    "dataset_urls": [
      "https://data.cityofnewyork.us/d/inkn-q76z"
    ],
    "source_files": [
      "centerline.geojson"
    ],
    "snapshot_date": "2026-08-27",
    "terms": "NYC Open Data Terms of Use",
    "terms_url": "https://opendata.cityofnewyork.us/overview/#termsofuse",
    "processing": "Fixed bbox and number_total_lanes >= 4 query; Broadway segments labelled major for bounded Demo filtering; geometry unchanged."
  }
}
