{ "type": "FeatureCollection", "features": [{"type":"Feature","geometry":{"type":"MultiLineString","coordinates":[[[-74.010677588554,40.707124607514],[-74.011191244024,40.706286965775]]]},"properties":{"rw_type":"1","objectid":"27","segment_type":null,"street_name":"BROAD","full_street_name":"BROAD ST","status":"2","posted_speed":"25","number_total_lanes":"4","modified_date":"2022-10-11T09:44:52.000Z","number_travel_lanes":"2","physicalid":"53"}},{"type":"Feature","geometry":{"type":"MultiLineString","coordinates":[[[-74.013520157365,40.706951509306],[-74.013374457728,40.707154690997]]]},"properties":{"rw_type":"1","objectid":"45","segment_type":null,"street_name":"TRINITY","full_street_name":"TRINITY PL","status":"2","posted_speed":"25","number_total_lanes":"4","modified_date":"2022-10-11T09:44:52.000Z","number_travel_lanes":"2","physicalid":"75"}},{"type":"Feature","geometry":{"type":"MultiLineString","coordinates":[[[-74.013374457728,40.707154690997],[-74.012962646873,40.707778559337]]]},"properties":{"rw_type":"1","objectid":"46","segment_type":null,"street_name":"TRINITY","full_street_name":"TRINITY PL","status":"2","posted_speed":"25","number_total_lanes":"4","modified_date":"2022-10-11T09:44:52.000Z","number_travel_lanes":"2","physicalid":"76"}},{"type":"Feature","geometry":{"type":"MultiLineString","coordinates":[[[-74.012962646873,40.707778559337],[-74.012145631413,40.709000884259]]]},"properties":{"rw_type":"1","objectid":"47","segment_type":null,"street_name":"TRINITY","full_street_name":"TRINITY PL","status":"2","posted_speed":"25","number_total_lanes":"4","modified_date":"2022-10-11T09:44:52.000Z","number_travel_lanes":"3","physicalid":"77"}},{"type":"Feature","geometry":{"type":"MultiLineString","coordinates":[[[-74.012145631413,40.709000884259],[-74.012088489999,40.709086357733]]]},"properties":{"rw_type":"1","objectid":"48","segment_type":null,"street_name":"TRINITY","full_street_name":"TRINITY PL","status":"2","posted_speed":"25","number_total_lanes":"4","modified_date":"2019-04-15T15:22:53.000Z","number_travel_lanes":"3","physicalid":"78"}},{"type":"Feature","geometry":{"type":"MultiLineString","coordinates":[[[-74.012088489999,40.709086357733],[-74.011936229636,40.709314122162]]]},"properties":{"rw_type":"1","objectid":"49","segment_type":null,"street_name":"TRINITY","full_street_name":"TRINITY PL","status":"2","posted_speed":"25","number_total_lanes":"4","modified_date":"2019-04-15T15:20:51.000Z","number_travel_lanes":"3","physicalid":"79"}},{"type":"Feature","geometry":{"type":"MultiLineString","coordinates":[[[-74.011936229636,40.709314122162],[-74.011686766037,40.709700982008]]]},"properties":{"rw_type":"1","objectid":"50","segment_type":null,"street_name":"TRINITY","full_street_name":"TRINITY PL","status":"2","posted_speed":"25","number_total_lanes":"4","modified_date":"2021-04-15T11:41:54.000Z","number_travel_lanes":"3","physicalid":"80"}},{"type":"Feature","geometry":{"type":"MultiLineString","coordinates":[[[-74.004057902028,40.707445019379],[-74.003403412764,40.708091913356]]]},"properties":{"rw_type":"1","objectid":"67","segment_type":null,"street_name":"PEARL","full_street_name":"PEARL ST","status":"2","posted_speed":"25","number_total_lanes":"6","modified_date":"2019-04-15T15:22:00.000Z","number_travel_lanes":"4","physicalid":"98"}},{"type":"Feature","geometry":{"type":"MultiLineString","coordinates":[[[-74.001665967749,40.709531002264],[-74.001624206517,40.7095686735]]]},"properties":{"rw_type":"1","objectid":"68","segment_type":null,"street_name":"PEARL","full_street_name":"PEARL ST","status":"2","posted_speed":"25","number_total_lanes":"4","modified_date":"2026-08-04T14:43:05.000Z","number_travel_lanes":"4","physicalid":"101"}},{"type":"Feature","geometry":{"type":"MultiLineString","coordinates":[[[-74.001624206517,40.7095686735],[-74.001577452927,40.709628243258]]]},"properties":{"rw_type":"1","objectid":"69","segment_type":null,"street_name":"PEARL","full_street_name":"PEARL ST","status":"2","posted_speed":"25","number_total_lanes":"4","modified_date":"2026-08-04T14:43:05.000Z","number_travel_lanes":"4","physicalid":"102"}},{"type":"Feature","geometry":{"type":"MultiLineString","coordinates":[[[-74.001577452927,40.709628243258],[-74.001520687234,40.70970058221]]]},"properties":{"rw_type":"1","objectid":"70","segment_type":null,"street_name":"PEARL","full_street_name":"PEARL ST","status":"2","posted_speed":"25","number_total_lanes":"4","modified_date":"2026-08-04T14:43:05.000Z","number_travel_lanes":"4","physicalid":"103"}},{"type":"Feature","geometry":{"type":"MultiLineString","coordinates":[[[-74.001520687234,40.70970058221],[-74.001472702027,40.709754793587]]]},"properties":{"rw_type":"1","objectid":"71","segment_type":null,"street_name":"PEARL","full_street_name":"PEARL ST","status":"2","posted_speed":"25","number_total_lanes":"4","modified_date":"2026-08-04T14:43:05.000Z","number_travel_lanes":"4","physicalid":"104"}},{"type":"Feature","geometry":{"type":"MultiLineString","coordinates":[[[-74.001420646196,40.709823035051],[-74.001283884985,40.71000229229]]]},"properties":{"rw_type":"1","objectid":"72","segment_type":null,"street_name":"PEARL","full_street_name":"PEARL ST","status":"2","posted_speed":"25","number_total_lanes":"4","modified_date":"2026-08-04T14:43:05.000Z","number_travel_lanes":"4","physicalid":"105"}},{"type":"Feature","geometry":{"type":"MultiLineString","coordinates":[[[-74.001283884985,40.71000229229],[-74.001236065275,40.710063572369]]]},"properties":{"rw_type":"1","objectid":"73","segment_type":null,"street_name":"PEARL","full_street_name":"PEARL ST","status":"2","posted_speed":"25","number_total_lanes":"4","modified_date":"2026-08-04T14:43:05.000Z","number_travel_lanes":"4","physicalid":"106"}},{"type":"Feature","geometry":{"type":"MultiLineString","coordinates":[[[-74.001236065275,40.710063572369],[-74.001137766538,40.710184203585]]]},"properties":{"rw_type":"1","objectid":"74","segment_type":null,"street_name":"PEARL","full_street_name":"PEARL ST","status":"2","posted_speed":"25","number_total_lanes":"4","modified_date":"2026-08-04T14:43:05.000Z","number_travel_lanes":"4","physicalid":"107"}},{"type":"Feature","geometry":{"type":"MultiLineString","coordinates":[[[-74.001137766538,40.710184203585],[-74.00100455402,40.710362269163],[-74.000907635279,40.710486070281],[-74.000797677011,40.71062652661]]]},"properties":{"rw_type":"1","objectid":"75","segment_type":null,"street_name":"PEARL","full_street_name":"PEARL ST","status":"2","posted_speed":"25","number_total_lanes":"6","modified_date":"2026-08-04T14:43:05.000Z","number_travel_lanes":"4","physicalid":"108"}},{"type":"Feature","geometry":{"type":"MultiLineString","coordinates":[[[-74.00051115978,40.710992508989],[-74.000587970695,40.711070072311],[-74.000656509667,40.711152000666],[-74.000716350342,40.711237784391],[-74.00076712047,40.711326889842]],[[-74.00076712047,40.711326889842],[-74.000808503978,40.711418763103],[-74.000840243611,40.711512832255],[-74.000862141925,40.711608512115],[-74.000874062698,40.711705207482]]]},"properties":{"rw_type":"1","objectid":"76","segment_type":null,"street_name":"PEARL","full_street_name":"PEARL ST","status":"2","posted_speed":"25","number_total_lanes":"4","modified_date":"2025-07-25T10:28:06.000Z","number_travel_lanes":"2","physicalid":"109"}},{"type":"Feature","geometry":{"type":"MultiLineString","coordinates":[[[-74.007393489163,40.705190926682],[-74.006766877648,40.705632035767]]]},"properties":{"rw_type":"1","objectid":"86","segment_type":null,"street_name":"WATER","full_street_name":"WATER ST","status":"2","posted_speed":"25","number_total_lanes":"6","modified_date":"2019-04-15T15:23:45.000Z","number_travel_lanes":"4","physicalid":"122"}},{"type":"Feature","geometry":{"type":"MultiLineString","coordinates":[[[-74.006766877648,40.705632035767],[-74.006021694986,40.706150601175]]]},"properties":{"rw_type":"1","objectid":"87","segment_type":null,"street_name":"WATER","full_street_name":"WATER ST","status":"2","posted_speed":"25","number_total_lanes":"6","modified_date":"2019-04-15T15:17:53.000Z","number_travel_lanes":"4","physicalid":"123"}},{"type":"Feature","geometry":{"type":"MultiLineString","coordinates":[[[-74.006021694986,40.706150601175],[-74.005691968728,40.706383300927]]]},"properties":{"rw_type":"1","objectid":"88","segment_type":null,"street_name":"WATER","full_street_name":"WATER ST","status":"2","posted_speed":"25","number_total_lanes":"6","modified_date":"2019-04-15T15:20:51.000Z","number_travel_lanes":"4","physicalid":"124"}},{"type":"Feature","geometry":{"type":"MultiLineString","coordinates":[[[-74.005691968728,40.706383300927],[-74.005003554799,40.706860757273]]]},"properties":{"rw_type":"1","objectid":"89","segment_type":null,"street_name":"WATER","full_street_name":"WATER ST","status":"2","posted_speed":"25","number_total_lanes":"6","modified_date":"2019-04-15T15:21:08.000Z","number_travel_lanes":"4","physicalid":"125"}},{"type":"Feature","geometry":{"type":"MultiLineString","coordinates":[[[-74.005003554799,40.706860757273],[-74.004057902028,40.707445019379]]]},"properties":{"rw_type":"1","objectid":"90","segment_type":null,"street_name":"WATER","full_street_name":"WATER ST","status":"2","posted_speed":"25","number_total_lanes":"6","modified_date":"2019-04-15T15:21:43.000Z","number_travel_lanes":"4","physicalid":"126"}},{"type":"Feature","geometry":{"type":"MultiLineString","coordinates":[[[-74.010802069424,40.711025646201],[-74.010466641785,40.711542786564]]]},"properties":{"rw_type":"1","objectid":"104","segment_type":null,"street_name":"CHURCH","full_street_name":"CHURCH ST","status":"2","posted_speed":"25","number_total_lanes":"5","modified_date":"2022-05-02T16:20:19.000Z","number_travel_lanes":"4","physicalid":"142"}},{"type":"Feature","geometry":{"type":"MultiLineString","coordinates":[[[-74.011232308233,40.710375103202],[-74.010802069424,40.711025646201]]]},"properties":{"rw_type":"1","objectid":"105","segment_type":null,"street_name":"CHURCH","full_street_name":"CHURCH ST","status":"2","posted_speed":"25","number_total_lanes":"5","modified_date":"2022-05-02T16:20:19.000Z","number_travel_lanes":"4","physicalid":"143"}},{"type":"Feature","geometry":{"type":"MultiLineString","coordinates":[[[-74.010466641785,40.711542786564],[-74.01012297732,40.712092935828]]]},"properties":{"rw_type":"1","objectid":"106","segment_type":null,"street_name":"CHURCH","full_street_name":"CHURCH ST","status":"2","posted_speed":"25","number_total_lanes":"4","modified_date":"2022-05-02T16:20:19.000Z","number_travel_lanes":"2","physicalid":"144"}},{"type":"Feature","geometry":{"type":"MultiLineString","coordinates":[[[-74.01012297732,40.712092935828],[-74.009669424499,40.712732809713]]]},"properties":{"rw_type":"1","objectid":"107","segment_type":null,"street_name":"CHURCH","full_street_name":"CHURCH ST","status":"2","posted_speed":"25","number_total_lanes":"5","modified_date":"2019-04-15T15:21:43.000Z","number_travel_lanes":"4","physicalid":"145"}},{"type":"Feature","geometry":{"type":"MultiLineString","coordinates":[[[-74.009669424499,40.712732809713],[-74.009255979918,40.713264045832]]]},"properties":{"rw_type":"1","objectid":"108","segment_type":null,"street_name":"CHURCH","full_street_name":"CHURCH ST","status":"2","posted_speed":"25","number_total_lanes":"5","modified_date":"2023-09-26T09:48:14.000Z","number_travel_lanes":"3","physicalid":"146"}},{"type":"Feature","geometry":{"type":"MultiLineString","coordinates":[[[-74.009255979918,40.713264045832],[-74.008833262921,40.71380418721]]]},"properties":{"rw_type":"1","objectid":"109","segment_type":null,"street_name":"CHURCH","full_street_name":"CHURCH ST","status":"2","posted_speed":"25","number_total_lanes":"5","modified_date":"2023-09-26T09:48:14.000Z","number_travel_lanes":"3","physicalid":"147"}},{"type":"Feature","geometry":{"type":"MultiLineString","coordinates":[[[-74.008833262921,40.71380418721],[-74.008388210315,40.714370533528]]]},"properties":{"rw_type":"1","objectid":"110","segment_type":null,"street_name":"CHURCH","full_street_name":"CHURCH ST","status":"2","posted_speed":"25","number_total_lanes":"5","modified_date":"2023-09-26T09:48:14.000Z","number_travel_lanes":"3","physicalid":"148"}},{"type":"Feature","geometry":{"type":"MultiLineString","coordinates":[[[-74.008388210315,40.714370533528],[-74.007940735565,40.714935212698]]]},"properties":{"rw_type":"1","objectid":"111","segment_type":null,"street_name":"CHURCH","full_street_name":"CHURCH ST","status":"2","posted_speed":"25","number_total_lanes":"5","modified_date":"2026-08-04T14:35:18.000Z","number_travel_lanes":"3","physicalid":"149"}},{"type":"Feature","geometry":{"type":"MultiLineString","coordinates":[[[-74.007545060654,40.71544106481],[-74.007098589737,40.716006505822]]]},"properties":{"rw_type":"1","objectid":"112","segment_type":null,"street_name":"CHURCH","full_street_name":"CHURCH ST","status":"2","posted_speed":"25","number_total_lanes":"5","modified_date":"2025-10-28T13:25:31.000Z","number_travel_lanes":"3","physicalid":"151"}},{"type":"Feature","geometry":{"type":"MultiLineString","coordinates":[[[-74.007098589737,40.716006505822],[-74.006675493978,40.716540317472]]]},"properties":{"rw_type":"1","objectid":"113","segment_type":null,"street_name":"CHURCH","full_street_name":"CHURCH ST","status":"2","posted_speed":"25","number_total_lanes":"5","modified_date":"2026-08-04T14:35:18.000Z","number_travel_lanes":"3","physicalid":"152"}},{"type":"Feature","geometry":{"type":"MultiLineString","coordinates":[[[-74.006675493978,40.716540317472],[-74.0062503216,40.717083952258]]]},"properties":{"rw_type":"1","objectid":"114","segment_type":null,"street_name":"CHURCH","full_street_name":"CHURCH ST","status":"2","posted_speed":"25","number_total_lanes":"5","modified_date":"2026-08-04T14:35:18.000Z","number_travel_lanes":"3","physicalid":"153"}},{"type":"Feature","geometry":{"type":"MultiLineString","coordinates":[[[-74.0062503216,40.717083952258],[-74.005778598853,40.717684887336]]]},"properties":{"rw_type":"1","objectid":"115","segment_type":null,"street_name":"CHURCH","full_street_name":"CHURCH ST","status":"2","posted_speed":"25","number_total_lanes":"5","modified_date":"2025-10-28T13:25:31.000Z","number_travel_lanes":"3","physicalid":"154"}},{"type":"Feature","geometry":{"type":"MultiLineString","coordinates":[[[-74.005778598853,40.717684887336],[-74.005324998711,40.718281587197]]]},"properties":{"rw_type":"1","objectid":"116","segment_type":null,"street_name":"CHURCH","full_street_name":"CHURCH ST","status":"2","posted_speed":"25","number_total_lanes":"5","modified_date":"2026-08-04T14:35:18.000Z","number_travel_lanes":"3","physicalid":"155"}},{"type":"Feature","geometry":{"type":"MultiLineString","coordinates":[[[-74.005324998711,40.718281587197],[-74.004846168153,40.718861257686]]]},"properties":{"rw_type":"1","objectid":"117","segment_type":null,"street_name":"CHURCH","full_street_name":"CHURCH ST","status":"2","posted_speed":"25","number_total_lanes":"4","modified_date":"2024-05-15T10:11:02.000Z","number_travel_lanes":"3","physicalid":"156"}},{"type":"Feature","geometry":{"type":"MultiLineString","coordinates":[[[-74.004846168153,40.718861257686],[-74.004373450652,40.719474965517]]]},"properties":{"rw_type":"1","objectid":"118","segment_type":null,"street_name":"CHURCH","full_street_name":"CHURCH ST","status":"2","posted_speed":"25","number_total_lanes":"5","modified_date":"2017-03-17T09:34:51.000Z","number_travel_lanes":"3","physicalid":"157"}},{"type":"Feature","geometry":{"type":"MultiLineString","coordinates":[[[-74.011686766037,40.709700982008],[-74.011232308233,40.710375103202]]]},"properties":{"rw_type":"1","objectid":"121","segment_type":null,"street_name":"CHURCH","full_street_name":"CHURCH ST","status":"2","posted_speed":"25","number_total_lanes":"4","modified_date":"2022-05-02T16:20:19.000Z","number_travel_lanes":"4","physicalid":"160"}},{"type":"Feature","geometry":{"type":"MultiLineString","coordinates":[[[-74.010527526303,40.718122820518],[-74.010402569697,40.718810271858]]]},"properties":{"rw_type":"1","objectid":"368","segment_type":null,"street_name":"GREENWICH","full_street_name":"GREENWICH ST","status":"2","posted_speed":"25","number_total_lanes":"4","modified_date":"2017-03-17T09:54:07.000Z","number_travel_lanes":"2","physicalid":"480"}},{"type":"Feature","geometry":{"type":"MultiLineString","coordinates":[[[-74.010694195963,40.717478202071],[-74.010527526303,40.718122820518]]]},"properties":{"rw_type":"1","objectid":"369","segment_type":null,"street_name":"GREENWICH","full_street_name":"GREENWICH ST","status":"2","posted_speed":"25","number_total_lanes":"4","modified_date":"2017-03-17T10:05:32.000Z","number_travel_lanes":"2","physicalid":"481"}},{"type":"Feature","geometry":{"type":"MultiLineString","coordinates":[[[-74.010834899862,40.71693351524],[-74.010694195963,40.717478202071]]]},"properties":{"rw_type":"1","objectid":"370","segment_type":null,"street_name":"GREENWICH","full_street_name":"GREENWICH ST","status":"2","posted_speed":"25","number_total_lanes":"4","modified_date":"2017-03-17T09:56:14.000Z","number_travel_lanes":"2","physicalid":"482"}},{"type":"Feature","geometry":{"type":"MultiLineString","coordinates":[[[-74.010968439623,40.71631124063],[-74.010834899862,40.71693351524]]]},"properties":{"rw_type":"1","objectid":"371","segment_type":null,"street_name":"GREENWICH","full_street_name":"GREENWICH ST","status":"2","posted_speed":"25","number_total_lanes":"4","modified_date":"2018-04-19T14:57:33.000Z","number_travel_lanes":"2","physicalid":"483"}},{"type":"Feature","geometry":{"type":"MultiLineString","coordinates":[[[-74.011119752673,40.715601636663],[-74.010968439623,40.71631124063]]]},"properties":{"rw_type":"1","objectid":"372","segment_type":null,"street_name":"GREENWICH","full_street_name":"GREENWICH ST","status":"2","posted_speed":"25","number_total_lanes":"4","modified_date":"2017-12-21T10:25:33.000Z","number_travel_lanes":"2","physicalid":"484"}},{"type":"Feature","geometry":{"type":"MultiLineString","coordinates":[[[-74.011528198668,40.714302111041],[-74.011361284634,40.71493040968]]]},"properties":{"rw_type":"1","objectid":"374","segment_type":null,"street_name":"GREENWICH","full_street_name":"GREENWICH ST","status":"2","posted_speed":"25","number_total_lanes":"4","modified_date":"2017-03-17T10:01:44.000Z","number_travel_lanes":"2","physicalid":"486"}},{"type":"Feature","geometry":{"type":"MultiLineString","coordinates":[[[-74.011716505197,40.713666031319],[-74.011528198668,40.714302111041]]]},"properties":{"rw_type":"1","objectid":"375","segment_type":null,"street_name":"GREENWICH","full_street_name":"GREENWICH ST","status":"2","posted_speed":"25","number_total_lanes":"4","modified_date":"2020-01-10T11:11:54.000Z","number_travel_lanes":"2","physicalid":"487"}},{"type":"Feature","geometry":{"type":"MultiLineString","coordinates":[[[-74.011013286745,40.708602260775],[-74.010847683648,40.708805783215]]]},"properties":{"rw_type":"1","objectid":"378","segment_type":null,"street_name":"BROADWAY","full_street_name":"BROADWAY","status":"2","posted_speed":"25","number_total_lanes":"4","modified_date":"2022-05-02T16:20:19.000Z","number_travel_lanes":"2","physicalid":"490"}},{"type":"Feature","geometry":{"type":"MultiLineString","coordinates":[[[-74.011249651756,40.7083129399],[-74.011013286745,40.708602260775]]]},"properties":{"rw_type":"1","objectid":"379","segment_type":null,"street_name":"BROADWAY","full_street_name":"BROADWAY","status":"2","posted_speed":"25","number_total_lanes":"4","modified_date":"2022-05-02T16:20:19.000Z","number_travel_lanes":"2","physicalid":"491"}},{"type":"Feature","geometry":{"type":"MultiLineString","coordinates":[[[-74.010847683648,40.708805783215],[-74.010543766684,40.709162386989]]]},"properties":{"rw_type":"1","objectid":"380","segment_type":null,"street_name":"BROADWAY","full_street_name":"BROADWAY","status":"2","posted_speed":"25","number_total_lanes":"4","modified_date":"2022-05-02T16:20:19.000Z","number_travel_lanes":"2","physicalid":"492"}},{"type":"Feature","geometry":{"type":"MultiLineString","coordinates":[[[-74.010543766684,40.709162386989],[-74.00998869368,40.709813911083]]]},"properties":{"rw_type":"1","objectid":"381","segment_type":null,"street_name":"BROADWAY","full_street_name":"BROADWAY","status":"2","posted_speed":"25","number_total_lanes":"4","modified_date":"2022-05-02T16:20:19.000Z","number_travel_lanes":"2","physicalid":"493"}},{"type":"Feature","geometry":{"type":"MultiLineString","coordinates":[[[-74.00998869368,40.709813911083],[-74.009544074258,40.710335732103]]]},"properties":{"rw_type":"1","objectid":"382","segment_type":null,"street_name":"BROADWAY","full_street_name":"BROADWAY","status":"2","posted_speed":"25","number_total_lanes":"4","modified_date":"2022-05-02T16:20:19.000Z","number_travel_lanes":"2","physicalid":"494"}},{"type":"Feature","geometry":{"type":"MultiLineString","coordinates":[[[-74.009474880771,40.710420782258],[-74.009063949461,40.710894942857]]]},"properties":{"rw_type":"1","objectid":"384","segment_type":null,"street_name":"BROADWAY","full_street_name":"BROADWAY","status":"2","posted_speed":"25","number_total_lanes":"4","modified_date":"2022-05-02T16:20:19.000Z","number_travel_lanes":"2","physicalid":"496"}},{"type":"Feature","geometry":{"type":"MultiLineString","coordinates":[[[-74.009063949461,40.710894942857],[-74.008602155465,40.711400479061]]]},"properties":{"rw_type":"1","objectid":"385","segment_type":null,"street_name":"BROADWAY","full_street_name":"BROADWAY","status":"2","posted_speed":"25","number_total_lanes":"5","modified_date":"2026-08-14T09:59:09.000Z","number_travel_lanes":"4","physicalid":"497"}},{"type":"Feature","geometry":{"type":"MultiLineString","coordinates":[[[-74.008101120099,40.712002643384],[-74.007667005288,40.712540881615]]]},"properties":{"rw_type":"1","objectid":"386","segment_type":null,"street_name":"BROADWAY","full_street_name":"BROADWAY","status":"2","posted_speed":"25","number_total_lanes":"5","modified_date":"2019-04-15T15:17:53.000Z","number_travel_lanes":"4","physicalid":"499"}},{"type":"Feature","geometry":{"type":"MultiLineString","coordinates":[[[-74.007667005288,40.712540881615],[-74.007225804396,40.713063512303]]]},"properties":{"rw_type":"1","objectid":"387","segment_type":null,"street_name":"BROADWAY","full_street_name":"BROADWAY","status":"2","posted_speed":"25","number_total_lanes":"5","modified_date":"2019-09-05T17:12:05.000Z","number_travel_lanes":"4","physicalid":"500"}},{"type":"Feature","geometry":{"type":"MultiLineString","coordinates":[[[-74.006783249847,40.713614392088],[-74.006310996849,40.714174066594]]]},"properties":{"rw_type":"1","objectid":"388","segment_type":null,"street_name":"BROADWAY","full_street_name":"BROADWAY","status":"2","posted_speed":"25","number_total_lanes":"5","modified_date":"2019-04-15T15:23:45.000Z","number_travel_lanes":"4","physicalid":"502"}},{"type":"Feature","geometry":{"type":"MultiLineString","coordinates":[[[-74.006310996849,40.714174066594],[-74.005889798112,40.714685525278]]]},"properties":{"rw_type":"1","objectid":"389","segment_type":null,"street_name":"BROADWAY","full_street_name":"BROADWAY","status":"2","posted_speed":"25","number_total_lanes":"4","modified_date":"2019-04-15T15:25:13.000Z","number_travel_lanes":"2","physicalid":"503"}},{"type":"Feature","geometry":{"type":"MultiLineString","coordinates":[[[-74.005889798112,40.714685525278],[-74.005420784733,40.715244296769]]]},"properties":{"rw_type":"1","objectid":"390","segment_type":null,"street_name":"BROADWAY","full_street_name":"BROADWAY","status":"2","posted_speed":"25","number_total_lanes":"4","modified_date":"2019-04-15T15:17:53.000Z","number_travel_lanes":"2","physicalid":"504"}},{"type":"Feature","geometry":{"type":"MultiLineString","coordinates":[[[-74.005420784733,40.715244296769],[-74.004977429487,40.715768179727]]]},"properties":{"rw_type":"1","objectid":"391","segment_type":null,"street_name":"BROADWAY","full_street_name":"BROADWAY","status":"2","posted_speed":"25","number_total_lanes":"4","modified_date":"2026-05-12T15:45:27.000Z","number_travel_lanes":"2","physicalid":"505"}},{"type":"Feature","geometry":{"type":"MultiLineString","coordinates":[[[-74.004977429487,40.715768179727],[-74.004534801506,40.716288153013]]]},"properties":{"rw_type":"1","objectid":"392","segment_type":null,"street_name":"BROADWAY","full_street_name":"BROADWAY","status":"2","posted_speed":"25","number_total_lanes":"4","modified_date":"2019-04-15T15:22:53.000Z","number_travel_lanes":"2","physicalid":"506"}},{"type":"Feature","geometry":{"type":"MultiLineString","coordinates":[[[-74.004534801506,40.716288153013],[-74.004199527464,40.716678689738]]]},"properties":{"rw_type":"1","objectid":"393","segment_type":null,"street_name":"BROADWAY","full_street_name":"BROADWAY","status":"2","posted_speed":"25","number_total_lanes":"4","modified_date":"2019-04-15T15:21:43.000Z","number_travel_lanes":"2","physicalid":"507"}},{"type":"Feature","geometry":{"type":"MultiLineString","coordinates":[[[-74.004199527464,40.716678689738],[-74.00402732647,40.716879257767]]]},"properties":{"rw_type":"1","objectid":"394","segment_type":null,"street_name":"BROADWAY","full_street_name":"BROADWAY","status":"2","posted_speed":"25","number_total_lanes":"4","modified_date":"2019-04-15T15:19:03.000Z","number_travel_lanes":"2","physicalid":"508"}},{"type":"Feature","geometry":{"type":"MultiLineString","coordinates":[[[-74.00402732647,40.716879257767],[-74.003536106624,40.717455193362]]]},"properties":{"rw_type":"1","objectid":"395","segment_type":null,"street_name":"BROADWAY","full_street_name":"BROADWAY","status":"2","posted_speed":"25","number_total_lanes":"4","modified_date":"2024-04-08T09:04:07.000Z","number_travel_lanes":"2","physicalid":"509"}},{"type":"Feature","geometry":{"type":"MultiLineString","coordinates":[[[-74.003046634579,40.718034056983],[-74.002539287118,40.718635124058]]]},"properties":{"rw_type":"1","objectid":"396","segment_type":null,"street_name":"BROADWAY","full_street_name":"BROADWAY","status":"2","posted_speed":"25","number_total_lanes":"4","modified_date":"2019-04-15T15:24:55.000Z","number_travel_lanes":"2","physicalid":"511"}},{"type":"Feature","geometry":{"type":"MultiLineString","coordinates":[[[-74.002539287118,40.718635124058],[-74.002092916471,40.719161633949]]]},"properties":{"rw_type":"1","objectid":"397","segment_type":null,"street_name":"BROADWAY","full_street_name":"BROADWAY","status":"2","posted_speed":"25","number_total_lanes":"4","modified_date":"2019-04-15T15:17:36.000Z","number_travel_lanes":"2","physicalid":"512"}},{"type":"Feature","geometry":{"type":"MultiLineString","coordinates":[[[-74.002092916471,40.719161633949],[-74.001885362827,40.71940581094]]]},"properties":{"rw_type":"1","objectid":"398","segment_type":null,"street_name":"BROADWAY","full_street_name":"BROADWAY","status":"2","posted_speed":"25","number_total_lanes":"4","modified_date":"2019-04-15T15:23:27.000Z","number_travel_lanes":"2","physicalid":"513"}},{"type":"Feature","geometry":{"type":"MultiLineString","coordinates":[[[-74.011703801392,40.707763951687],[-74.011249651756,40.7083129399]]]},"properties":{"rw_type":"1","objectid":"417","segment_type":null,"street_name":"BROADWAY","full_street_name":"BROADWAY","status":"2","posted_speed":"25","number_total_lanes":"4","modified_date":"2022-05-02T16:20:19.000Z","number_travel_lanes":"2","physicalid":"535"}},{"type":"Feature","geometry":{"type":"MultiLineString","coordinates":[[[-74.0119482164,40.707459769877],[-74.011703801392,40.707763951687]]]},"properties":{"rw_type":"1","objectid":"418","segment_type":null,"street_name":"BROADWAY","full_street_name":"BROADWAY","status":"2","posted_speed":"25","number_total_lanes":"4","modified_date":"2022-05-02T16:20:19.000Z","number_travel_lanes":"2","physicalid":"536"}},{"type":"Feature","geometry":{"type":"MultiLineString","coordinates":[[[-74.012509042812,40.706775303859],[-74.0119482164,40.707459769877]]]},"properties":{"rw_type":"1","objectid":"419","segment_type":null,"street_name":"BROADWAY","full_street_name":"BROADWAY","status":"2","posted_speed":"25","number_total_lanes":"4","modified_date":"2022-11-21T13:44:11.000Z","number_travel_lanes":"2","physicalid":"537"}},{"type":"Feature","geometry":{"type":"MultiLineString","coordinates":[[[-74.011000673025,40.713337760974],[-74.010561847621,40.713854515092]]]},"properties":{"rw_type":"1","objectid":"425","segment_type":null,"street_name":"BROADWAY","full_street_name":"W  BROADWAY","status":"2","posted_speed":"25","number_total_lanes":"4","modified_date":"2024-09-23T14:48:37.000Z","number_travel_lanes":"2","physicalid":"544"}},{"type":"Feature","geometry":{"type":"MultiLineString","coordinates":[[[-74.011680431648,40.712788786616],[-74.011000673025,40.713337760974]]]},"properties":{"rw_type":"1","objectid":"426","segment_type":null,"street_name":"BROADWAY","full_street_name":"W  BROADWAY","status":"2","posted_speed":"25","number_total_lanes":"5","modified_date":"2017-07-18T16:05:07.000Z","number_travel_lanes":"3","physicalid":"545"}},{"type":"Feature","geometry":{"type":"MultiLineString","coordinates":[[[-74.010129409007,40.714391006138],[-74.009691054948,40.714959233162]]]},"properties":{"rw_type":"1","objectid":"427","segment_type":null,"street_name":"BROADWAY","full_street_name":"W  BROADWAY","status":"2","posted_speed":"25","number_total_lanes":"5","modified_date":"2024-09-23T14:48:37.000Z","number_travel_lanes":"3","physicalid":"547"}},{"type":"Feature","geometry":{"type":"MultiLineString","coordinates":[[[-74.009691054948,40.714959233162],[-74.009240376263,40.715528408001]]]},"properties":{"rw_type":"1","objectid":"428","segment_type":null,"street_name":"BROADWAY","full_street_name":"W  BROADWAY","status":"2","posted_speed":"25","number_total_lanes":"5","modified_date":"2025-10-28T13:25:31.000Z","number_travel_lanes":"3","physicalid":"548"}},{"type":"Feature","geometry":{"type":"MultiLineString","coordinates":[[[-74.008824585536,40.716022063926],[-74.008379614082,40.716595731465]]]},"properties":{"rw_type":"1","objectid":"429","segment_type":null,"street_name":"BROADWAY","full_street_name":"W  BROADWAY","status":"2","posted_speed":"25","number_total_lanes":"4","modified_date":"2026-08-04T14:35:18.000Z","number_travel_lanes":"2","physicalid":"550"}},{"type":"Feature","geometry":{"type":"MultiLineString","coordinates":[[[-74.008379614082,40.716595731465],[-74.007958335697,40.71713054729]]]},"properties":{"rw_type":"1","objectid":"430","segment_type":null,"street_name":"BROADWAY","full_street_name":"W  BROADWAY","status":"2","posted_speed":"25","number_total_lanes":"4","modified_date":"2025-10-28T13:25:31.000Z","number_travel_lanes":"2","physicalid":"551"}},{"type":"Feature","geometry":{"type":"MultiLineString","coordinates":[[[-74.007958335697,40.71713054729],[-74.007537241031,40.717669476987]]]},"properties":{"rw_type":"1","objectid":"431","segment_type":null,"street_name":"BROADWAY","full_street_name":"W  BROADWAY","status":"2","posted_speed":"25","number_total_lanes":"4","modified_date":"2026-08-04T14:35:18.000Z","number_travel_lanes":"2","physicalid":"552"}},{"type":"Feature","geometry":{"type":"MultiLineString","coordinates":[[[-74.006594914221,40.718870419076],[-74.006433250645,40.719090234019]]]},"properties":{"rw_type":"1","objectid":"434","segment_type":null,"street_name":"BROADWAY","full_street_name":"W  BROADWAY","status":"2","posted_speed":"25","number_total_lanes":"4","modified_date":"2025-10-28T13:25:31.000Z","number_travel_lanes":"2","physicalid":"556"}},{"type":"Feature","geometry":{"type":"MultiLineString","coordinates":[[[-74.006433250645,40.719090234019],[-74.006135868486,40.719454038]]]},"properties":{"rw_type":"1","objectid":"435","segment_type":null,"street_name":"BROADWAY","full_street_name":"W  BROADWAY","status":"2","posted_speed":"25","number_total_lanes":"4","modified_date":"2026-08-04T14:35:18.000Z","number_travel_lanes":"2","physicalid":"557"}},{"type":"Feature","geometry":{"type":"MultiLineString","coordinates":[[[-74.006135868486,40.719454038],[-74.005940957621,40.719702246954]]]},"properties":{"rw_type":"1","objectid":"436","segment_type":null,"street_name":"BROADWAY","full_street_name":"W  BROADWAY","status":"2","posted_speed":"25","number_total_lanes":"4","modified_date":"2025-10-28T13:25:31.000Z","number_travel_lanes":"2","physicalid":"558"}},{"type":"Feature","geometry":{"type":"MultiLineString","coordinates":[[[-74.00920670344,40.716196192972],[-74.00911667968,40.716928846591]]]},"properties":{"rw_type":"1","objectid":"465","segment_type":null,"street_name":"HUDSON","full_street_name":"HUDSON ST","status":"2","posted_speed":"25","number_total_lanes":"4","modified_date":"2017-03-17T09:34:51.000Z","number_travel_lanes":"2","physicalid":"589"}},{"type":"Feature","geometry":{"type":"MultiLineString","coordinates":[[[-74.00911667968,40.716928846591],[-74.009064841046,40.717272818091]]]},"properties":{"rw_type":"1","objectid":"466","segment_type":null,"street_name":"HUDSON","full_street_name":"HUDSON ST","status":"2","posted_speed":"25","number_total_lanes":"4","modified_date":"2017-03-17T09:42:32.000Z","number_travel_lanes":"2","physicalid":"590"}},{"type":"Feature","geometry":{"type":"MultiLineString","coordinates":[[[-74.009064841046,40.717272818091],[-74.009001496918,40.717605633999]]]},"properties":{"rw_type":"1","objectid":"467","segment_type":null,"street_name":"HUDSON","full_street_name":"HUDSON ST","status":"2","posted_speed":"25","number_total_lanes":"5","modified_date":"2017-03-17T09:47:30.000Z","number_travel_lanes":"3","physicalid":"591"}},{"type":"Feature","geometry":{"type":"MultiLineString","coordinates":[[[-74.009001496918,40.717605633999],[-74.008943737175,40.717933081862]]]},"properties":{"rw_type":"1","objectid":"468","segment_type":null,"street_name":"HUDSON","full_street_name":"HUDSON ST","status":"2","posted_speed":"25","number_total_lanes":"5","modified_date":"2017-03-17T09:51:32.000Z","number_travel_lanes":"3","physicalid":"592"}},{"type":"Feature","geometry":{"type":"MultiLineString","coordinates":[[[-74.008884356891,40.718274604912],[-74.00882100435,40.718649339249]]]},"properties":{"rw_type":"1","objectid":"469","segment_type":null,"street_name":"HUDSON","full_street_name":"HUDSON ST","status":"2","posted_speed":"25","number_total_lanes":"5","modified_date":"2019-04-15T15:24:55.000Z","number_travel_lanes":"3","physicalid":"594"}},{"type":"Feature","geometry":{"type":"MultiLineString","coordinates":[[[-74.00882100435,40.718649339249],[-74.008748586331,40.719037176162]]]},"properties":{"rw_type":"1","objectid":"470","segment_type":null,"street_name":"HUDSON","full_street_name":"HUDSON ST","status":"2","posted_speed":"25","number_total_lanes":"5","modified_date":"2019-04-15T15:25:48.000Z","number_travel_lanes":"3","physicalid":"595"}},{"type":"Feature","geometry":{"type":"MultiLineString","coordinates":[[[-74.008748586331,40.719037176162],[-74.008700675646,40.719304316273]]]},"properties":{"rw_type":"1","objectid":"471","segment_type":null,"street_name":"HUDSON","full_street_name":"HUDSON ST","status":"2","posted_speed":"25","number_total_lanes":"5","modified_date":"2019-04-15T15:21:43.000Z","number_travel_lanes":"3","physicalid":"596"}},{"type":"Feature","geometry":{"type":"MultiLineString","coordinates":[[[-74.008700675646,40.719304316273],[-74.008585020127,40.719960175464]]]},"properties":{"rw_type":"1","objectid":"472","segment_type":null,"street_name":"HUDSON","full_street_name":"HUDSON ST","status":"2","posted_speed":"25","number_total_lanes":"5","modified_date":"2019-04-15T15:25:30.000Z","number_travel_lanes":"3","physicalid":"597"}},{"type":"Feature","geometry":{"type":"MultiLineString","coordinates":[[[-74.001885362827,40.71940581094],[-74.00260131909,40.719911667059]]]},"properties":{"rw_type":"1","objectid":"537","segment_type":null,"street_name":"CANAL","full_street_name":"CANAL ST","status":"2","posted_speed":"25","number_total_lanes":"7","modified_date":"2025-02-27T08:55:34.000Z","number_travel_lanes":"5","physicalid":"665"}},{"type":"Feature","geometry":{"type":"MultiLineString","coordinates":[[[-74.000533254455,40.718438479521],[-74.001274033574,40.71896966653]]]},"properties":{"rw_type":"1","objectid":"538","segment_type":null,"street_name":"CANAL","full_street_name":"CANAL ST","status":"2","posted_speed":"25","number_total_lanes":"6","modified_date":"2019-04-15T15:20:33.000Z","number_travel_lanes":"5","physicalid":"667"}},{"type":"Feature","geometry":{"type":"MultiLineString","coordinates":[[[-73.99995750768,40.718025335531],[-74.000533254455,40.718438479521]]]},"properties":{"rw_type":"1","objectid":"539","segment_type":null,"street_name":"CANAL","full_street_name":"CANAL ST","status":"2","posted_speed":"25","number_total_lanes":"6","modified_date":"2022-09-20T09:25:52.000Z","number_travel_lanes":"5","physicalid":"668"}},{"type":"Feature","geometry":{"type":"MultiLineString","coordinates":[[[-73.999313715802,40.717558482151],[-73.99995750768,40.718025335531]]]},"properties":{"rw_type":"1","objectid":"540","segment_type":null,"street_name":"CANAL","full_street_name":"CANAL ST","status":"2","posted_speed":"25","number_total_lanes":"6","modified_date":"2022-09-20T09:25:52.000Z","number_travel_lanes":"5","physicalid":"669"}},{"type":"Feature","geometry":{"type":"MultiLineString","coordinates":[[[-73.998590554222,40.717107751846],[-73.999313715802,40.717558482151]]]},"properties":{"rw_type":"1","objectid":"541","segment_type":null,"street_name":"CANAL","full_street_name":"CANAL ST","status":"2","posted_speed":"25","number_total_lanes":"6","modified_date":"2022-09-20T09:25:52.000Z","number_travel_lanes":"5","physicalid":"670"}},{"type":"Feature","geometry":{"type":"MultiLineString","coordinates":[[[-73.997764158178,40.716822168904],[-73.998590554222,40.717107751846]]]},"properties":{"rw_type":"1","objectid":"542","segment_type":null,"street_name":"CANAL","full_street_name":"CANAL ST","status":"2","posted_speed":"25","number_total_lanes":"6","modified_date":"2022-09-20T09:25:52.000Z","number_travel_lanes":"4","physicalid":"671"}},{"type":"Feature","geometry":{"type":"MultiLineString","coordinates":[[[-73.996985050809,40.716548783424],[-73.997764158178,40.716822168904]]]},"properties":{"rw_type":"1","objectid":"543","segment_type":null,"street_name":"CANAL","full_street_name":"CANAL ST","status":"2","posted_speed":"25","number_total_lanes":"6","modified_date":"2022-09-20T09:28:04.000Z","number_travel_lanes":"4","physicalid":"672"}},{"type":"Feature","geometry":{"type":"MultiLineString","coordinates":[[[-73.996060025123,40.716239880432],[-73.996985050809,40.716548783424]]]},"properties":{"rw_type":"1","objectid":"544","segment_type":null,"street_name":"CANAL","full_street_name":"CANAL ST","status":"2","posted_speed":"25","number_total_lanes":"6","modified_date":"2022-09-20T09:28:04.000Z","number_travel_lanes":"4","physicalid":"673"}},{"type":"Feature","geometry":{"type":"MultiLineString","coordinates":[[[-73.99340202954,40.715362994763],[-73.994273302279,40.715629104813]]]},"properties":{"rw_type":"1","objectid":"547","segment_type":null,"street_name":"CANAL","full_street_name":"CANAL ST","status":"2","posted_speed":"25","number_total_lanes":"4","modified_date":"2020-09-15T11:27:10.000Z","number_travel_lanes":"2","physicalid":"678"}},{"type":"Feature","geometry":{"type":"MultiLineString","coordinates":[[[-73.992600455059,40.715121348411],[-73.99340202954,40.715362994763]]]},"properties":{"rw_type":"1","objectid":"548","segment_type":null,"street_name":"CANAL","full_street_name":"CANAL ST","status":"2","posted_speed":"25","number_total_lanes":"4","modified_date":"2018-04-19T14:56:28.000Z","number_travel_lanes":"2","physicalid":"679"}},{"type":"Feature","geometry":{"type":"MultiLineString","coordinates":[[[-73.99189115966,40.714906907203],[-73.992383884922,40.715055966115]]]},"properties":{"rw_type":"1","objectid":"550","segment_type":null,"street_name":"CANAL","full_street_name":"CANAL ST","status":"2","posted_speed":"25","number_total_lanes":"4","modified_date":"2018-04-19T14:55:22.000Z","number_travel_lanes":"2","physicalid":"681"}},{"type":"Feature","geometry":{"type":"MultiLineString","coordinates":[[[-73.991134116699,40.714676870072],[-73.99189115966,40.714906907203]]]},"properties":{"rw_type":"1","objectid":"551","segment_type":null,"street_name":"CANAL","full_street_name":"CANAL ST","status":"2","posted_speed":"25","number_total_lanes":"4","modified_date":"2018-04-19T14:56:06.000Z","number_travel_lanes":"2","physicalid":"682"}},{"type":"Feature","geometry":{"type":"MultiLineString","coordinates":[[[-73.990756449606,40.714562313086],[-73.991134116699,40.714676870072]]]},"properties":{"rw_type":"1","objectid":"552","segment_type":null,"street_name":"CANAL","full_street_name":"CANAL ST","status":"2","posted_speed":"25","number_total_lanes":"4","modified_date":"2018-04-19T14:56:49.000Z","number_travel_lanes":"2","physicalid":"683"}},{"type":"Feature","geometry":{"type":"MultiLineString","coordinates":[[[-73.990221422397,40.714413180456],[-73.990756449606,40.714562313086]]]},"properties":{"rw_type":"1","objectid":"553","segment_type":null,"street_name":"CANAL","full_street_name":"CANAL ST","status":"2","posted_speed":"25","number_total_lanes":"4","modified_date":"2018-04-19T14:57:33.000Z","number_travel_lanes":"2","physicalid":"684"}},{"type":"Feature","geometry":{"type":"MultiLineString","coordinates":[[[-74.006937639446,40.719134896528],[-74.006809739663,40.719785738934]]]},"properties":{"rw_type":"1","objectid":"594","segment_type":null,"street_name":"VARICK","full_street_name":"VARICK ST","status":"2","posted_speed":"25","number_total_lanes":"5","modified_date":"2026-08-04T14:35:18.000Z","number_travel_lanes":"3","physicalid":"733"}},{"type":"Feature","geometry":{"type":"MultiLineString","coordinates":[[[-74.006782289487,40.706732046048],[-74.006021694986,40.706150601175]]]},"properties":{"rw_type":"1","objectid":"609","segment_type":null,"street_name":"MAIDEN","full_street_name":"MAIDEN LN","status":"2","posted_speed":"25","number_total_lanes":"4","modified_date":"2020-08-28T20:49:50.000Z","number_travel_lanes":"2","physicalid":"750"}},{"type":"Feature","geometry":{"type":"MultiLineString","coordinates":[[[-74.006021694986,40.706150601175],[-74.00552391141,40.70579925505]]]},"properties":{"rw_type":"1","objectid":"610","segment_type":null,"street_name":"MAIDEN","full_street_name":"MAIDEN LN","status":"2","posted_speed":"25","number_total_lanes":"4","modified_date":"2020-08-28T20:49:50.000Z","number_travel_lanes":"2","physicalid":"751"}},{"type":"Feature","geometry":{"type":"MultiLineString","coordinates":[[[-74.00552391141,40.70579925505],[-74.004750062691,40.70523945975]]]},"properties":{"rw_type":"1","objectid":"611","segment_type":null,"street_name":"MAIDEN","full_street_name":"MAIDEN LN","status":"2","posted_speed":"25","number_total_lanes":"4","modified_date":"2020-08-28T20:49:50.000Z","number_travel_lanes":"2","physicalid":"752"}},{"type":"Feature","geometry":{"type":"MultiLineString","coordinates":[[[-74.004817900259,40.708398529875],[-74.005105559489,40.708755045772],[-74.005263472903,40.708928949526]]]},"properties":{"rw_type":"1","objectid":"629","segment_type":null,"street_name":"FULTON","full_street_name":"FULTON ST","status":"2","posted_speed":"25","number_total_lanes":"4","modified_date":"2017-04-20T14:38:08.000Z","number_travel_lanes":"2","physicalid":"775"}},{"type":"Feature","geometry":{"type":"MultiLineString","coordinates":[[[-74.004329872709,40.707831734069],[-74.004817900259,40.708398529875]]]},"properties":{"rw_type":"1","objectid":"630","segment_type":null,"street_name":"FULTON","full_street_name":"FULTON ST","status":"2","posted_speed":"25","number_total_lanes":"4","modified_date":"2017-04-10T16:03:04.000Z","number_travel_lanes":"2","physicalid":"776"}},{"type":"Feature","geometry":{"type":"MultiLineString","coordinates":[[[-74.004057902028,40.707445019379],[-74.004329872709,40.707831734069]]]},"properties":{"rw_type":"1","objectid":"631","segment_type":null,"street_name":"FULTON","full_street_name":"FULTON ST","status":"2","posted_speed":"25","number_total_lanes":"4","modified_date":"2017-04-10T16:03:05.000Z","number_travel_lanes":"2","physicalid":"777"}},{"type":"Feature","geometry":{"type":"MultiLineString","coordinates":[[[-74.006070476538,40.712016667969],[-74.00574174724,40.712096996621]]]},"properties":{"rw_type":"1","objectid":"752","segment_type":null,"street_name":"PARK","full_street_name":"PARK ROW","status":"2","posted_speed":"25","number_total_lanes":"4","modified_date":"2018-04-19T15:18:04.000Z","number_travel_lanes":"3","physicalid":"911"}},{"type":"Feature","geometry":{"type":"MultiLineString","coordinates":[[[-74.005175503449,40.719012835384],[-74.005187462822,40.719845707637]]]},"properties":{"rw_type":"1","objectid":"852","segment_type":null,"street_name":"OF THE AMERICAS","full_street_name":"AVE OF THE AMERICAS","status":"2","posted_speed":"25","number_total_lanes":"5","modified_date":"2026-08-04T14:35:18.000Z","number_travel_lanes":"3","physicalid":"1043"}},{"type":"Feature","geometry":{"type":"MultiLineString","coordinates":[[[-74.005324998711,40.718281587197],[-74.005175503449,40.719012835384]]]},"properties":{"rw_type":"1","objectid":"853","segment_type":null,"street_name":"OF THE AMERICAS","full_street_name":"AVE OF THE AMERICAS","status":"2","posted_speed":"25","number_total_lanes":"5","modified_date":"2024-05-15T10:11:02.000Z","number_travel_lanes":"3","physicalid":"1044"}},{"type":"Feature","geometry":{"type":"MultiLineString","coordinates":[[[-74.003095041215,40.713966018313],[-74.003221131298,40.714044476107],[-74.003404918283,40.71415875503]]]},"properties":{"rw_type":"1","objectid":"896","segment_type":null,"street_name":"DUANE","full_street_name":"DUANE ST","status":"2","posted_speed":"25","number_total_lanes":"4","modified_date":"2017-03-17T09:27:27.000Z","number_travel_lanes":"4","physicalid":"1094"}},{"type":"Feature","geometry":{"type":"MultiLineString","coordinates":[[[-73.99995750768,40.718025335531],[-73.99942460268,40.718688514867]]]},"properties":{"rw_type":"1","objectid":"1363","segment_type":null,"street_name":"CENTRE","full_street_name":"CENTRE ST","status":"2","posted_speed":"25","number_total_lanes":"4","modified_date":"2024-09-23T14:48:37.000Z","number_travel_lanes":"2","physicalid":"1650"}},{"type":"Feature","geometry":{"type":"MultiLineString","coordinates":[[[-74.000275736046,40.717627642966],[-73.99995750768,40.718025335531]]]},"properties":{"rw_type":"1","objectid":"1364","segment_type":null,"street_name":"CENTRE","full_street_name":"CENTRE ST","status":"2","posted_speed":"25","number_total_lanes":"4","modified_date":"2024-09-23T14:49:43.000Z","number_travel_lanes":"2","physicalid":"1651"}},{"type":"Feature","geometry":{"type":"MultiLineString","coordinates":[[[-73.99942460268,40.718688514867],[-73.999235966463,40.718921808498]]]},"properties":{"rw_type":"1","objectid":"1365","segment_type":null,"street_name":"CENTRE","full_street_name":"CENTRE ST","status":"2","posted_speed":"25","number_total_lanes":"4","modified_date":"2024-09-23T14:48:37.000Z","number_travel_lanes":"2","physicalid":"1652"}},{"type":"Feature","geometry":{"type":"MultiLineString","coordinates":[[[-73.999235966463,40.718921808498],[-73.998524572146,40.719793387503]]]},"properties":{"rw_type":"1","objectid":"1366","segment_type":null,"street_name":"CENTRE","full_street_name":"CENTRE ST","status":"2","posted_speed":"25","number_total_lanes":"4","modified_date":"2024-09-23T14:48:37.000Z","number_travel_lanes":"2","physicalid":"1653"}},{"type":"Feature","geometry":{"type":"MultiLineString","coordinates":[[[-74.000819725064,40.716937948553],[-74.000275736046,40.717627642966]]]},"properties":{"rw_type":"1","objectid":"1368","segment_type":null,"street_name":"CENTRE","full_street_name":"CENTRE ST","status":"2","posted_speed":"25","number_total_lanes":"4","modified_date":"2024-09-23T14:49:43.000Z","number_travel_lanes":"2","physicalid":"1655"}},{"type":"Feature","geometry":{"type":"MultiLineString","coordinates":[[[-74.001684361471,40.715752363203],[-74.000819725064,40.716937948553]]]},"properties":{"rw_type":"1","objectid":"1369","segment_type":null,"street_name":"CENTRE","full_street_name":"CENTRE ST","status":"2","posted_speed":"25","number_total_lanes":"4","modified_date":"2024-09-23T14:48:37.000Z","number_travel_lanes":"2","physicalid":"1656"}},{"type":"Feature","geometry":{"type":"MultiLineString","coordinates":[[[-74.002115857273,40.715167150474],[-74.001684361471,40.715752363203]]]},"properties":{"rw_type":"1","objectid":"1370","segment_type":null,"street_name":"CENTRE","full_street_name":"CENTRE ST","status":"2","posted_speed":"25","number_total_lanes":"4","modified_date":"2024-09-23T14:48:37.000Z","number_travel_lanes":"2","physicalid":"1657"}},{"type":"Feature","geometry":{"type":"MultiLineString","coordinates":[[[-74.002428585646,40.714634951384],[-74.002115857273,40.715167150474]]]},"properties":{"rw_type":"1","objectid":"1371","segment_type":null,"street_name":"CENTRE","full_street_name":"CENTRE ST","status":"2","posted_speed":"25","number_total_lanes":"4","modified_date":"2026-08-04T14:35:18.000Z","number_travel_lanes":"2","physicalid":"1658"}},{"type":"Feature","geometry":{"type":"MultiLineString","coordinates":[[[-74.002599337363,40.714320966783],[-74.002428585646,40.714634951384]]]},"properties":{"rw_type":"1","objectid":"1372","segment_type":null,"street_name":"CENTRE","full_street_name":"CENTRE ST","status":"2","posted_speed":"25","number_total_lanes":"4","modified_date":"2026-08-04T14:35:18.000Z","number_travel_lanes":"2","physicalid":"1659"}},{"type":"Feature","geometry":{"type":"MultiLineString","coordinates":[[[-74.004060308109,40.7131430296],[-74.003604103927,40.713653670389]]]},"properties":{"rw_type":"1","objectid":"1374","segment_type":null,"street_name":"CENTRE","full_street_name":"CENTRE ST","status":"2","posted_speed":"25","number_total_lanes":"4","modified_date":"2026-08-04T14:35:18.000Z","number_travel_lanes":"2","physicalid":"1662"}},{"type":"Feature","geometry":{"type":"MultiLineString","coordinates":[[[-74.004292439049,40.71291606549],[-74.004215353788,40.712988982454],[-74.004060308109,40.7131430296]]]},"properties":{"rw_type":"1","objectid":"1375","segment_type":null,"street_name":"CENTRE","full_street_name":"CENTRE ST","status":"2","posted_speed":"25","number_total_lanes":"4","modified_date":"2026-08-04T14:35:18.000Z","number_travel_lanes":"3","physicalid":"1663"}},{"type":"Feature","geometry":{"type":"MultiLineString","coordinates":[[[-73.993829153718,40.718152718226],[-73.99309561854,40.717930719388]]]},"properties":{"rw_type":"1","objectid":"1385","segment_type":null,"street_name":"GRAND","full_street_name":"GRAND ST","status":"2","posted_speed":"25","number_total_lanes":"4","modified_date":"2019-04-15T15:20:33.000Z","number_travel_lanes":"2","physicalid":"1675"}},{"type":"Feature","geometry":{"type":"MultiLineString","coordinates":[[[-73.99309561854,40.717930719388],[-73.99222194026,40.717666687898]]]},"properties":{"rw_type":"1","objectid":"1386","segment_type":null,"street_name":"GRAND","full_street_name":"GRAND ST","status":"2","posted_speed":"25","number_total_lanes":"4","modified_date":"2019-04-15T15:22:35.000Z","number_travel_lanes":"2","physicalid":"1676"}},{"type":"Feature","geometry":{"type":"MultiLineString","coordinates":[[[-73.99222194026,40.717666687898],[-73.991424023186,40.717425817034]]]},"properties":{"rw_type":"1","objectid":"1387","segment_type":null,"street_name":"GRAND","full_street_name":"GRAND ST","status":"2","posted_speed":"25","number_total_lanes":"4","modified_date":"2019-04-15T15:17:36.000Z","number_travel_lanes":"2","physicalid":"1677"}},{"type":"Feature","geometry":{"type":"MultiLineString","coordinates":[[[-73.991177528204,40.717351200196],[-73.990704197019,40.717208846014]]]},"properties":{"rw_type":"1","objectid":"1389","segment_type":null,"street_name":"GRAND","full_street_name":"GRAND ST","status":"2","posted_speed":"25","number_total_lanes":"4","modified_date":"2018-04-19T14:58:16.000Z","number_travel_lanes":"2","physicalid":"1679"}},{"type":"Feature","geometry":{"type":"MultiLineString","coordinates":[[[-73.995430056324,40.717287484],[-73.994809087618,40.718465667053]]]},"properties":{"rw_type":"1","objectid":"1505","segment_type":null,"street_name":"BOWERY","full_street_name":"BOWERY","status":"2","posted_speed":"25","number_total_lanes":"6","modified_date":"2019-04-15T15:22:35.000Z","number_travel_lanes":"4","physicalid":"1817"}},{"type":"Feature","geometry":{"type":"MultiLineString","coordinates":[[[-73.995810421115,40.716652900019],[-73.995430056324,40.717287484]]]},"properties":{"rw_type":"1","objectid":"1506","segment_type":null,"street_name":"BOWERY","full_street_name":"BOWERY","status":"2","posted_speed":"25","number_total_lanes":"6","modified_date":"2019-04-15T15:24:02.000Z","number_travel_lanes":"4","physicalid":"1818"}},{"type":"Feature","geometry":{"type":"MultiLineString","coordinates":[[[-73.994809087618,40.718465667053],[-73.994399960578,40.719465350344]]]},"properties":{"rw_type":"1","objectid":"1507","segment_type":null,"street_name":"BOWERY","full_street_name":"BOWERY","status":"2","posted_speed":"25","number_total_lanes":"6","modified_date":"2019-04-15T15:23:10.000Z","number_travel_lanes":"4","physicalid":"1819"}},{"type":"Feature","geometry":{"type":"MultiLineString","coordinates":[[[-73.996060025123,40.716239880432],[-73.995810421115,40.716652900019]]]},"properties":{"rw_type":"1","objectid":"1508","segment_type":null,"street_name":"BOWERY","full_street_name":"BOWERY","status":"2","posted_speed":"25","number_total_lanes":"6","modified_date":"2019-04-15T15:19:39.000Z","number_travel_lanes":"4","physicalid":"1833"}},{"type":"Feature","geometry":{"type":"MultiLineString","coordinates":[[[-73.996077235653,40.709801863829],[-73.99410344126,40.710095045187]]]},"properties":{"rw_type":"1","objectid":"1573","segment_type":null,"street_name":"WATER","full_street_name":"WATER ST","status":"2","posted_speed":"25","number_total_lanes":"4","modified_date":"2020-04-14T12:43:40.000Z","number_travel_lanes":"2","physicalid":"1906"}},{"type":"Feature","geometry":{"type":"MultiLineString","coordinates":[[[-73.992938851607,40.719905023976],[-73.992194174804,40.719686746069]]]},"properties":{"rw_type":"1","objectid":"3451","segment_type":null,"street_name":"DELANCEY","full_street_name":"DELANCEY ST","status":"2","posted_speed":"25","number_total_lanes":"4","modified_date":"2024-04-10T13:15:28.000Z","number_travel_lanes":"3","physicalid":"4146"}},{"type":"Feature","geometry":{"type":"MultiLineString","coordinates":[[[-73.992194174804,40.719686746069],[-73.991326431759,40.719410767606]]]},"properties":{"rw_type":"1","objectid":"3452","segment_type":null,"street_name":"DELANCEY","full_street_name":"DELANCEY ST","status":"2","posted_speed":"25","number_total_lanes":"4","modified_date":"2024-04-10T13:15:28.000Z","number_travel_lanes":"3","physicalid":"4147"}},{"type":"Feature","geometry":{"type":"MultiLineString","coordinates":[[[-73.991326431759,40.719410767606],[-73.990529917279,40.719167972526]]]},"properties":{"rw_type":"1","objectid":"3453","segment_type":null,"street_name":"DELANCEY","full_street_name":"DELANCEY ST","status":"2","posted_speed":"25","number_total_lanes":"4","modified_date":"2024-04-10T13:15:28.000Z","number_travel_lanes":"3","physicalid":"4148"}},{"type":"Feature","geometry":{"type":"MultiLineString","coordinates":[[[-73.990529917279,40.719167972526],[-73.990408537341,40.719129177333],[-73.990287168993,40.719090382683]]]},"properties":{"rw_type":"1","objectid":"3454","segment_type":null,"street_name":"DELANCEY","full_street_name":"DELANCEY ST","status":"2","posted_speed":"25","number_total_lanes":"4","modified_date":"2020-04-14T12:33:35.000Z","number_travel_lanes":"4","physicalid":"4149"}},{"type":"Feature","geometry":{"type":"MultiLineString","coordinates":[[[-73.992119355454,40.719840521065],[-73.991244578771,40.719570458054]]]},"properties":{"rw_type":"1","objectid":"3470","segment_type":null,"street_name":"DELANCEY","full_street_name":"DELANCEY ST","status":"2","posted_speed":"25","number_total_lanes":"5","modified_date":"2019-04-15T15:23:10.000Z","number_travel_lanes":"4","physicalid":"4176"}},{"type":"Feature","geometry":{"type":"MultiLineString","coordinates":[[[-73.991244578771,40.719570458054],[-73.990437422943,40.719326094316]]]},"properties":{"rw_type":"1","objectid":"3471","segment_type":null,"street_name":"DELANCEY","full_street_name":"DELANCEY ST","status":"2","posted_speed":"25","number_total_lanes":"5","modified_date":"2019-04-15T15:26:05.000Z","number_travel_lanes":"4","physicalid":"4177"}},{"type":"Feature","geometry":{"type":"MultiLineString","coordinates":[[[-73.990437422943,40.719326094316],[-73.990324422128,40.71928860577],[-73.990211421441,40.719251108235]]]},"properties":{"rw_type":"1","objectid":"3472","segment_type":null,"street_name":"DELANCEY","full_street_name":"DELANCEY ST","status":"2","posted_speed":"25","number_total_lanes":"4","modified_date":"2019-04-15T15:25:12.000Z","number_travel_lanes":"4","physicalid":"4178"}},{"type":"Feature","geometry":{"type":"MultiLineString","coordinates":[[[-73.99361514473,40.713099519805],[-73.992623913999,40.713176823374]]]},"properties":{"rw_type":"1","objectid":"3527","segment_type":null,"street_name":"HENRY","full_street_name":"HENRY ST","status":"2","posted_speed":"25","number_total_lanes":"4","modified_date":"2024-04-10T13:15:28.000Z","number_travel_lanes":"2","physicalid":"4245"}},{"type":"Feature","geometry":{"type":"MultiLineString","coordinates":[[[-73.993842261654,40.713084691794],[-73.993707205854,40.713093509481]]]},"properties":{"rw_type":"1","objectid":"3534","segment_type":null,"street_name":"HENRY","full_street_name":"HENRY ST","status":"2","posted_speed":"25","number_total_lanes":"4","modified_date":"2024-04-10T13:15:28.000Z","number_travel_lanes":"2","physicalid":"4254"}},{"type":"Feature","geometry":{"type":"MultiLineString","coordinates":[[[-73.994002158961,40.713070471998],[-73.993842261654,40.713084691794]]]},"properties":{"rw_type":"1","objectid":"3535","segment_type":null,"street_name":"HENRY","full_street_name":"HENRY ST","status":"2","posted_speed":"25","number_total_lanes":"4","modified_date":"2024-04-10T13:15:28.000Z","number_travel_lanes":"2","physicalid":"4255"}},{"type":"Feature","geometry":{"type":"MultiLineString","coordinates":[[[-73.99446100899,40.713029665972],[-73.994119735156,40.713060014493]]]},"properties":{"rw_type":"1","objectid":"3536","segment_type":null,"street_name":"HENRY","full_street_name":"HENRY ST","status":"2","posted_speed":"25","number_total_lanes":"4","modified_date":"2024-04-10T13:15:28.000Z","number_travel_lanes":"2","physicalid":"4257"}},{"type":"Feature","geometry":{"type":"MultiLineString","coordinates":[[[-73.997118487219,40.712807976464],[-73.99446100899,40.713029665972]]]},"properties":{"rw_type":"1","objectid":"3537","segment_type":null,"street_name":"HENRY","full_street_name":"HENRY ST","status":"2","posted_speed":"25","number_total_lanes":"4","modified_date":"2024-04-10T13:15:28.000Z","number_travel_lanes":"2","physicalid":"4258"}},{"type":"Feature","geometry":{"type":"MultiLineString","coordinates":[[[-73.997986152365,40.712735960798],[-73.997118487219,40.712807976464]]]},"properties":{"rw_type":"1","objectid":"3538","segment_type":null,"street_name":"HENRY","full_street_name":"HENRY ST","status":"2","posted_speed":"25","number_total_lanes":"4","modified_date":"2024-04-10T13:15:28.000Z","number_travel_lanes":"2","physicalid":"4259"}},{"type":"Feature","geometry":{"type":"MultiLineString","coordinates":[[[-73.992194174804,40.719686746069],[-73.992161724764,40.719757847953],[-73.992119355454,40.719840521065]]]},"properties":{"rw_type":"1","objectid":"3556","segment_type":null,"street_name":"FORSYTH","full_street_name":"FORSYTH ST","status":"2","posted_speed":"25","number_total_lanes":"4","modified_date":"2017-04-11T09:37:03.000Z","number_travel_lanes":"4","physicalid":"4278"}},{"type":"Feature","geometry":{"type":"MultiLineString","coordinates":[[[-73.994141688171,40.714277172474],[-73.994550310023,40.715040879737],[-73.994273302279,40.715629104813]]]},"properties":{"rw_type":"1","objectid":"3561","segment_type":null,"street_name":"FORSYTH","full_street_name":"FORSYTH ST","status":"2","posted_speed":"25","number_total_lanes":"4","modified_date":"2020-09-15T11:27:10.000Z","number_travel_lanes":"2","physicalid":"4283"}},{"type":"Feature","geometry":{"type":"MultiLineString","coordinates":[[[-73.992538086973,40.712465414457],[-73.992403422794,40.712470610717],[-73.992268771145,40.712475797606]]]},"properties":{"rw_type":"1","objectid":"14776","segment_type":null,"street_name":"MADISON","full_street_name":"MADISON ST","status":"2","posted_speed":"25","number_total_lanes":"4","modified_date":"2018-04-19T14:57:11.000Z","number_travel_lanes":"4","physicalid":"16570"}},{"type":"Feature","geometry":{"type":"MultiLineString","coordinates":[[[-73.993480501651,40.712390278845],[-73.993366003443,40.712399232321]]]},"properties":{"rw_type":"1","objectid":"14783","segment_type":null,"street_name":"MADISON","full_street_name":"MADISON ST","status":"2","posted_speed":"25","number_total_lanes":"4","modified_date":"2018-04-19T14:55:44.000Z","number_travel_lanes":"2","physicalid":"16579"}},{"type":"Feature","geometry":{"type":"MultiLineString","coordinates":[[[-73.993607698454,40.712379641812],[-73.993480501651,40.712390278845]]]},"properties":{"rw_type":"1","objectid":"14784","segment_type":null,"street_name":"MADISON","full_street_name":"MADISON ST","status":"2","posted_speed":"25","number_total_lanes":"4","modified_date":"2020-03-27T12:14:41.000Z","number_travel_lanes":"2","physicalid":"16580"}},{"type":"Feature","geometry":{"type":"MultiLineString","coordinates":[[[-73.99436199067,40.712316582329],[-73.993743759418,40.712368267332]]]},"properties":{"rw_type":"1","objectid":"14785","segment_type":null,"street_name":"MADISON","full_street_name":"MADISON ST","status":"2","posted_speed":"25","number_total_lanes":"4","modified_date":"2018-04-19T14:57:33.000Z","number_travel_lanes":"2","physicalid":"16582"}},{"type":"Feature","geometry":{"type":"MultiLineString","coordinates":[[[-73.996948601589,40.712079926704],[-73.99436199067,40.712316582329]]]},"properties":{"rw_type":"1","objectid":"14786","segment_type":null,"street_name":"MADISON","full_street_name":"MADISON ST","status":"2","posted_speed":"25","number_total_lanes":"4","modified_date":"2018-04-19T14:56:49.000Z","number_travel_lanes":"2","physicalid":"16583"}},{"type":"Feature","geometry":{"type":"MultiLineString","coordinates":[[[-73.997771266942,40.711978836635],[-73.997386891774,40.712026069837],[-73.997235804581,40.712044635676],[-73.996948601589,40.712079926704]]]},"properties":{"rw_type":"1","objectid":"14787","segment_type":null,"street_name":"MADISON","full_street_name":"MADISON ST","status":"2","posted_speed":"25","number_total_lanes":"4","modified_date":"2018-04-19T15:16:40.000Z","number_travel_lanes":"2","physicalid":"16584"}},{"type":"Feature","geometry":{"type":"MultiLineString","coordinates":[[[-73.998679007231,40.711886646924],[-73.998481437478,40.711906713055],[-73.99837394929,40.71191762966],[-73.997888719578,40.71196690908],[-73.997771266942,40.711978836635]]]},"properties":{"rw_type":"1","objectid":"14788","segment_type":null,"street_name":"MADISON","full_street_name":"MADISON ST","status":"2","posted_speed":"25","number_total_lanes":"4","modified_date":"2018-04-19T15:16:40.000Z","number_travel_lanes":"2","physicalid":"16585"}},{"type":"Feature","geometry":{"type":"MultiLineString","coordinates":[[[-73.999702956811,40.711788687481],[-73.999579633384,40.711800486362]]]},"properties":{"rw_type":"1","objectid":"14789","segment_type":null,"street_name":"MADISON","full_street_name":"MADISON ST","status":"2","posted_speed":"25","number_total_lanes":"4","modified_date":"2019-01-03T13:52:55.000Z","number_travel_lanes":"4","physicalid":"16586"}},{"type":"Feature","geometry":{"type":"MultiLineString","coordinates":[[[-74.000874062698,40.711705207482],[-73.999702956811,40.711788687481]]]},"properties":{"rw_type":"1","objectid":"14790","segment_type":null,"street_name":"MADISON","full_street_name":"MADISON ST","status":"2","posted_speed":"25","number_total_lanes":"4","modified_date":"2020-11-13T14:39:37.000Z","number_travel_lanes":"2","physicalid":"16587"}},{"type":"Feature","geometry":{"type":"MultiLineString","coordinates":[[[-73.992469573795,40.713865064646],[-73.992456933233,40.713771122733],[-73.992392866821,40.713199050734]]]},"properties":{"rw_type":"1","objectid":"14799","segment_type":null,"street_name":"PIKE","full_street_name":"PIKE ST","status":"2","posted_speed":"25","number_total_lanes":"4","modified_date":"2026-08-04T14:35:18.000Z","number_travel_lanes":"3","physicalid":"16600"}},{"type":"Feature","geometry":{"type":"MultiLineString","coordinates":[[[-73.992392866821,40.713199050734],[-73.992268771145,40.712475797606]]]},"properties":{"rw_type":"1","objectid":"14800","segment_type":null,"street_name":"PIKE","full_street_name":"PIKE ST","status":"2","posted_speed":"25","number_total_lanes":"4","modified_date":"2026-08-04T14:35:18.000Z","number_travel_lanes":"3","physicalid":"16601"}},{"type":"Feature","geometry":{"type":"MultiLineString","coordinates":[[[-73.992268771145,40.712475797606],[-73.992254989852,40.712362566015],[-73.99224449027,40.712276294595],[-73.992219856301,40.712073894674],[-73.992207074841,40.711968875313],[-73.992173720698,40.711784322944]]]},"properties":{"rw_type":"1","objectid":"14801","segment_type":null,"street_name":"PIKE","full_street_name":"PIKE ST","status":"2","posted_speed":"25","number_total_lanes":"4","modified_date":"2026-08-04T14:35:18.000Z","number_travel_lanes":"3","physicalid":"16602"}},{"type":"Feature","geometry":{"type":"MultiLineString","coordinates":[[[-73.992173720698,40.711784322944],[-73.99216380083,40.711714402188],[-73.992156140947,40.711664795575],[-73.992136799183,40.71158385458],[-73.992023455721,40.711109540241],[-73.992002957715,40.711023762632],[-73.991978044985,40.710919505474]]]},"properties":{"rw_type":"1","objectid":"14802","segment_type":null,"street_name":"PIKE","full_street_name":"PIKE ST","status":"2","posted_speed":"25","number_total_lanes":"4","modified_date":"2026-08-04T14:35:18.000Z","number_travel_lanes":"3","physicalid":"16603"}},{"type":"Feature","geometry":{"type":"MultiLineString","coordinates":[[[-73.992563718156,40.714396317705],[-73.992469573795,40.713865064646]]]},"properties":{"rw_type":"1","objectid":"14803","segment_type":null,"street_name":"PIKE","full_street_name":"PIKE ST","status":"2","posted_speed":"25","number_total_lanes":"4","modified_date":"2024-09-20T09:03:58.000Z","number_travel_lanes":"3","physicalid":"16604"}},{"type":"Feature","geometry":{"type":"MultiLineString","coordinates":[[[-73.994456039931,40.716983092271],[-73.993829153718,40.718152718226]]]},"properties":{"rw_type":"1","objectid":"14876","segment_type":null,"street_name":"CHRYSTIE","full_street_name":"CHRYSTIE ST","status":"2","posted_speed":"25","number_total_lanes":"5","modified_date":"2024-04-10T13:15:28.000Z","number_travel_lanes":"3","physicalid":"16693"}},{"type":"Feature","geometry":{"type":"MultiLineString","coordinates":[[[-73.993829153718,40.718152718226],[-73.993360450758,40.719078813177]]]},"properties":{"rw_type":"1","objectid":"14877","segment_type":null,"street_name":"CHRYSTIE","full_street_name":"CHRYSTIE ST","status":"2","posted_speed":"25","number_total_lanes":"6","modified_date":"2026-08-04T14:35:18.000Z","number_travel_lanes":"4","physicalid":"16695"}},{"type":"Feature","geometry":{"type":"MultiLineString","coordinates":[[[-73.993360450758,40.719078813177],[-73.992938851607,40.719905023976]]]},"properties":{"rw_type":"1","objectid":"14878","segment_type":null,"street_name":"CHRYSTIE","full_street_name":"CHRYSTIE ST","status":"2","posted_speed":"25","number_total_lanes":"5","modified_date":"2025-10-28T13:25:31.000Z","number_travel_lanes":"3","physicalid":"16696"}},{"type":"Feature","geometry":{"type":"MultiLineString","coordinates":[[[-73.994144239666,40.710566899939],[-73.99410344126,40.710095045187]]]},"properties":{"rw_type":"1","objectid":"14885","segment_type":null,"street_name":"MARKET","full_street_name":"MARKET SLIP","status":"2","posted_speed":"25","number_total_lanes":"4","modified_date":"2020-04-14T11:30:59.000Z","number_travel_lanes":"2","physicalid":"16704"}},{"type":"Feature","geometry":{"type":"MultiLineString","coordinates":[[[-73.99410344126,40.710095045187],[-73.994023095271,40.709493247819]]]},"properties":{"rw_type":"1","objectid":"14886","segment_type":null,"street_name":"MARKET","full_street_name":"MARKET SLIP","status":"2","posted_speed":"25","number_total_lanes":"4","modified_date":"2020-04-14T12:43:40.000Z","number_travel_lanes":"2","physicalid":"16705"}},{"type":"Feature","geometry":{"type":"MultiLineString","coordinates":[[[-73.994841785978,40.714217591989],[-73.994545725175,40.713689924849]]]},"properties":{"rw_type":"1","objectid":"14889","segment_type":null,"street_name":"MARKET","full_street_name":"MARKET ST","status":"2","posted_speed":"25","number_total_lanes":"4","modified_date":"2023-01-27T10:14:17.000Z","number_travel_lanes":"2","physicalid":"16708"}},{"type":"Feature","geometry":{"type":"MultiLineString","coordinates":[[[-73.992902598682,40.714572137356],[-73.992600455059,40.715121348411]]]},"properties":{"rw_type":"1","objectid":"61299","segment_type":null,"street_name":"ALLEN","full_street_name":"ALLEN ST","status":"2","posted_speed":"25","number_total_lanes":"4","modified_date":"2025-10-28T13:25:31.000Z","number_travel_lanes":"3","physicalid":"67430"}},{"type":"Feature","geometry":{"type":"MultiLineString","coordinates":[[[-73.992600455059,40.715121348411],[-73.992014874478,40.716243750297]]]},"properties":{"rw_type":"1","objectid":"61301","segment_type":null,"street_name":"ALLEN","full_street_name":"ALLEN ST","status":"2","posted_speed":"25","number_total_lanes":"4","modified_date":"2025-10-28T13:25:31.000Z","number_travel_lanes":"3","physicalid":"67432"}},{"type":"Feature","geometry":{"type":"MultiLineString","coordinates":[[[-73.992563718156,40.714396317705],[-73.992574837214,40.714660015403],[-73.992383884922,40.715055966115]]]},"properties":{"rw_type":"1","objectid":"61317","segment_type":null,"street_name":"ALLEN","full_street_name":"ALLEN ST","status":"2","posted_speed":"25","number_total_lanes":"4","modified_date":"2026-08-04T14:35:18.000Z","number_travel_lanes":"3","physicalid":"67450"}},{"type":"Feature","geometry":{"type":"MultiLineString","coordinates":[[[-73.996212327612,40.710242898573],[-73.995875931133,40.710295242909],[-73.995152483912,40.710407819213],[-73.994674670919,40.710483209909],[-73.994144239666,40.710566899939]]]},"properties":{"rw_type":"1","objectid":"62206","segment_type":null,"street_name":"CHERRY","full_street_name":"CHERRY ST","status":"2","posted_speed":"25","number_total_lanes":"4","modified_date":"2020-04-14T15:21:37.000Z","number_travel_lanes":"2","physicalid":"68496"}},{"type":"Feature","geometry":{"type":"MultiLineString","coordinates":[[[-73.992723960016,40.713852644969],[-73.992469573795,40.713865064646]]]},"properties":{"rw_type":"1","objectid":"62803","segment_type":null,"street_name":"BROADWAY","full_street_name":"E  BROADWAY","status":"2","posted_speed":"25","number_total_lanes":"4","modified_date":"2018-04-19T14:56:28.000Z","number_travel_lanes":"4","physicalid":"69116"}},{"type":"Feature","geometry":{"type":"MultiLineString","coordinates":[[[-73.992944925733,40.713838836235],[-73.992723960016,40.713852644969]]]},"properties":{"rw_type":"1","objectid":"62804","segment_type":null,"street_name":"BROADWAY","full_street_name":"E  BROADWAY","status":"2","posted_speed":"25","number_total_lanes":"4","modified_date":"2018-04-19T14:56:49.000Z","number_travel_lanes":"4","physicalid":"69117"}},{"type":"Feature","geometry":{"type":"MultiLineString","coordinates":[[[-73.993945859138,40.713752272878],[-73.992944925733,40.713838836235]]]},"properties":{"rw_type":"1","objectid":"62805","segment_type":null,"street_name":"BROADWAY","full_street_name":"E  BROADWAY","status":"2","posted_speed":"25","number_total_lanes":"4","modified_date":"2018-04-19T14:57:11.000Z","number_travel_lanes":"2","physicalid":"69118"}},{"type":"Feature","geometry":{"type":"MultiLineString","coordinates":[[[-73.994209725537,40.713736113225],[-73.9940747033,40.713744381687]]]},"properties":{"rw_type":"1","objectid":"62806","segment_type":null,"street_name":"BROADWAY","full_street_name":"E  BROADWAY","status":"2","posted_speed":"25","number_total_lanes":"4","modified_date":"2025-10-28T13:25:31.000Z","number_travel_lanes":"2","physicalid":"69120"}},{"type":"Feature","geometry":{"type":"MultiLineString","coordinates":[[[-73.994368250847,40.713720325972],[-73.994209725537,40.713736113225]]]},"properties":{"rw_type":"1","objectid":"62807","segment_type":null,"street_name":"BROADWAY","full_street_name":"E  BROADWAY","status":"2","posted_speed":"25","number_total_lanes":"4","modified_date":"2025-10-28T13:25:31.000Z","number_travel_lanes":"2","physicalid":"69121"}},{"type":"Feature","geometry":{"type":"MultiLineString","coordinates":[[[-73.997308563181,40.713462052995],[-73.994545725175,40.713689924849]]]},"properties":{"rw_type":"1","objectid":"62808","segment_type":null,"street_name":"BROADWAY","full_street_name":"E  BROADWAY","status":"2","posted_speed":"25","number_total_lanes":"4","modified_date":"2023-01-27T10:14:17.000Z","number_travel_lanes":"2","physicalid":"69123"}},{"type":"Feature","geometry":{"type":"MultiLineString","coordinates":[[[-73.997995688542,40.713686981009],[-73.997953018489,40.713638092925],[-73.997905844163,40.713591663007],[-73.99785440922,40.713547931074]],[[-73.99785440922,40.713547931074],[-73.997798979588,40.713507122801],[-73.997739841282,40.713469449163],[-73.997677299754,40.713435104753]],[[-73.997677299754,40.713435104753],[-73.997308563181,40.713462052995]]]},"properties":{"rw_type":"1","objectid":"62809","segment_type":null,"street_name":"BROADWAY","full_street_name":"E  BROADWAY","status":"2","posted_speed":"25","number_total_lanes":"4","modified_date":"2018-04-19T14:57:54.000Z","number_travel_lanes":"4","physicalid":"69124"}},{"type":"Feature","geometry":{"type":"MultiLineString","coordinates":[[[-74.003975911557,40.710401415364],[-74.003904762897,40.710480817656],[-74.003840636422,40.710563611201],[-74.003783810241,40.710649436923]],[[-74.003783810241,40.710649436923],[-74.003734531187,40.71073792286],[-74.003693012632,40.710828684972],[-74.003659434637,40.710921329626]]]},"properties":{"rw_type":"1","objectid":"66111","segment_type":null,"street_name":"GOLD","full_street_name":"GOLD ST","status":"2","posted_speed":"25","number_total_lanes":"4","modified_date":"2024-04-10T13:15:28.000Z","number_travel_lanes":"2","physicalid":"72734"}},{"type":"Feature","geometry":{"type":"MultiLineString","coordinates":[[[-74.011716505197,40.713666031319],[-74.012328668385,40.713949010062]]]},"properties":{"rw_type":"1","objectid":"72069","segment_type":null,"street_name":"BARCLAY","full_street_name":"BARCLAY ST","status":"2","posted_speed":"25","number_total_lanes":"4","modified_date":"2019-04-15T15:19:57.000Z","number_travel_lanes":"2","physicalid":"79617"}},{"type":"Feature","geometry":{"type":"MultiLineString","coordinates":[[[-74.004819906893,40.713483240388],[-74.006310996849,40.714174066594]]]},"properties":{"rw_type":"1","objectid":"72106","segment_type":null,"street_name":"CHAMBERS","full_street_name":"CHAMBERS ST","status":"2","posted_speed":"25","number_total_lanes":"4","modified_date":"2025-04-03T14:43:04.000Z","number_travel_lanes":"2","physicalid":"79667"}},{"type":"Feature","geometry":{"type":"MultiLineString","coordinates":[[[-74.004060308109,40.7131430296],[-74.004819906893,40.713483240388]]]},"properties":{"rw_type":"1","objectid":"72107","segment_type":null,"street_name":"CHAMBERS","full_street_name":"CHAMBERS ST","status":"2","posted_speed":"25","number_total_lanes":"5","modified_date":"2025-04-03T14:43:04.000Z","number_travel_lanes":"3","physicalid":"79668"}},{"type":"Feature","geometry":{"type":"MultiLineString","coordinates":[[[-74.010968439623,40.71631124063],[-74.01162807207,40.716610289492],[-74.012561151639,40.717042022374]]]},"properties":{"rw_type":"1","objectid":"72109","segment_type":null,"street_name":"CHAMBERS","full_street_name":"CHAMBERS ST","status":"2","posted_speed":"25","number_total_lanes":"4","modified_date":"2026-05-15T14:08:43.000Z","number_travel_lanes":"2","physicalid":"79670"}},{"type":"Feature","geometry":{"type":"MultiLineString","coordinates":[[[-74.012561151639,40.717042022374],[-74.012731972486,40.717121869543]]]},"properties":{"rw_type":"1","objectid":"72110","segment_type":null,"street_name":"CHAMBERS","full_street_name":"CHAMBERS ST","status":"2","posted_speed":"25","number_total_lanes":"4","modified_date":"2026-05-15T14:08:43.000Z","number_travel_lanes":"3","physicalid":"79671"}},{"type":"Feature","geometry":{"type":"MultiLineString","coordinates":[[[-74.014058330469,40.717728794294],[-74.015000287653,40.71813225721]]]},"properties":{"rw_type":"1","objectid":"72113","segment_type":null,"street_name":"CHAMBERS","full_street_name":"CHAMBERS ST","status":"2","posted_speed":"25","number_total_lanes":"4","modified_date":"2017-11-21T12:36:44.000Z","number_travel_lanes":"2","physicalid":"79675"}},{"type":"Feature","geometry":{"type":"MultiLineString","coordinates":[[[-73.998020623153,40.708929413688],[-73.996062641273,40.709212808003]]]},"properties":{"rw_type":"1","objectid":"72148","segment_type":null,"street_name":"SOUTH","full_street_name":"SOUTH ST","status":"2","posted_speed":"25","number_total_lanes":"6","modified_date":"2019-04-15T15:18:11.000Z","number_travel_lanes":"4","physicalid":"79711"}},{"type":"Feature","geometry":{"type":"MultiLineString","coordinates":[[[-73.996062641273,40.709212808003],[-73.994023095271,40.709493247819]]]},"properties":{"rw_type":"1","objectid":"72150","segment_type":null,"street_name":"SOUTH","full_street_name":"SOUTH ST","status":"2","posted_speed":"25","number_total_lanes":"6","modified_date":"2019-04-15T15:24:37.000Z","number_travel_lanes":"4","physicalid":"79713"}},{"type":"Feature","geometry":{"type":"MultiLineString","coordinates":[[[-73.992175277338,40.709762835226],[-73.992049415699,40.709784410959]]]},"properties":{"rw_type":"1","objectid":"72151","segment_type":null,"street_name":"SOUTH","full_street_name":"SOUTH ST","status":"2","posted_speed":"25","number_total_lanes":"6","modified_date":"2019-04-15T15:19:57.000Z","number_travel_lanes":"4","physicalid":"79715"}},{"type":"Feature","geometry":{"type":"MultiLineString","coordinates":[[[-73.991910805136,40.709815183733],[-73.991835779722,40.709827567231]]]},"properties":{"rw_type":"1","objectid":"72152","segment_type":null,"street_name":"SOUTH","full_street_name":"SOUTH ST","status":"2","posted_speed":"25","number_total_lanes":"6","modified_date":"2022-05-02T16:20:19.000Z","number_travel_lanes":"4","physicalid":"79717"}},{"type":"Feature","geometry":{"type":"MultiLineString","coordinates":[[[-74.004827381626,40.709668919147],[-74.004254299483,40.710174479461]]]},"properties":{"rw_type":"1","objectid":"72163","segment_type":null,"street_name":"GOLD","full_street_name":"GOLD ST","status":"2","posted_speed":"25","number_total_lanes":"4","modified_date":"2024-05-10T11:31:21.000Z","number_travel_lanes":"2","physicalid":"79729"}},{"type":"Feature","geometry":{"type":"MultiLineString","coordinates":[[[-74.004254299483,40.710174479461],[-74.003975911557,40.710401415364]]]},"properties":{"rw_type":"1","objectid":"72164","segment_type":null,"street_name":"GOLD","full_street_name":"GOLD ST","status":"2","posted_speed":"25","number_total_lanes":"4","modified_date":"2024-05-10T11:31:21.000Z","number_travel_lanes":"2","physicalid":"79731"}},{"type":"Feature","geometry":{"type":"MultiLineString","coordinates":[[[-74.005483549451,40.70739581032],[-74.005003554799,40.706860757273]]]},"properties":{"rw_type":"1","objectid":"72180","segment_type":null,"street_name":"JOHN","full_street_name":"JOHN ST","status":"2","posted_speed":"25","number_total_lanes":"4","modified_date":"2017-08-24T14:18:47.000Z","number_travel_lanes":"2","physicalid":"79749"}},{"type":"Feature","geometry":{"type":"MultiLineString","coordinates":[[[-74.003404918283,40.71415875503],[-74.00318248839,40.714714790246],[-74.0030307945,40.715593305802]]]},"properties":{"rw_type":"1","objectid":"72202","segment_type":null,"street_name":"LAFAYETTE","full_street_name":"LAFAYETTE ST","status":"2","posted_speed":"25","number_total_lanes":"4","modified_date":"2026-08-04T14:35:18.000Z","number_travel_lanes":"2","physicalid":"79773"}},{"type":"Feature","geometry":{"type":"MultiLineString","coordinates":[[[-74.0030307945,40.715593305802],[-74.002808534857,40.715894432557]]]},"properties":{"rw_type":"1","objectid":"72203","segment_type":null,"street_name":"LAFAYETTE","full_street_name":"LAFAYETTE ST","status":"2","posted_speed":"25","number_total_lanes":"5","modified_date":"2026-08-04T14:35:18.000Z","number_travel_lanes":"3","physicalid":"79774"}},{"type":"Feature","geometry":{"type":"MultiLineString","coordinates":[[[-74.002808534857,40.715894432557],[-74.002559360219,40.716189013861]]]},"properties":{"rw_type":"1","objectid":"72204","segment_type":null,"street_name":"LAFAYETTE","full_street_name":"LAFAYETTE ST","status":"2","posted_speed":"25","number_total_lanes":"5","modified_date":"2025-10-28T13:25:31.000Z","number_travel_lanes":"3","physicalid":"79775"}},{"type":"Feature","geometry":{"type":"MultiLineString","coordinates":[[[-74.002559360219,40.716189013861],[-74.002079017019,40.716739136199]]]},"properties":{"rw_type":"1","objectid":"72205","segment_type":null,"street_name":"LAFAYETTE","full_street_name":"LAFAYETTE ST","status":"2","posted_speed":"25","number_total_lanes":"5","modified_date":"2026-08-04T14:35:18.000Z","number_travel_lanes":"3","physicalid":"79776"}},{"type":"Feature","geometry":{"type":"MultiLineString","coordinates":[[[-74.002079017019,40.716739136199],[-74.00158954794,40.717300134643]]]},"properties":{"rw_type":"1","objectid":"72206","segment_type":null,"street_name":"LAFAYETTE","full_street_name":"LAFAYETTE ST","status":"2","posted_speed":"25","number_total_lanes":"5","modified_date":"2026-08-04T14:35:18.000Z","number_travel_lanes":"3","physicalid":"79777"}},{"type":"Feature","geometry":{"type":"MultiLineString","coordinates":[[[-74.000989479869,40.717940142673],[-74.000533254455,40.718438479521]]]},"properties":{"rw_type":"1","objectid":"72207","segment_type":null,"street_name":"LAFAYETTE","full_street_name":"LAFAYETTE ST","status":"2","posted_speed":"25","number_total_lanes":"5","modified_date":"2025-10-28T13:25:31.000Z","number_travel_lanes":"3","physicalid":"79779"}},{"type":"Feature","geometry":{"type":"MultiLineString","coordinates":[[[-74.000533254455,40.718438479521],[-73.999841613441,40.719201221415]]]},"properties":{"rw_type":"1","objectid":"72208","segment_type":null,"street_name":"LAFAYETTE","full_street_name":"LAFAYETTE ST","status":"2","posted_speed":"25","number_total_lanes":"5","modified_date":"2026-08-04T14:35:18.000Z","number_travel_lanes":"3","physicalid":"79780"}},{"type":"Feature","geometry":{"type":"MultiLineString","coordinates":[[[-74.002115857273,40.715167150474],[-74.001314984817,40.714795683649]]]},"properties":{"rw_type":"1","objectid":"72244","segment_type":null,"street_name":"WORTH","full_street_name":"WORTH ST","status":"2","posted_speed":"25","number_total_lanes":"4","modified_date":"2022-02-17T09:10:11.000Z","number_travel_lanes":"2","physicalid":"79827"}},{"type":"Feature","geometry":{"type":"MultiLineString","coordinates":[[[-74.004534801506,40.716288153013],[-74.0030307945,40.715593305802]]]},"properties":{"rw_type":"1","objectid":"72246","segment_type":null,"street_name":"WORTH","full_street_name":"WORTH ST","status":"2","posted_speed":"25","number_total_lanes":"4","modified_date":"2022-02-17T09:10:11.000Z","number_travel_lanes":"2","physicalid":"79829"}},{"type":"Feature","geometry":{"type":"MultiLineString","coordinates":[[[-74.0062503216,40.717083952258],[-74.004534801506,40.716288153013]]]},"properties":{"rw_type":"1","objectid":"72247","segment_type":null,"street_name":"WORTH","full_street_name":"WORTH ST","status":"2","posted_speed":"25","number_total_lanes":"4","modified_date":"2020-03-09T11:37:12.000Z","number_travel_lanes":"2","physicalid":"79830"}},{"type":"Feature","geometry":{"type":"MultiLineString","coordinates":[[[-74.008884356891,40.718274604912],[-74.007537241031,40.717669476987]]]},"properties":{"rw_type":"1","objectid":"72248","segment_type":null,"street_name":"WORTH","full_street_name":"WORTH ST","status":"2","posted_speed":"25","number_total_lanes":"4","modified_date":"2022-02-17T09:10:11.000Z","number_travel_lanes":"2","physicalid":"79832"}},{"type":"Feature","geometry":{"type":"MultiLineString","coordinates":[[[-74.001314984817,40.714795683649],[-74.00074782258,40.714518592962]]]},"properties":{"rw_type":"1","objectid":"72249","segment_type":null,"street_name":"WORTH","full_street_name":"WORTH ST","status":"2","posted_speed":"25","number_total_lanes":"4","modified_date":"2022-02-17T09:10:11.000Z","number_travel_lanes":"2","physicalid":"79833"}},{"type":"Feature","geometry":{"type":"MultiLineString","coordinates":[[[-74.00051115978,40.710992508989],[-74.000435569465,40.711066975738],[-74.000253774229,40.711246068882],[-74.000119717901,40.711378130492],[-73.999702956811,40.711788687481]]]},"properties":{"rw_type":"1","objectid":"72270","segment_type":null,"street_name":"ST JAMES","full_street_name":"ST JAMES PL","status":"2","posted_speed":"25","number_total_lanes":"6","modified_date":"2026-08-04T14:43:05.000Z","number_travel_lanes":"4","physicalid":"79866"}},{"type":"Feature","geometry":{"type":"MultiLineString","coordinates":[[[-73.999702956811,40.711788687481],[-73.998888485312,40.71260680569]]]},"properties":{"rw_type":"1","objectid":"72271","segment_type":null,"street_name":"ST JAMES","full_street_name":"ST JAMES PL","status":"2","posted_speed":"25","number_total_lanes":"4","modified_date":"2019-04-15T15:18:28.000Z","number_travel_lanes":"2","physicalid":"79867"}},{"type":"Feature","geometry":{"type":"MultiLineString","coordinates":[[[-73.998888485312,40.71260680569],[-73.9982268064,40.713251700614]]]},"properties":{"rw_type":"1","objectid":"72272","segment_type":null,"street_name":"ST JAMES","full_street_name":"ST JAMES PL","status":"2","posted_speed":"25","number_total_lanes":"4","modified_date":"2019-04-15T15:26:05.000Z","number_travel_lanes":"2","physicalid":"79868"}},{"type":"Feature","geometry":{"type":"MultiLineString","coordinates":[[[-74.013219419657,40.715216456354],[-74.013379891718,40.71524613347],[-74.013529041118,40.715271094973]]]},"properties":{"rw_type":"1","objectid":"75744","segment_type":null,"street_name":"MURRAY","full_street_name":"MURRAY ST","status":"2","posted_speed":"25","number_total_lanes":"4","modified_date":"2022-05-02T16:08:05.000Z","number_travel_lanes":"4","physicalid":"83691"}},{"type":"Feature","geometry":{"type":"MultiLineString","coordinates":[[[-74.011361284634,40.71493040968],[-74.012074468698,40.715040843376],[-74.013219419657,40.715216456354]]]},"properties":{"rw_type":"1","objectid":"75745","segment_type":null,"street_name":"MURRAY","full_street_name":"MURRAY ST","status":"2","posted_speed":"25","number_total_lanes":"4","modified_date":"2022-05-02T16:20:19.000Z","number_travel_lanes":"2","physicalid":"83692"}},{"type":"Feature","geometry":{"type":"MultiLineString","coordinates":[[[-74.014621174213,40.706148605103],[-74.01456208904,40.706392134738]]]},"properties":{"rw_type":"9","objectid":"80568","segment_type":null,"street_name":"HUGH L CAREY TUNNEL","full_street_name":"HUGH L CAREY TUNNEL EXIT","status":"2","posted_speed":null,"number_total_lanes":"4","modified_date":"2019-04-15T15:17:18.000Z","number_travel_lanes":"4","physicalid":"88986"}},{"type":"Feature","geometry":{"type":"MultiLineString","coordinates":[[[-74.01456208904,40.706392134738],[-74.014561711645,40.706502582681],[-74.014574173828,40.706612622908],[-74.014599377888,40.706721392716],[-74.014637126226,40.706828039365]],[[-74.014637126226,40.706828039365],[-74.014687124337,40.706931727301],[-74.014748978958,40.707031642972],[-74.014822205146,40.707127003053],[-74.014906228803,40.707217059937]]]},"properties":{"rw_type":"9","objectid":"80571","segment_type":null,"street_name":"HUGH L CAREY TUNNEL","full_street_name":"HUGH L CAREY TUNNEL EXIT","status":"2","posted_speed":null,"number_total_lanes":"4","modified_date":"2019-04-15T15:24:55.000Z","number_travel_lanes":"4","physicalid":"88989"}},{"type":"Feature","geometry":{"type":"MultiLineString","coordinates":[[[-74.010402569697,40.718810271858],[-74.01229296323,40.719047188937]]]},"properties":{"rw_type":"1","objectid":"81270","segment_type":null,"street_name":"HARRISON","full_street_name":"HARRISON ST","status":"2","posted_speed":"25","number_total_lanes":"4","modified_date":"2020-11-13T14:43:07.000Z","number_travel_lanes":"2","physicalid":"89776"}},{"type":"Feature","geometry":{"type":"MultiLineString","coordinates":[[[-73.996948601589,40.712079926704],[-73.996900429111,40.711873245834],[-73.996877921649,40.71177668014],[-73.996841448443,40.711620191989],[-73.996820873528,40.711531917582],[-73.996778553104,40.711354495569]]]},"properties":{"rw_type":"1","objectid":"82835","segment_type":null,"street_name":"CATHERINE","full_street_name":"CATHERINE ST","status":"2","posted_speed":"25","number_total_lanes":"4","modified_date":"2020-04-14T15:21:37.000Z","number_travel_lanes":"2","physicalid":"91631"}},{"type":"Feature","geometry":{"type":"MultiLineString","coordinates":[[[-73.996778553104,40.711354495569],[-73.996728007019,40.711180103365],[-73.996493953597,40.710208071578]]]},"properties":{"rw_type":"1","objectid":"82838","segment_type":null,"street_name":"CATHERINE","full_street_name":"CATHERINE ST","status":"2","posted_speed":"25","number_total_lanes":"4","modified_date":"2025-12-17T14:30:22.000Z","number_travel_lanes":"2","physicalid":"91635"}},{"type":"Feature","geometry":{"type":"MultiLineString","coordinates":[[[-73.992538086973,40.712465414457],[-73.992524298262,40.71234358826],[-73.992514527513,40.712257265984],[-73.992491605592,40.712054743937],[-73.9924797125,40.711949662009],[-73.9924584267,40.711761587919]]]},"properties":{"rw_type":"1","objectid":"83324","segment_type":null,"street_name":"PIKE","full_street_name":"PIKE ST","status":"2","posted_speed":"25","number_total_lanes":"4","modified_date":"2025-10-28T13:25:31.000Z","number_travel_lanes":"3","physicalid":"92184"}},{"type":"Feature","geometry":{"type":"MultiLineString","coordinates":[[[-73.992623913999,40.713176823374],[-73.992538086973,40.712465414457]]]},"properties":{"rw_type":"1","objectid":"83325","segment_type":null,"street_name":"PIKE","full_street_name":"PIKE ST","status":"2","posted_speed":"25","number_total_lanes":"4","modified_date":"2024-09-20T09:05:12.000Z","number_travel_lanes":"3","physicalid":"92185"}},{"type":"Feature","geometry":{"type":"MultiLineString","coordinates":[[[-73.992823031344,40.714373470413],[-73.992723960016,40.713852644969]]]},"properties":{"rw_type":"1","objectid":"83327","segment_type":null,"street_name":"PIKE","full_street_name":"PIKE ST","status":"2","posted_speed":"25","number_total_lanes":"4","modified_date":"2024-09-20T09:03:37.000Z","number_travel_lanes":"3","physicalid":"92187"}},{"type":"Feature","geometry":{"type":"MultiLineString","coordinates":[[[-73.9924584267,40.711761587919],[-73.992445631676,40.711684109519],[-73.992435680102,40.711623486365],[-73.992428717599,40.711547707404],[-73.99228540433,40.711052670095],[-73.992239527182,40.710976761183],[-73.992192884102,40.710899934152]]]},"properties":{"rw_type":"1","objectid":"83328","segment_type":null,"street_name":"PIKE","full_street_name":"PIKE ST","status":"2","posted_speed":"25","number_total_lanes":"4","modified_date":"2026-08-04T14:35:18.000Z","number_travel_lanes":"3","physicalid":"92188"}},{"type":"Feature","geometry":{"type":"MultiLineString","coordinates":[[[-74.007667005288,40.712540881615],[-74.009255979918,40.713264045832]]]},"properties":{"rw_type":"1","objectid":"87587","segment_type":null,"street_name":"PARK","full_street_name":"PARK PL","status":"2","posted_speed":"25","number_total_lanes":"4","modified_date":"2022-05-02T16:20:19.000Z","number_travel_lanes":"2","physicalid":"96890"}},{"type":"Feature","geometry":{"type":"MultiLineString","coordinates":[[[-74.001137766538,40.710184203585],[-74.000655370521,40.709850110991]]]},"properties":{"rw_type":"1","objectid":"87601","segment_type":null,"street_name":"R F WAGNER SR","full_street_name":"R F WAGNER SR PL","status":"2","posted_speed":"25","number_total_lanes":"4","modified_date":"2022-09-22T10:12:15.000Z","number_travel_lanes":"2","physicalid":"96908"}},{"type":"Feature","geometry":{"type":"MultiLineString","coordinates":[[[-73.990221422397,40.714413180456],[-73.990190317071,40.714061474046]]]},"properties":{"rw_type":"1","objectid":"87617","segment_type":null,"street_name":"RUTGERS","full_street_name":"RUTGERS ST","status":"2","posted_speed":"25","number_total_lanes":"6","modified_date":"2018-04-19T14:58:59.000Z","number_travel_lanes":"4","physicalid":"96924"}},{"type":"Feature","geometry":{"type":"MultiLineString","coordinates":[[[-73.992192884102,40.710899934152],[-73.992122649718,40.71059134238]]]},"properties":{"rw_type":"1","objectid":"91268","segment_type":null,"street_name":"PIKE","full_street_name":"PIKE SLIP","status":"2","posted_speed":"25","number_total_lanes":"4","modified_date":"2024-09-20T09:04:35.000Z","number_travel_lanes":"3","physicalid":"101010"}},{"type":"Feature","geometry":{"type":"MultiLineString","coordinates":[[[-73.999579633384,40.711800486362],[-73.999138644146,40.711842675764],[-73.99900481361,40.711855478945],[-73.998836100877,40.711871618762],[-73.998679007231,40.711886646924]]]},"properties":{"rw_type":"1","objectid":"99360","segment_type":null,"street_name":"MADISON","full_street_name":"MADISON ST","status":"2","posted_speed":"25","number_total_lanes":"4","modified_date":"2018-04-19T15:17:01.000Z","number_travel_lanes":"2","physicalid":"115331"}},{"type":"Feature","geometry":{"type":"MultiLineString","coordinates":[[[-74.000797677011,40.71062652661],[-74.000659045585,40.710809009839],[-74.00051115978,40.710992508989]]]},"properties":{"rw_type":"1","objectid":"99362","segment_type":null,"street_name":"PEARL","full_street_name":"PEARL ST","status":"2","posted_speed":"25","number_total_lanes":"6","modified_date":"2026-08-04T14:43:05.000Z","number_travel_lanes":"4","physicalid":"115333"}},{"type":"Feature","geometry":{"type":"MultiLineString","coordinates":[[[-73.9940747033,40.713744381687],[-73.994037731316,40.713746646419]]]},"properties":{"rw_type":"1","objectid":"101532","segment_type":null,"street_name":"BROADWAY","full_street_name":"E  BROADWAY","status":"2","posted_speed":"25","number_total_lanes":"4","modified_date":"2025-10-28T13:25:31.000Z","number_travel_lanes":"2","physicalid":"129472"}},{"type":"Feature","geometry":{"type":"MultiLineString","coordinates":[[[-73.993707205854,40.713093509481],[-73.993667334851,40.713096112675]]]},"properties":{"rw_type":"1","objectid":"101535","segment_type":null,"street_name":"HENRY","full_street_name":"HENRY ST","status":"2","posted_speed":"25","number_total_lanes":"4","modified_date":"2024-04-10T13:15:28.000Z","number_travel_lanes":"2","physicalid":"129475"}},{"type":"Feature","geometry":{"type":"MultiLineString","coordinates":[[[-73.993667334851,40.713096112675],[-73.99361514473,40.713099519805]]]},"properties":{"rw_type":"1","objectid":"101536","segment_type":null,"street_name":"HENRY","full_street_name":"HENRY ST","status":"2","posted_speed":"25","number_total_lanes":"4","modified_date":"2024-04-10T13:15:28.000Z","number_travel_lanes":"2","physicalid":"129476"}},{"type":"Feature","geometry":{"type":"MultiLineString","coordinates":[[[-73.993366003443,40.712399232321],[-73.993274581584,40.712406540744]]]},"properties":{"rw_type":"1","objectid":"101538","segment_type":null,"street_name":"MADISON","full_street_name":"MADISON ST","status":"2","posted_speed":"25","number_total_lanes":"4","modified_date":"2018-04-19T15:17:01.000Z","number_travel_lanes":"2","physicalid":"129480"}},{"type":"Feature","geometry":{"type":"MultiLineString","coordinates":[[[-73.993274581584,40.712406540744],[-73.992538086973,40.712465414457]]]},"properties":{"rw_type":"1","objectid":"101539","segment_type":null,"street_name":"MADISON","full_street_name":"MADISON ST","status":"2","posted_speed":"25","number_total_lanes":"4","modified_date":"2018-04-19T15:17:01.000Z","number_travel_lanes":"2","physicalid":"129481"}},{"type":"Feature","geometry":{"type":"MultiLineString","coordinates":[[[-74.006070476538,40.712016667969],[-74.006036767589,40.711914427838]]]},"properties":{"rw_type":"1","objectid":"101642","segment_type":null,"street_name":"SPRUCE","full_street_name":"SPRUCE ST","status":"2","posted_speed":"25","number_total_lanes":"4","modified_date":"2018-04-19T15:18:04.000Z","number_travel_lanes":"4","physicalid":"129837"}},{"type":"Feature","geometry":{"type":"MultiLineString","coordinates":[[[-73.994436905032,40.713713490523],[-73.994368250847,40.713720325972]]]},"properties":{"rw_type":"1","objectid":"101695","segment_type":null,"street_name":"BROADWAY","full_street_name":"E  BROADWAY","status":"2","posted_speed":"25","number_total_lanes":"4","modified_date":"2025-10-28T13:25:31.000Z","number_travel_lanes":"2","physicalid":"130178"}},{"type":"Feature","geometry":{"type":"MultiLineString","coordinates":[[[-73.994119735156,40.713060014493],[-73.994058007636,40.713065504535]]]},"properties":{"rw_type":"1","objectid":"101697","segment_type":null,"street_name":"HENRY","full_street_name":"HENRY ST","status":"2","posted_speed":"25","number_total_lanes":"4","modified_date":"2024-04-10T13:15:28.000Z","number_travel_lanes":"2","physicalid":"130190"}},{"type":"Feature","geometry":{"type":"MultiLineString","coordinates":[[[-73.994058007636,40.713065504535],[-73.994002158961,40.713070471998]]]},"properties":{"rw_type":"1","objectid":"101698","segment_type":null,"street_name":"HENRY","full_street_name":"HENRY ST","status":"2","posted_speed":"25","number_total_lanes":"4","modified_date":"2024-04-10T13:15:28.000Z","number_travel_lanes":"2","physicalid":"130191"}},{"type":"Feature","geometry":{"type":"MultiLineString","coordinates":[[[-73.99368000748,40.712373596906],[-73.993607698454,40.712379641812]]]},"properties":{"rw_type":"1","objectid":"101701","segment_type":null,"street_name":"MADISON","full_street_name":"MADISON ST","status":"2","posted_speed":"25","number_total_lanes":"4","modified_date":"2020-03-27T12:14:42.000Z","number_travel_lanes":"2","physicalid":"130196"}},{"type":"Feature","geometry":{"type":"MultiLineString","coordinates":[[[-73.994144239666,40.710566899939],[-73.992789693663,40.710774614928]]]},"properties":{"rw_type":"1","objectid":"101707","segment_type":null,"street_name":"CHERRY","full_street_name":"CHERRY ST","status":"2","posted_speed":"25","number_total_lanes":"4","modified_date":"2021-01-11T08:13:30.000Z","number_travel_lanes":"2","physicalid":"130205"}},{"type":"Feature","geometry":{"type":"MultiLineString","coordinates":[[[-73.994023095271,40.709493247819],[-73.992221398266,40.709752972012]]]},"properties":{"rw_type":"1","objectid":"101711","segment_type":null,"street_name":"SOUTH","full_street_name":"SOUTH ST","status":"2","posted_speed":"25","number_total_lanes":"6","modified_date":"2019-04-15T15:16:42.000Z","number_travel_lanes":"4","physicalid":"130209"}},{"type":"Feature","geometry":{"type":"MultiLineString","coordinates":[[[-73.992221398266,40.709752972012],[-73.992175277338,40.709762835226]]]},"properties":{"rw_type":"1","objectid":"101712","segment_type":null,"street_name":"SOUTH","full_street_name":"SOUTH ST","status":"2","posted_speed":"25","number_total_lanes":"6","modified_date":"2019-04-15T15:21:08.000Z","number_travel_lanes":"4","physicalid":"130210"}},{"type":"Feature","geometry":{"type":"MultiLineString","coordinates":[[[-73.992122649718,40.71059134238],[-73.992076249004,40.710238375787]]]},"properties":{"rw_type":"1","objectid":"101883","segment_type":null,"street_name":"PIKE","full_street_name":"PIKE SLIP","status":"2","posted_speed":"25","number_total_lanes":"4","modified_date":"2024-09-20T09:02:50.000Z","number_travel_lanes":"3","physicalid":"131151"}},{"type":"Feature","geometry":{"type":"MultiLineString","coordinates":[[[-73.991835779722,40.709827567231],[-73.991780781785,40.709834795295]]]},"properties":{"rw_type":"1","objectid":"101885","segment_type":null,"street_name":"SOUTH","full_street_name":"SOUTH ST","status":"2","posted_speed":"25","number_total_lanes":"6","modified_date":"2022-05-02T16:20:19.000Z","number_travel_lanes":"4","physicalid":"131155"}},{"type":"Feature","geometry":{"type":"MultiLineString","coordinates":[[[-74.013983444954,40.713799282489],[-74.01409767396,40.713849569031]]]},"properties":{"rw_type":"1","objectid":"102159","segment_type":null,"street_name":"VESEY","full_street_name":"VESEY ST","status":"2","posted_speed":"25","number_total_lanes":"4","modified_date":"2022-05-02T16:20:19.000Z","number_travel_lanes":"4","physicalid":"131917"}},{"type":"Feature","geometry":{"type":"MultiLineString","coordinates":[[[-74.013692425808,40.715297257936],[-74.014290192348,40.715392976845]]]},"properties":{"rw_type":"1","objectid":"102163","segment_type":null,"street_name":"MURRAY","full_street_name":"MURRAY ST","status":"2","posted_speed":"25","number_total_lanes":"4","modified_date":"2017-03-17T10:05:17.000Z","number_travel_lanes":"2","physicalid":"131932"}},{"type":"Feature","geometry":{"type":"MultiLineString","coordinates":[[[-74.013337353536,40.716574574178],[-74.014296986847,40.717000153404]]]},"properties":{"rw_type":"1","objectid":"102165","segment_type":null,"street_name":"WARREN","full_street_name":"WARREN ST","status":"2","posted_speed":"25","number_total_lanes":"4","modified_date":"2025-05-01T14:59:48.000Z","number_travel_lanes":"2","physicalid":"131937"}},{"type":"Feature","geometry":{"type":"MultiLineString","coordinates":[[[-74.001472702027,40.709754793587],[-74.001420646196,40.709823035051]]]},"properties":{"rw_type":"1","objectid":"102646","segment_type":null,"street_name":"PEARL","full_street_name":"PEARL ST","status":"2","posted_speed":"25","number_total_lanes":"4","modified_date":"2026-08-04T14:43:05.000Z","number_travel_lanes":"4","physicalid":"133535"}},{"type":"Feature","geometry":{"type":"MultiLineString","coordinates":[[[-73.997445784322,40.714075113542],[-73.99609129387,40.714142355721],[-73.995105130871,40.714201596113],[-73.994841785978,40.714217591989]]]},"properties":{"rw_type":"1","objectid":"103553","segment_type":null,"street_name":"DIVISION","full_street_name":"DIVISION ST","status":"2","posted_speed":"25","number_total_lanes":"5","modified_date":"2022-05-18T06:50:49.000Z","number_travel_lanes":"3","physicalid":"140869"}},{"type":"Feature","geometry":{"type":"MultiLineString","coordinates":[[[-73.998037271345,40.713765075764],[-73.998020914034,40.713723480715],[-73.997995688542,40.713686981009]]]},"properties":{"rw_type":"1","objectid":"103555","segment_type":null,"street_name":"BROADWAY","full_street_name":"E  BROADWAY","status":"2","posted_speed":"25","number_total_lanes":"4","modified_date":"2025-08-25T11:36:47.000Z","number_travel_lanes":"4","physicalid":"140885"}},{"type":"Feature","geometry":{"type":"MultiLineString","coordinates":[[[-73.996150590077,40.716093081496],[-73.996060025123,40.716239880432]]]},"properties":{"rw_type":"1","objectid":"103575","segment_type":null,"street_name":"BOWERY","full_street_name":"BOWERY","status":"2","posted_speed":"25","number_total_lanes":"4","modified_date":"2024-04-21T22:21:10.000Z","number_travel_lanes":"4","physicalid":"140968"}},{"type":"Feature","geometry":{"type":"MultiLineString","coordinates":[[[-74.008602155465,40.711400479061],[-74.008377585855,40.711664685243],[-74.008101120099,40.712002643384]]]},"properties":{"rw_type":"1","objectid":"103747","segment_type":null,"street_name":"BROADWAY","full_street_name":"BROADWAY","status":"2","posted_speed":"25","number_total_lanes":"5","modified_date":"2026-08-14T09:59:09.000Z","number_travel_lanes":"4","physicalid":"142425"}},{"type":"Feature","geometry":{"type":"MultiLineString","coordinates":[[[-74.010561847621,40.713854515092],[-74.010280849174,40.714203127973],[-74.010129409007,40.714391006138]]]},"properties":{"rw_type":"1","objectid":"104261","segment_type":null,"street_name":"BROADWAY","full_street_name":"W  BROADWAY","status":"2","posted_speed":"25","number_total_lanes":"4","modified_date":"2024-09-23T14:48:37.000Z","number_travel_lanes":"2","physicalid":"145506"}},{"type":"Feature","geometry":{"type":"MultiLineString","coordinates":[[[-74.001885362827,40.71940581094],[-74.001525237002,40.71982898088],[-74.001425809712,40.71994543894]]]},"properties":{"rw_type":"1","objectid":"104280","segment_type":null,"street_name":"BROADWAY","full_street_name":"BROADWAY","status":"2","posted_speed":"25","number_total_lanes":"4","modified_date":"2019-04-15T15:19:39.000Z","number_travel_lanes":"2","physicalid":"145587"}},{"type":"Feature","geometry":{"type":"MultiLineString","coordinates":[[[-74.001274033574,40.71896966653],[-74.001401856384,40.7190608608],[-74.001885362827,40.71940581094]]]},"properties":{"rw_type":"1","objectid":"104282","segment_type":null,"street_name":"CANAL","full_street_name":"CANAL ST","status":"2","posted_speed":"25","number_total_lanes":"6","modified_date":"2019-04-15T15:18:11.000Z","number_travel_lanes":"5","physicalid":"145603"}},{"type":"Feature","geometry":{"type":"MultiLineString","coordinates":[[[-74.01409767396,40.713849569031],[-74.014407391779,40.713985914054]]]},"properties":{"rw_type":"1","objectid":"104631","segment_type":null,"street_name":"VESEY","full_street_name":"VESEY ST","status":"2","posted_speed":"25","number_total_lanes":"4","modified_date":"2018-04-19T15:17:43.000Z","number_travel_lanes":"4","physicalid":"146698"}},{"type":"Feature","geometry":{"type":"MultiLineString","coordinates":[[[-74.013160748438,40.717319433702],[-74.013333172287,40.717398174786]]]},"properties":{"rw_type":"1","objectid":"104639","segment_type":null,"street_name":"CHAMBERS","full_street_name":"CHAMBERS ST","status":"2","posted_speed":"25","number_total_lanes":"4","modified_date":"2022-11-30T09:16:35.000Z","number_travel_lanes":"2","physicalid":"146743"}},{"type":"Feature","geometry":{"type":"MultiLineString","coordinates":[[[-74.013333172287,40.717398174786],[-74.01382784696,40.717623970651]]]},"properties":{"rw_type":"1","objectid":"104640","segment_type":null,"street_name":"CHAMBERS","full_street_name":"CHAMBERS ST","status":"2","posted_speed":"25","number_total_lanes":"4","modified_date":"2022-11-30T09:16:35.000Z","number_travel_lanes":"2","physicalid":"146744"}},{"type":"Feature","geometry":{"type":"MultiLineString","coordinates":[[[-74.007537241031,40.717669476987],[-74.007267875079,40.718001278794],[-74.007053264605,40.718277279945]]]},"properties":{"rw_type":"1","objectid":"105016","segment_type":null,"street_name":"BROADWAY","full_street_name":"W  BROADWAY","status":"2","posted_speed":"25","number_total_lanes":"4","modified_date":"2026-08-04T14:35:18.000Z","number_travel_lanes":"2","physicalid":"148468"}},{"type":"Feature","geometry":{"type":"MultiLineString","coordinates":[[[-74.003095041215,40.713966018313],[-74.002834513553,40.714152569992],[-74.002599337363,40.714320966783]]]},"properties":{"rw_type":"1","objectid":"105024","segment_type":null,"street_name":"CENTRE","full_street_name":"CENTRE ST","status":"2","posted_speed":"25","number_total_lanes":"4","modified_date":"2026-08-04T14:35:18.000Z","number_travel_lanes":"2","physicalid":"148484"}},{"type":"Feature","geometry":{"type":"MultiLineString","coordinates":[[[-73.992014822614,40.709790330647],[-73.991910805136,40.709815183733]]]},"properties":{"rw_type":"1","objectid":"108383","segment_type":null,"street_name":"SOUTH","full_street_name":"SOUTH ST","status":"2","posted_speed":"25","number_total_lanes":"6","modified_date":"2022-05-02T16:20:19.000Z","number_travel_lanes":"4","physicalid":"165571"}},{"type":"Feature","geometry":{"type":"MultiLineString","coordinates":[[[-73.992076249004,40.710238375787],[-73.992050960276,40.710063389355]]]},"properties":{"rw_type":"1","objectid":"108389","segment_type":null,"street_name":"PIKE","full_street_name":"PIKE SLIP","status":"2","posted_speed":"25","number_total_lanes":"4","modified_date":"2024-09-20T09:05:03.000Z","number_travel_lanes":"3","physicalid":"165577"}},{"type":"Feature","geometry":{"type":"MultiLineString","coordinates":[[[-73.996386894742,40.709758946488],[-73.99637622391,40.709714996433],[-73.99633743543,40.709555231847],[-73.996321157676,40.709494236734],[-73.996258548417,40.709279800066],[-73.996062641273,40.709212808003]]]},"properties":{"rw_type":"1","objectid":"108582","segment_type":null,"street_name":"CATHERINE","full_street_name":"CATHERINE SLIP","status":"2","posted_speed":"25","number_total_lanes":"4","modified_date":"2020-04-14T12:43:40.000Z","number_travel_lanes":"2","physicalid":"166349"}},{"type":"Feature","geometry":{"type":"MultiLineString","coordinates":[[[-74.001700822841,40.707755714864],[-74.00158235291,40.707815743361],[-74.001458495622,40.707878500821]]]},"properties":{"rw_type":"6","objectid":"108589","segment_type":null,"street_name":"FRONT","full_street_name":"FRONT ST","status":"2","posted_speed":"25","number_total_lanes":"4","modified_date":"2021-10-14T11:21:09.000Z","number_travel_lanes":"4","physicalid":"166364"}},{"type":"Feature","geometry":{"type":"MultiLineString","coordinates":[[[-73.992050960276,40.710063389355],[-73.992014822614,40.709790330647]]]},"properties":{"rw_type":"1","objectid":"108618","segment_type":null,"street_name":"PIKE","full_street_name":"PIKE SLIP","status":"2","posted_speed":"25","number_total_lanes":"4","modified_date":"2024-09-20T09:04:06.000Z","number_travel_lanes":"3","physicalid":"166414"}},{"type":"Feature","geometry":{"type":"MultiLineString","coordinates":[[[-73.992049415699,40.709784410959],[-73.992014822614,40.709790330647]]]},"properties":{"rw_type":"1","objectid":"108619","segment_type":null,"street_name":"SOUTH","full_street_name":"SOUTH ST","status":"2","posted_speed":"25","number_total_lanes":"6","modified_date":"2022-05-02T16:20:19.000Z","number_travel_lanes":"4","physicalid":"166416"}},{"type":"Feature","geometry":{"type":"MultiLineString","coordinates":[[[-73.999558102928,40.713933460745],[-73.999452838464,40.713884057261],[-73.998631564462,40.713515002424]]]},"properties":{"rw_type":"1","objectid":"108804","segment_type":null,"street_name":"WORTH","full_street_name":"WORTH ST","status":"2","posted_speed":"25","number_total_lanes":"4","modified_date":"2026-05-26T13:52:12.000Z","number_travel_lanes":"4","physicalid":"166808"}},{"type":"Feature","geometry":{"type":"MultiLineString","coordinates":[[[-73.996493953597,40.710208071578],[-73.996425086258,40.70990500196],[-73.996407555177,40.709844959716],[-73.996386894742,40.709758946488]]]},"properties":{"rw_type":"1","objectid":"109133","segment_type":null,"street_name":"CATHERINE","full_street_name":"CATHERINE SLIP","status":"2","posted_speed":"25","number_total_lanes":"4","modified_date":"2020-04-14T15:21:37.000Z","number_travel_lanes":"2","physicalid":"167423"}},{"type":"Feature","geometry":{"type":"MultiLineString","coordinates":[[[-74.007225804396,40.713063512303],[-74.007025206743,40.713303272596],[-74.006783249847,40.713614392088]]]},"properties":{"rw_type":"1","objectid":"111083","segment_type":null,"street_name":"BROADWAY","full_street_name":"BROADWAY","status":"2","posted_speed":"25","number_total_lanes":"5","modified_date":"2023-04-18T08:15:53.000Z","number_travel_lanes":"4","physicalid":"171872"}},{"type":"Feature","geometry":{"type":"MultiLineString","coordinates":[[[-74.003536106624,40.717455193362],[-74.003390250296,40.717627468167],[-74.003046634579,40.718034056983]]]},"properties":{"rw_type":"1","objectid":"111192","segment_type":null,"street_name":"BROADWAY","full_street_name":"BROADWAY","status":"2","posted_speed":"25","number_total_lanes":"4","modified_date":"2024-04-08T09:04:07.000Z","number_travel_lanes":"2","physicalid":"172073"}},{"type":"Feature","geometry":{"type":"MultiLineString","coordinates":[[[-73.992469573795,40.713865064646],[-73.991232261006,40.713971512849],[-73.99106464518,40.713985932414],[-73.990190317071,40.714061474046]]]},"properties":{"rw_type":"1","objectid":"111326","segment_type":null,"street_name":"BROADWAY","full_street_name":"E  BROADWAY","status":"2","posted_speed":"25","number_total_lanes":"4","modified_date":"2018-04-19T15:18:25.000Z","number_travel_lanes":"2","physicalid":"172323"}},{"type":"Feature","geometry":{"type":"MultiLineString","coordinates":[[[-74.00158954794,40.717300134643],[-74.001337210528,40.717559139458],[-74.000989479869,40.717940142673]]]},"properties":{"rw_type":"1","objectid":"112891","segment_type":null,"street_name":"LAFAYETTE","full_street_name":"LAFAYETTE ST","status":"2","posted_speed":"25","number_total_lanes":"5","modified_date":"2026-08-04T14:35:18.000Z","number_travel_lanes":"3","physicalid":"176506"}},{"type":"Feature","geometry":{"type":"MultiLineString","coordinates":[[[-73.998486544342,40.713565816068],[-73.998037271345,40.713765075764]]]},"properties":{"rw_type":"1","objectid":"115126","segment_type":null,"street_name":"CHATHAM","full_street_name":"CHATHAM SQ","status":"2","posted_speed":"25","number_total_lanes":"4","modified_date":"2020-04-14T15:13:10.000Z","number_travel_lanes":"3","physicalid":"182263"}},{"type":"Feature","geometry":{"type":"MultiLineString","coordinates":[[[-74.008943737175,40.717933081862],[-74.008918353271,40.718079074294],[-74.008884356891,40.718274604912]]]},"properties":{"rw_type":"1","objectid":"115471","segment_type":null,"street_name":"HUDSON","full_street_name":"HUDSON ST","status":"2","posted_speed":"25","number_total_lanes":"5","modified_date":"2018-04-02T14:33:48.000Z","number_travel_lanes":"3","physicalid":"183412"}},{"type":"Feature","geometry":{"type":"MultiLineString","coordinates":[[[-73.994868562461,40.716186770706],[-73.994456039931,40.716983092271]]]},"properties":{"rw_type":"1","objectid":"117407","segment_type":null,"street_name":"CHRYSTIE","full_street_name":"CHRYSTIE ST","status":"2","posted_speed":"25","number_total_lanes":"5","modified_date":"2026-08-04T14:35:18.000Z","number_travel_lanes":"3","physicalid":"189007"}},{"type":"Feature","geometry":{"type":"MultiLineString","coordinates":[[[-73.994619280211,40.715748454949],[-73.994638634602,40.715750317879],[-73.994658128644,40.71575089196],[-73.994677614375,40.715750172836],[-73.994696943897,40.715748165964],[-73.994715970497,40.715744886577],[-73.994734549761,40.715740359565],[-73.994752540671,40.715734619289],[-73.994769806674,40.715727709317]],[[-73.994769806674,40.715727709317],[-73.994786216661,40.715719682026],[-73.99480164613,40.715710598419],[-73.994815977972,40.715700527441],[-73.994829103406,40.715689545531],[-73.994840922809,40.715677736043],[-73.994851346471,40.71566518861],[-73.994860295276,40.715651998468],[-73.994867701302,40.715638265731]]]},"properties":{"rw_type":"9","objectid":"117410","segment_type":null,"street_name":"MANHATTAN","full_street_name":"MANHATTAN BRG","status":"2","posted_speed":"25","number_total_lanes":"4","modified_date":"2023-10-16T12:10:12.000Z","number_travel_lanes":"3","physicalid":"189012"}},{"type":"Feature","geometry":{"type":"MultiLineString","coordinates":[[[-74.005149032212,40.709433763539],[-74.004989093816,40.709550693088],[-74.004827381626,40.709668919147]]]},"properties":{"rw_type":"1","objectid":"117674","segment_type":null,"street_name":"GOLD","full_street_name":"GOLD ST","status":"2","posted_speed":"25","number_total_lanes":"4","modified_date":"2024-05-10T11:31:21.000Z","number_travel_lanes":"2","physicalid":"189761"}},{"type":"Feature","geometry":{"type":"MultiLineString","coordinates":[[[-74.010402569697,40.718810271858],[-74.010314503279,40.719340757931],[-74.010294836007,40.719459225131]]]},"properties":{"rw_type":"1","objectid":"117679","segment_type":null,"street_name":"GREENWICH","full_street_name":"GREENWICH ST","status":"2","posted_speed":"25","number_total_lanes":"4","modified_date":"2022-12-08T15:51:43.000Z","number_travel_lanes":"2","physicalid":"189766"}},{"type":"Feature","geometry":{"type":"MultiLineString","coordinates":[[[-74.009240376263,40.715528408001],[-74.008998495456,40.715815586757],[-74.008824585536,40.716022063926]]]},"properties":{"rw_type":"1","objectid":"117959","segment_type":null,"street_name":"BROADWAY","full_street_name":"W  BROADWAY","status":"2","posted_speed":"25","number_total_lanes":"4","modified_date":"2026-08-04T14:35:18.000Z","number_travel_lanes":"2","physicalid":"190256"}},{"type":"Feature","geometry":{"type":"MultiLineString","coordinates":[[[-74.007940735565,40.714935212698],[-74.007743248659,40.715187691608],[-74.007545060654,40.71544106481]]]},"properties":{"rw_type":"1","objectid":"117960","segment_type":null,"street_name":"CHURCH","full_street_name":"CHURCH ST","status":"2","posted_speed":"25","number_total_lanes":"5","modified_date":"2025-10-28T13:25:31.000Z","number_travel_lanes":"3","physicalid":"190257"}},{"type":"Feature","geometry":{"type":"MultiLineString","coordinates":[[[-74.007537241031,40.717669476987],[-74.006858643403,40.717360731015],[-74.0062503216,40.717083952258]]]},"properties":{"rw_type":"1","objectid":"118587","segment_type":null,"street_name":"WORTH","full_street_name":"WORTH ST","status":"2","posted_speed":"25","number_total_lanes":"4","modified_date":"2021-03-26T15:30:55.000Z","number_travel_lanes":"2","physicalid":"191133"}},{"type":"Feature","geometry":{"type":"MultiLineString","coordinates":[[[-74.003403412764,40.708091913356],[-74.002902148553,40.708516498719],[-74.00250383902,40.708853868096]]]},"properties":{"rw_type":"1","objectid":"118941","segment_type":null,"street_name":"PEARL","full_street_name":"PEARL ST","status":"2","posted_speed":"25","number_total_lanes":"6","modified_date":"2021-05-05T10:16:00.000Z","number_travel_lanes":"4","physicalid":"191781"}},{"type":"Feature","geometry":{"type":"MultiLineString","coordinates":[[[-74.00250383902,40.708853868096],[-74.002149503105,40.709140230978],[-74.001665967749,40.709531002264]]]},"properties":{"rw_type":"1","objectid":"118942","segment_type":null,"street_name":"PEARL","full_street_name":"PEARL ST","status":"2","posted_speed":"25","number_total_lanes":"6","modified_date":"2025-07-02T09:29:54.000Z","number_travel_lanes":"4","physicalid":"191782"}},{"type":"Feature","geometry":{"type":"MultiLineString","coordinates":[[[-73.991978044985,40.710919505474],[-73.991918202437,40.710605745255],[-73.991854841066,40.710254132843],[-73.991822119572,40.710072548452],[-73.991780781785,40.709834795295]]]},"properties":{"rw_type":"1","objectid":"119931","segment_type":null,"street_name":"PIKE","full_street_name":"PIKE SLIP","status":"2","posted_speed":"25","number_total_lanes":"4","modified_date":"2024-09-20T09:03:59.000Z","number_travel_lanes":"3","physicalid":"193940"}},{"type":"Feature","geometry":{"type":"MultiLineString","coordinates":[[[-74.013529041118,40.715271094973],[-74.013408728506,40.715745813381],[-74.013308913321,40.716138159964],[-74.013209097841,40.716530504931]]]},"properties":{"rw_type":"2","objectid":"126745","segment_type":null,"street_name":"WEST","full_street_name":"WEST ST","status":"2","posted_speed":"30","number_total_lanes":"4","modified_date":"2020-01-09T10:13:22.000Z","number_travel_lanes":"4","physicalid":"293"}},{"type":"Feature","geometry":{"type":"MultiLineString","coordinates":[[[-74.013725454358,40.713686548789],[-74.013440278462,40.714438658252]]]},"properties":{"rw_type":"2","objectid":"126966","segment_type":null,"street_name":"WEST","full_street_name":"WEST ST","status":"2","posted_speed":"30","number_total_lanes":"5","modified_date":"2020-01-09T10:13:59.000Z","number_travel_lanes":"4","physicalid":"259"}},{"type":"Feature","geometry":{"type":"MultiLineString","coordinates":[[[-74.012689364841,40.717306334934],[-74.012326740477,40.718880694116],[-74.01229296323,40.719047188937]]]},"properties":{"rw_type":"2","objectid":"127617","segment_type":null,"street_name":"WEST","full_street_name":"WEST ST","status":"2","posted_speed":"30","number_total_lanes":"4","modified_date":"2023-04-04T14:43:12.000Z","number_travel_lanes":"4","physicalid":"123275"}},{"type":"Feature","geometry":{"type":"MultiLineString","coordinates":[[[-74.013037170641,40.717262999577],[-74.012960453335,40.717438436375]]]},"properties":{"rw_type":"2","objectid":"127634","segment_type":null,"street_name":"WEST","full_street_name":"WEST ST","status":"2","posted_speed":"30","number_total_lanes":"6","modified_date":"2026-06-03T14:02:10.000Z","number_travel_lanes":"6","physicalid":"296"}},{"type":"Feature","geometry":{"type":"MultiLineString","coordinates":[[[-74.013219419657,40.715216456354],[-74.013103670878,40.715627386199],[-74.013026269985,40.715960375701],[-74.012922581193,40.716406456131]]]},"properties":{"rw_type":"2","objectid":"127895","segment_type":null,"street_name":"WEST","full_street_name":"WEST ST","status":"2","posted_speed":"30","number_total_lanes":"5","modified_date":"2022-03-23T14:11:14.000Z","number_travel_lanes":"4","physicalid":"109879"}},{"type":"Feature","geometry":{"type":"MultiLineString","coordinates":[[[-74.013983444954,40.713799282489],[-74.013712641747,40.714553942806]]]},"properties":{"rw_type":"2","objectid":"128449","segment_type":null,"street_name":"WEST","full_street_name":"WEST ST","status":"2","posted_speed":"30","number_total_lanes":"4","modified_date":"2020-01-09T10:13:22.000Z","number_travel_lanes":"4","physicalid":"263"}},{"type":"Feature","geometry":{"type":"MultiLineString","coordinates":[[[-74.013712641747,40.714553942806],[-74.013566281612,40.715134420098],[-74.013529041118,40.715271094973]]]},"properties":{"rw_type":"2","objectid":"128860","segment_type":null,"street_name":"WEST","full_street_name":"WEST ST","status":"2","posted_speed":"30","number_total_lanes":"4","modified_date":"2020-01-09T10:13:22.000Z","number_travel_lanes":"4","physicalid":"292"}},{"type":"Feature","geometry":{"type":"MultiLineString","coordinates":[[[-74.012922581193,40.716406456131],[-74.012731972486,40.717121869543]]]},"properties":{"rw_type":"2","objectid":"129074","segment_type":null,"street_name":"WEST","full_street_name":"WEST ST","status":"2","posted_speed":"30","number_total_lanes":"5","modified_date":"2020-01-09T10:13:22.000Z","number_travel_lanes":"4","physicalid":"256"}},{"type":"Feature","geometry":{"type":"MultiLineString","coordinates":[[[-74.013440278462,40.714438658252],[-74.013256647697,40.715072794533],[-74.013219419657,40.715216456354]]]},"properties":{"rw_type":"2","objectid":"129216","segment_type":null,"street_name":"WEST","full_street_name":"WEST ST","status":"2","posted_speed":"30","number_total_lanes":"4","modified_date":"2024-04-21T22:21:10.000Z","number_travel_lanes":"4","physicalid":"258"}},{"type":"Feature","geometry":{"type":"MultiLineString","coordinates":[[[-74.012960453335,40.717438436375],[-74.012595839801,40.718918474623],[-74.012555992116,40.719078103259]]]},"properties":{"rw_type":"2","objectid":"129449","segment_type":null,"street_name":"WEST","full_street_name":"WEST ST","status":"2","posted_speed":"30","number_total_lanes":"6","modified_date":"2026-06-03T14:02:10.000Z","number_travel_lanes":"6","physicalid":"297"}},{"type":"Feature","geometry":{"type":"MultiLineString","coordinates":[[[-74.013209097841,40.716530504931],[-74.013037170641,40.717262999577]]]},"properties":{"rw_type":"2","objectid":"130199","segment_type":null,"street_name":"WEST","full_street_name":"WEST ST","status":"2","posted_speed":"30","number_total_lanes":"4","modified_date":"2020-01-09T10:13:22.000Z","number_travel_lanes":"4","physicalid":"295"}},{"type":"Feature","geometry":{"type":"MultiLineString","coordinates":[[[-74.012731972486,40.717121869543],[-74.012689364841,40.717306334934]]]},"properties":{"rw_type":"2","objectid":"130321","segment_type":null,"street_name":"WEST","full_street_name":"WEST ST","status":"2","posted_speed":"30","number_total_lanes":"4","modified_date":"2020-01-09T10:13:22.000Z","number_travel_lanes":"4","physicalid":"255"}},{"type":"Feature","geometry":{"type":"MultiLineString","coordinates":[[[-74.000455929644,40.714373287808],[-74.000222357345,40.714258867084],[-73.999883456886,40.714092846517],[-73.999558102928,40.713933460745]]]},"properties":{"rw_type":"1","objectid":"131508","segment_type":null,"street_name":"WORTH","full_street_name":"WORTH ST","status":"2","posted_speed":"25","number_total_lanes":"4","modified_date":"2026-05-26T13:52:12.000Z","number_travel_lanes":"4","physicalid":"199717"}},{"type":"Feature","geometry":{"type":"MultiLineString","coordinates":[[[-74.01464918992,40.711099153698],[-74.014820420683,40.711178741964]]]},"properties":{"rw_type":"1","objectid":"133818","segment_type":null,"street_name":"LIBERTY","full_street_name":"LIBERTY ST","status":"2","posted_speed":"25","number_total_lanes":"4","modified_date":"2025-10-17T11:38:00.000Z","number_travel_lanes":"2","physicalid":"205116"}},{"type":"Feature","geometry":{"type":"MultiLineString","coordinates":[[[-73.994273302279,40.715629104813],[-73.994141332346,40.715888862418],[-73.993700847435,40.716755858146]]]},"properties":{"rw_type":"1","objectid":"134237","segment_type":null,"street_name":"FORSYTH","full_street_name":"FORSYTH ST","status":"2","posted_speed":"25","number_total_lanes":"4","modified_date":"2025-09-22T11:28:50.000Z","number_travel_lanes":"2","physicalid":"206056"}}], "crs" : { "type": "name", "properties": { "name": "urn:ogc:def:crs:OGC:1.3:CRS84" } } }